global_node_index,track_id,artist_id,q_x,q_y,q_z,domain_id,sign
0,track_0000950,artist_000087,-0.02158963164448382,0.002419791621256781,0.012511728164727919,1,-1
1,track_0002165,artist_000326,-0.01119217731371298,-0.015459487958755702,-0.016628617401058445,1,-1
2,track_0003350,artist_000517,-0.009113324266175211,0.016908063351303262,-0.006342698316945995,1,-1
3,track_0004638,artist_000087,0.040846603592262686,0.004313986434698029,0.03193227812297095,2,1
4,track_0005638,artist_000811,-0.02583646330578939,0.025051346096450332,0.016510678874824748,1,-1
5,track_0005642,artist_000811,-0.01052329445996245,-0.0126546256693187,-0.010588356135727058,1,-1
6,track_0006250,artist_000811,0.03465515404561099,0.01337793479419043,0.01557554700477418,2,1
7,track_0006254,artist_000811,0.03804417763882336,-0.012408872875906338,0.022389564246832062,2,1
8,track_0006257,artist_000811,-0.002095395495733347,0.0070161513155243,-0.006249084529023003,1,-1
9,track_0006726,artist_000937,-0.004579357871117699,-0.03326193694420981,-0.028949930917424555,1,-1
10,track_0007359,artist_000937,0.004265746040998927,-0.007269152516231436,-0.01589592436871556,2,1
11,track_0011750,artist_000696,0.011896564150846618,-0.02670891674939733,-0.013423532470199673,2,1
12,track_0011765,artist_000696,0.018396347098620827,0.030894102422025754,0.0005150391393264252,2,1
13,track_0011773,artist_000696,-0.007907813619857729,-0.02373415176901688,0.008035267866765049,1,-1
14,track_0011842,artist_001780,0.005941240370005671,-0.02905366678492548,-0.04196561704323538,2,1
15,track_0013826,artist_002023,0.008674692865987215,-0.033959192640309326,-0.021286045772982497,2,1
16,track_0014013,artist_002054,0.001476586457776994,0.0005462702683820756,-0.00452614167047674,2,1
17,track_0014026,artist_002054,0.020234767040898417,-0.007479572716595177,-0.0051245578490585215,2,1
18,track_0015159,artist_002208,-0.00913324787432059,-0.02734571889154987,-0.015530339484111474,1,-1
19,track_0016038,artist_002323,-0.042308178102967525,-0.0018169426060246035,0.05866072315575295,1,-1
20,track_0016659,artist_002455,-0.018340571237365856,0.000991631289882479,-0.024412510631998487,1,-1
21,track_0016665,artist_002455,-0.015663633363122882,0.007259883927130529,-0.034615480925202786,1,-1
22,track_0017490,artist_002449,0.000415236131049625,0.015732830393297672,-0.031481915297340506,2,1
23,track_0019238,artist_002854,-0.007844983448892609,-0.002882398505616087,-0.018711387144739324,1,-1
24,track_0020538,artist_003039,-0.019702247852955046,-0.006965245335134184,0.010922095623440736,1,-1
25,track_0020742,artist_002656,-0.012968121462193177,-0.017029661387138007,-0.022043247443286937,1,-1
26,track_0021854,artist_002521,-0.00793319800298134,-0.01666548311212612,-0.025183552739816775,1,-1
27,track_0021857,artist_002521,-0.0052498450127478734,0.023730211233339165,-0.02677892849179168,1,-1
28,track_0021859,artist_002521,-0.012956692142675244,0.02400734068471663,-0.025010022729608623,1,-1
29,track_0023865,artist_003498,0.003946444500770095,0.04077990800153932,-0.031965192873986074,2,1
30,track_0024026,artist_003581,-0.020946470342380397,0.014376606628341893,0.012211480907554296,1,-1
31,track_0024242,artist_001064,-0.0045356363612249415,-0.007347898339651197,-0.011769403033498486,1,-1
32,track_0024842,artist_002534,0.03057778863385469,-0.015157190272460977,0.02968480291651061,2,1
33,track_0025226,artist_003786,0.04442561756256831,0.027252613029443793,0.03208030627532367,2,1
34,track_0025238,artist_003786,0.04579246437936517,-0.020859782406435573,0.036104389479180474,2,1
35,track_0025250,artist_002740,0.013624813166964827,0.0042302944087533045,-0.0022119279254084055,2,1
36,track_0025254,artist_002740,-0.010532558105880035,-0.02053378814201472,-0.0123864640917782,1,-1
37,track_0025273,artist_001885,0.003214258333079666,0.015564992699852518,-0.03935309027241154,2,1
38,track_0025379,artist_002740,0.06547331885829108,-0.001282029746928967,0.036696032169883784,2,1
39,track_0029865,artist_002020,-0.015336433282323063,0.010524600332232008,-0.006354423961132046,1,-1
40,track_0029873,artist_002020,-0.02730682097909368,-0.018718814561720507,0.018948607578610707,1,-1
41,track_0029959,artist_004118,-0.010278754378202758,0.028366221361644975,-0.013793714356795285,1,-1
42,track_0032538,artist_004180,0.019340367418834506,-0.0009916206678455815,0.006203637043515572,2,1
43,track_0033179,artist_000787,-0.030339721988265293,0.01973521841079662,0.032846466750636356,1,-1
44,track_0033326,artist_004658,-0.00948308828357099,-0.011513723529644066,0.008473757251661777,1,-1
45,track_0033450,artist_004658,0.02402899093288665,-0.02135689190880716,-0.0062810807718613765,2,1
46,track_0033826,artist_004488,-0.02469118847976662,-0.0029107284185559603,-0.012925571426738417,1,-1
47,track_0035173,artist_002208,-0.006121307835996285,0.03170095110527902,-0.020131027035647862,1,-1
48,track_0035750,artist_000939,0.026443927479244938,-0.019532622098891523,0.0052550329143939215,2,1
49,track_0036657,artist_005117,-0.01194528401286559,-0.011622251335361261,-0.02604211905195242,1,-1
50,track_0036713,artist_005126,-0.023934104593644184,0.02754133446721321,0.019303702372841514,1,-1
51,track_0038657,artist_005422,-0.025687622817206976,0.01669193283072106,0.02630870518719327,1,-1
52,track_0040026,artist_005669,0.009174044404963673,0.027637319047399096,-0.023260540201714787,2,1
53,track_0040157,artist_005634,-0.011526051855246468,-0.031930637959278835,-0.013243333796387249,1,-1
54,track_0040159,artist_005634,-0.024061596631713637,-0.03429776751062761,-0.0019981098691965902,1,-1
55,track_0040638,artist_004729,0.010301627171567025,-0.00921114592108135,-0.02210628103156711,2,1
56,track_0042765,artist_005935,-0.01611301505095874,0.0030029143909889163,0.01170778773780655,1,-1
57,track_0043038,artist_005385,-0.0063743182250170175,-0.00734864378272434,-0.014649414124865647,1,-1
58,track_0043042,artist_005385,-0.0032720038190495616,0.00193098908997755,-0.011503532071526082,1,-1
59,track_0046190,artist_003687,0.038267173583339205,0.01799938443114865,0.018925374460732957,2,1
60,track_0046565,artist_002816,0.004019279036094793,-0.00045596550092827994,-0.00862263556575101,2,1
61,track_0047390,artist_005721,0.022216832945737855,-0.011407504063631793,0.007392321367122921,2,1
62,track_0047457,artist_006573,-0.00043134397667491726,0.04867997605668282,-0.0245224367459248,1,-1
63,track_0047459,artist_006573,0.005387765797302809,-0.025681242935489467,-0.015120807747968812,2,1
64,track_0048165,artist_006741,-0.007875374596284216,-0.00016037188140084695,-0.003622677434575841,1,-1
65,track_0048379,artist_005126,0.0026306960772904766,0.01853571955212464,-0.021995237039117425,2,1
66,track_0048726,artist_000696,0.004829667870815392,-0.005016997949099806,-0.012723825092516714,2,1
67,track_0048979,artist_005801,0.0376199161156757,-0.0014238119513436307,0.022137916315963204,2,1
68,track_0049038,artist_006905,-0.02255142351169403,0.010037776982098377,0.01801263748958283,1,-1
69,track_0064073,artist_007211,-0.04426312884192609,0.014443035478613218,0.07463876579646078,1,-1
70,track_0066942,artist_007063,0.0008397844494788617,0.017134482095274687,-0.026401353785514968,2,1
71,track_0066954,artist_007063,0.0071999914159525,0.02322059993212647,-0.039937418067281745,2,1
72,track_0072638,artist_004347,-0.010528035116691389,0.016141321934530994,-0.0015345464624224796,1,-1
73,track_0072838,artist_007320,-0.018463335735064926,-0.010567377490657663,-0.01638360711351343,1,-1
74,track_0073073,artist_007362,-0.030260105097885365,0.0028980263948068484,0.05070359889378413,1,-1
75,track_0073157,artist_007063,-0.020833144664520926,-0.01966884728329271,-0.03893222228561764,1,-1
76,track_0073159,artist_007063,-0.015269593729352389,-0.013679155599017782,-0.030253679305502146,1,-1
77,track_0073990,artist_005240,-0.0007726329220048269,0.04478347057192264,-0.01971713906510264,1,-1
78,track_0074654,artist_007379,-0.020995076212970153,0.03717690454229947,0.008414598911290585,1,-1
79,track_0076990,artist_007840,-0.008268675008948253,-0.03004140090229431,-0.021717356914948048,1,-1
80,track_0078313,artist_007872,-0.002310830338977244,0.02070502307459985,-0.02116622476314014,1,-1
81,track_0078726,artist_007872,0.013720262223259868,0.04840248405270106,-0.031575973813115145,2,1
82,track_0078957,artist_006278,0.010471281319383999,-0.026358921542199938,-0.006990677078499456,2,1
83,track_0079750,artist_008094,0.03435376302145161,0.010478108282264377,0.012919186114273748,2,1
84,track_0079754,artist_008094,0.010987226367069065,-0.011114117840884145,-0.010679720692642277,2,1
85,track_0079757,artist_008094,0.020758936348753927,-0.019231798138345278,0.012894549542603571,2,1
86,track_0079759,artist_008094,0.010422232059100648,-0.021640910455985766,0.0009932882099003768,2,1
87,track_0080138,artist_001365,0.039441322386366176,0.023922972421792237,0.028167870405390188,2,1
88,track_0080890,artist_004812,-0.0064870221931783234,-0.018283637861381923,-0.010218896016245736,1,-1
89,track_0080979,artist_005126,-0.01835699080621495,0.01973426050245889,0.00835915440363317,1,-1
90,track_0081365,artist_005777,-0.011425894875290197,0.07221288092124631,-0.01844807615254463,1,-1
91,track_0082350,artist_005385,-0.013152855851050837,-0.0033265705777062054,-0.01015055656171661,1,-1
92,track_0082354,artist_005385,0.023284189770448483,0.03571825299155644,0.0019201451614470203,2,1
93,track_0082357,artist_005385,-0.017677149868218393,-0.0009961233126781239,0.0032866574535427655,1,-1
94,track_0082359,artist_005385,-0.006258156785095841,-0.007554314141766561,-0.014593307860955513,1,-1
95,track_0082365,artist_005385,-0.03880675315927891,0.004093958198561227,0.05925138960263178,1,-1
96,track_0086742,artist_004812,0.008426650999351845,0.003636531111219194,0.00820248883341395,2,1
97,track_0087473,artist_004545,-0.0183797175537159,-0.025675672098502144,-0.005437276118125944,1,-1
98,track_0087479,artist_003177,-0.010386759259946459,0.052259131013648166,-0.017495091471723425,1,-1
99,track_0089326,artist_004851,-0.007290353202664685,-0.04492377792394314,-0.045246827095047674,1,-1
100,track_0091373,artist_007969,-0.00872643817010941,-0.029374153359935942,-0.02721615230590751,1,-1
101,track_0091826,artist_002222,-0.008364648966318215,-0.02013533058339303,-0.0221964357325412,1,-1
102,track_0094750,artist_007063,-0.016613867595714853,0.04258645601750593,-0.005291882791733511,1,-1
103,track_0095413,artist_000675,-0.010253360495368404,0.03260035141582804,-0.037833430743021056,1,-1
104,track_0095538,artist_005361,-0.004388778498999151,0.007298265651289581,0.005957527033744215,1,-1
105,track_0095713,artist_336764,0.004141981045095309,0.0300616131375409,-0.014207428940847434,2,1
106,track_0098542,artist_336896,0.011785849635184182,-0.00021924592978821088,-0.0066616352177688975,2,1
107,track_0100642,artist_336984,-0.0033808716723249498,0.058681236440043964,-0.023873964329543283,1,-1
108,track_0103690,artist_000087,-0.018859828234732177,-6.362428375976873e-05,0.021027376384134277,1,-1
109,track_0104259,artist_337114,-0.014513941580445656,0.00456259822073887,0.0030724788205993884,1,-1
110,track_0106559,artist_008021,-0.0007284744513348726,0.05360736559981315,-0.023507329336215618,1,-1
111,track_0106765,artist_008021,-0.004851766679297026,0.047411140789847706,-0.017252978869943855,1,-1
112,track_0106838,artist_008021,0.0017481345644734807,0.049392224535231274,-0.017323758257600876,2,1
113,track_0106859,artist_008021,0.013480067941417234,0.033780022176720166,-0.0035662426194179456,2,1
114,track_0108459,artist_337284,-0.0006785547485716827,0.004038250807748513,-0.00822727043828496,1,-1
115,track_0109226,artist_337307,0.07623211865505969,0.027705035859905476,0.05715025131375007,2,1
116,track_0110642,artist_000811,0.019702271435051738,0.010150233749983098,0.0030255987467922418,2,1
117,track_0110657,artist_000811,-0.0032707226705998333,-0.004372009559491398,0.0026819589306505535,1,-1
118,track_0111026,artist_004116,-0.02022024347776606,-0.01219887019599812,0.023347938553438426,1,-1
119,track_0114765,artist_337503,-0.007295878732721008,0.015051413452189702,-0.003016053903952255,1,-1
120,track_0117550,artist_003769,-0.006216677521181871,-0.028223522402730617,-0.03252177288736287,1,-1
121,track_0118073,artist_001493,0.004195266071737579,0.05425262746672257,-0.029234168995090876,2,1
122,track_0120750,artist_004864,0.044515244841317685,0.022078101874009545,0.02906529595438113,2,1
123,track_0120754,artist_004864,0.026543486260297722,-0.019127686068378853,0.022149689760275267,2,1
124,track_0124826,artist_005390,-0.031101180620355728,0.029989682471561554,0.02632355754078006,1,-1
125,track_0126042,artist_337741,-0.029013655491361454,-0.008428087221165578,0.011633936263982257,1,-1
126,track_0126126,artist_337741,-0.012380766223156441,0.00021630808260925526,-0.009128170663048246,1,-1
127,track_0126142,artist_337741,-0.008666629714478917,0.008565070631695624,-0.0016936565580012747,1,-1
128,track_0127590,artist_001493,0.0036927795920243577,0.05839301499126173,-0.03415198214449206,2,1
129,track_0127890,artist_004812,0.005502713713453922,-0.02379775070047486,0.0007038791497814049,2,1
130,track_0128313,artist_337907,0.015838301854960348,-0.013788577733887789,0.010449286715104433,2,1
131,track_0133654,artist_007063,-0.019524707844984463,-0.024085412522650868,-0.0005758026772755899,1,-1
132,track_0133657,artist_007063,-0.02805044591413605,0.01978714239534491,0.01641683755250366,1,-1
133,track_0134738,artist_337989,0.02690668355456315,0.022899520646295538,-0.0032009889564493786,2,1
134,track_0134754,artist_337989,0.012126994944932953,-0.03286785876934298,-0.017769379931407214,2,1
135,track_0140638,artist_338395,-0.012331409598518146,0.028992741836272626,-0.013282503081752219,1,-1
136,track_0140642,artist_338395,-0.0013198824235434023,-0.02596732521059072,-0.015447885259720052,1,-1
137,track_0144654,artist_338563,-0.016053472388902784,-0.011512678651055612,-0.021268591734906035,1,-1
138,track_0148526,artist_338660,0.02920436774818504,0.0046186329273490605,0.02174864992950147,2,1
139,track_0149779,artist_338660,0.01551765689213994,0.013556742625860584,-0.002639458357995588,2,1
140,track_0149790,artist_338660,-0.01824366296874503,-0.032421129203867,-0.011067277351297871,1,-1
141,track_0152542,artist_338900,-0.03626356449882163,-0.009399210984056237,0.01345183416270876,1,-1
142,track_0152713,artist_338660,0.01678625382640471,-0.029081387136379165,-0.007491111414170282,2,1
143,track_0152754,artist_338660,0.029601722491660185,-0.0026262644496957014,0.019030031516373464,2,1
144,track_0153865,artist_339263,-0.0004753416992671561,0.014379535302447484,-0.01669882359269399,1,-1
145,track_0155513,artist_338660,0.010165675845524632,0.018955263385439243,-0.017987487261743915,2,1
146,track_0156873,artist_339104,0.012045354998194603,0.04463580828591482,-0.006175667601744002,2,1
147,track_0158613,artist_338660,-0.013384591459185156,-0.03865417226019966,-0.0346124553644086,1,-1
148,track_0158626,artist_338660,0.010418413174611339,-0.023577459126925597,-0.01178505312916247,2,1
149,track_0159450,artist_339226,-0.029454008295358384,0.002649253132094783,0.04238102783092558,1,-1
150,track_0159850,artist_338660,-0.005309486865710028,-0.02235896326090651,-0.021180037163415773,1,-1
151,track_0159854,artist_338660,0.025694532345978707,-0.011113946133250053,0.0033745535459043744,2,1
152,track_0159857,artist_338660,-0.008053812870919547,-0.007410757623193533,-0.008855407210293232,1,-1
153,track_0159859,artist_338660,0.008021611911745326,-0.0012644408661190286,-0.0014576941122847623,2,1
154,track_0162026,artist_007872,0.02156677351540181,-0.031023331212674525,0.015354991972427783,2,1
155,track_0162038,artist_007872,0.028693965954147853,-0.013207965142334856,0.009990290369295177,2,1
156,track_0162042,artist_007872,0.01176566440078419,-0.0005476638469608273,-0.009823831192375638,2,1
157,track_0162226,artist_338660,-0.0007920127606202024,0.021145915017568927,-0.004184414864061329,1,-1
158,track_0162579,artist_338660,-0.0002403801248574506,0.03388052329754401,-0.019349542738645746,1,-1
159,track_0162590,artist_338660,-0.0007048561134795286,0.016242408128568257,-0.02821291047056995,1,-1
160,track_0166613,artist_339527,-0.00922253148077742,-0.004501347799897278,-0.025463121163688422,1,-1
161,track_0168813,artist_338660,0.013805139947182864,-0.004555439996282135,-0.002843032303309066,2,1
162,track_0169257,artist_338660,0.02177756352519641,-0.0054604603307786895,0.004516899249219695,2,1
163,track_0169259,artist_338660,0.03373112560464633,0.02631360464500312,0.010661588093222155,2,1
164,track_0169265,artist_338660,0.015221678069955379,-0.017676191823019008,0.00042194929229069547,2,1
165,track_0169273,artist_338660,0.008900070809533492,-0.00432447693886035,0.006181369662437202,2,1
166,track_0169990,artist_338660,0.021244671701040527,-0.0066137712382662115,-0.009811005432136763,2,1
167,track_0170059,artist_338660,0.026279171403166907,8.804859954337462e-05,0.010694042959130732,2,1
168,track_0172326,artist_337897,0.036000051359597884,-0.0022018258463482525,0.003891063608780801,2,1
169,track_0173759,artist_339169,0.034638964111926074,-0.016717988021179835,0.011145846462540252,2,1
170,track_0178638,artist_340076,0.014447200952666295,-0.02071861813579481,-0.009020795370729156,2,1
171,track_0178665,artist_340076,-0.004866039951921806,-0.02820076793822252,-0.027947389248187796,1,-1
172,track_0181854,artist_004965,0.03124089370691253,-0.009033287224711117,0.009195449811072292,2,1
173,track_0184242,artist_340347,0.05838300915007912,0.043058063987193466,0.037136667870524366,2,1
174,track_0196250,artist_340652,0.05846657446679415,0.026956190384783186,0.039012040198734825,2,1
175,track_0196257,artist_340652,0.03092432210176463,-0.010918279421357988,0.005197864057602885,2,1
176,track_0196259,artist_340652,0.04199580673660574,-0.021914042816845766,0.009862709294459631,2,1
177,track_0196542,artist_004118,0.008841746983907793,0.0053667349424428275,-0.0012620376858895354,2,1
178,track_0196550,artist_004118,0.01904481717862072,0.0029727698147298206,0.002435681095264314,2,1
179,track_0196554,artist_004118,-0.023044408793717518,-0.02770827624146902,-0.026602989067744148,1,-1
180,track_0196850,artist_339563,0.02808210327871278,0.03426132090985629,0.008345467311564528,2,1
181,track_0201479,artist_004118,0.0029813667484417986,0.016758010619872952,-0.013195910690530686,2,1
182,track_0201490,artist_004118,0.006938010812845291,-0.00926689267890735,-0.006365643420654597,2,1
183,track_0202213,artist_008094,0.024880156938597395,-0.012103920738323386,0.011189973376787222,2,1
184,track_0202657,artist_337114,-0.03761183256628514,-0.004233696778008272,0.04599676231423188,1,-1
185,track_0205438,artist_004965,-0.010284678682322856,-0.008827414922297626,-0.008642685564551477,1,-1
186,track_0206073,artist_341323,0.03601087171144854,0.022054018846494335,0.013330957749084247,2,1
187,track_0207490,artist_341393,0.003660357907222475,0.019697067118306637,-0.048871228969081026,2,1
188,track_0208938,artist_341459,-0.011816552929451465,0.046588760607441396,-0.01177238329754273,1,-1
189,track_0209073,artist_341393,-0.007499316751888832,-0.030722824119663306,-0.03862385504008284,1,-1
190,track_0210038,artist_004118,-0.0056217759920974,0.027740384405949732,-0.01708836757861358,1,-1
191,track_0210042,artist_004118,0.02728509187649881,-0.014380428856770204,0.004133452612820238,2,1
192,track_0218559,artist_341999,-0.009365309594287326,0.011019146484611653,0.000627634986207625,1,-1
193,track_0239950,artist_004965,-0.02788010325183237,0.0066814558042837344,0.04415414222582868,1,-1
194,track_0242738,artist_343767,0.004779481293172127,0.0197098202138954,-0.0053759287619052545,2,1
195,track_0244938,artist_000811,0.002674376426136588,0.026226839657485113,-0.027443003039978608,2,1
196,track_0244954,artist_000811,-0.033798291596533615,-0.008215752488574453,0.042895287077921444,1,-1
197,track_0245350,artist_337114,-0.03338716582326827,0.0075857617929699145,0.05456210481707191,1,-1
198,track_0248259,artist_002444,-0.03132121365473741,0.0026788332600882667,0.05278800104266031,1,-1
199,track_0250990,artist_004965,0.026279291826907362,-0.02163222854286856,-0.004726758909620926,2,1
200,track_0251379,artist_337391,-0.0025114950076070316,0.018551523360892365,-0.0020925214264348197,1,-1
201,track_0253542,artist_005644,0.00745998523728481,0.007486635917602829,-0.0063423455472374,2,1
202,track_0257059,artist_006821,-0.009372853555292032,-0.0036307812306219803,-0.01607639015707169,1,-1
203,track_0257173,artist_003786,0.07488244762317826,0.010426999233929365,0.05430414359931596,2,1
204,track_0257179,artist_003786,0.03736760489817038,0.01632813305858224,0.02735144454748949,2,1
205,track_0258090,artist_337741,-0.0087880062803544,-0.0006883912329488172,0.000772717433245617,1,-1
206,track_0259559,artist_339590,-0.008457262156255297,0.005178245803873189,-0.002124772714169827,1,-1
207,track_0264390,artist_007625,-0.011725138760736517,0.018098727781096495,0.014929138099747136,1,-1
208,track_0268259,artist_004118,-0.012282764899824597,0.05837110607227574,-0.01693161975594963,1,-1
209,track_0268290,artist_004118,-0.010732239522452773,0.04483649027552616,-0.01701572552422709,1,-1
210,track_0268313,artist_004118,-0.00558652859830455,-0.030705602394365573,-0.0197034423933194,1,-1
211,track_0278357,artist_344764,0.04540388147394508,-0.005194934499114473,0.03638996764990798,2,1
212,track_0278359,artist_344764,0.05287974831939881,-0.022098390600035576,0.027041254826134144,2,1
213,track_0280913,artist_007886,-0.01910532788190846,0.026953473775625743,0.0012860330623844117,1,-1
214,track_0282626,artist_347536,0.0002956972327794717,0.01189695886357657,0.008760578894082043,2,1
215,track_0283090,artist_003687,0.01822880681259181,-0.007318383516271377,0.0018753842911094854,2,1
216,track_0283765,artist_337114,-0.013474835152945642,-0.010685821377326606,-0.014556779536029596,1,-1
217,track_0284365,artist_003687,0.03692969315810004,-0.004977497702337032,0.017876886143433506,2,1
218,track_0285042,artist_337114,-0.01978095051662795,-0.004962374380991687,0.01856212729441626,1,-1
219,track_0287979,artist_007362,-0.010078861378246894,0.022985895596288438,-0.0143958784860245,1,-1
220,track_0290859,artist_005324,0.007176491814065042,0.007235873523705348,-0.01372976134007322,2,1
221,track_0306438,artist_348501,0.02031324628343147,-0.02222083103521855,0.015498427341568637,2,1
222,track_0313013,artist_002189,0.020361602765284873,-0.013654137787877371,0.006645622261128708,2,1
223,track_0313779,artist_338437,-0.005994084506257131,0.0006581439498774418,-0.0065321897585419375,1,-1
224,track_0317054,artist_337114,0.0002443576219152668,-0.03430348292532496,-0.02946390831051961,2,1
225,track_0319313,artist_345704,-0.019756949660278897,-0.005165340283045037,0.023084602758739338,1,-1
226,track_0321238,artist_005681,0.005662819413491565,0.04063812369749943,-0.02216232138916934,2,1
227,track_0322342,artist_343489,-0.025557519620797994,-0.029958597474516385,-0.00846497722216651,1,-1
228,track_0324413,artist_338582,0.0044898589861149555,-0.005326354159785718,-0.012077672507031916,2,1
229,track_0324613,artist_336871,0.0029682458235892346,-0.027150871365434974,-0.010363580041938145,2,1
230,track_0339038,artist_350059,-0.007996215034054333,-0.027587685609324234,-0.01921734154191442,1,-1
231,track_0340879,artist_350154,0.009938604478244307,-0.022544950951535404,-0.006960934682520421,2,1
232,track_0341550,artist_350154,0.0009508947777728867,0.009625710224452544,-0.005880978435731447,2,1
233,track_0342254,artist_005240,0.062553717331773,0.008151572294128424,0.03358056552931003,2,1
234,track_0342257,artist_005240,0.0509422267477154,0.017267731148173465,0.028823255504837712,2,1
235,track_0342259,artist_005240,0.02403986511859595,-0.014620722836177389,0.008814092730252854,2,1
236,track_0343379,artist_007862,-0.011705663374054754,0.0028879659006827373,0.007433884015844674,1,-1
237,track_0344326,artist_350222,0.01794021876103499,0.021542518939821436,0.0032260458915264346,2,1
238,track_0345913,artist_336871,0.015384617226126086,0.024144503380995212,-0.009173293812131283,2,1
239,track_0347557,artist_341393,-0.010765543461518461,-0.03645747168983315,-0.03255276272088267,1,-1
240,track_0347638,artist_341393,-0.0056988837572507,-0.03693174596623955,-0.027266754338829684,1,-1
241,track_0347859,artist_340710,0.0011603064448665952,0.04042633495636964,-0.0367403791414349,2,1
242,track_0347879,artist_340710,-0.008034873859125609,-0.02622780731482058,-0.021615117953360668,1,-1
243,track_0355479,artist_350813,0.0027620246384643665,0.0005006164121991915,-0.010867471288027461,2,1
244,track_0356426,artist_340710,0.002759895804831644,0.062848239643173,-0.03186020282458865,2,1
245,track_0360990,artist_340947,0.037422082583173547,0.020969444229905244,0.026202040049703633,2,1
246,track_0361542,artist_351032,-0.01197738376695505,-0.021960645191945433,-0.013927076326790563,1,-1
247,track_0361554,artist_351032,-0.0034390488747305806,-0.02477279242306979,-0.022118426439621412,1,-1
248,track_0361979,artist_347359,0.0018514453488302604,0.034320364926742265,-0.022012059527565252,2,1
249,track_0361990,artist_347359,0.020293833046890322,-0.01277184982251707,0.015589957287443624,2,1
250,track_0362638,artist_340947,0.013819842240979627,0.02039951385265053,-0.02139177675817046,2,1
251,track_0364090,artist_007063,-0.030724060910956728,-0.03588577131041309,-0.001971676494953061,1,-1
252,track_0368150,artist_351312,0.03285598825383474,0.012157442973503862,0.025310808050057455,2,1
253,track_0369913,artist_004934,-0.008079025536468694,-0.014075309260810097,-0.006177688365427322,1,-1
254,track_0372157,artist_350722,0.005614082806322791,0.011905815420486474,-0.05029113798427342,2,1
255,track_0373165,artist_351494,-0.003644527839473662,-0.012353952859387321,-0.018238261478765977,1,-1
256,track_0382590,artist_002034,0.02727015871961583,0.019302365764478538,0.014575038486627133,2,1
257,track_0383573,artist_341278,-0.013649547185005802,-0.024474160797248956,-0.009488044503683464,1,-1
258,track_0383990,artist_007597,-0.0021290047082963607,0.034764685847172655,-0.01322998340832901,1,-1
259,track_0384150,artist_337391,0.006106214869900294,-0.019513576061243477,-0.0005648945144609387,2,1
260,track_0385550,artist_005801,-0.014998435095121969,-0.03361383908368597,-0.015689612093313095,1,-1
261,track_0385559,artist_005801,0.0710810692983345,-0.006294518937461583,0.03664488629042408,2,1
262,track_0387438,artist_003944,-0.00011088304755885277,-0.0006352265529250723,-0.02041982289026203,1,-1
263,track_0387513,artist_352042,-0.008094363502479641,-0.01643515737198259,-0.02377950450190887,1,-1
264,track_0388473,artist_352130,-0.0008631426742290078,0.032482884776276796,-0.04622205603817712,1,-1
265,track_0389479,artist_352130,0.0008555681120571177,0.03409935113725456,-0.046995745804617815,2,1
266,track_0391373,artist_004965,0.009506074909468708,-0.026240335665325427,-0.014611899924590829,2,1
267,track_0393390,artist_350154,-0.004099983349371926,0.002144689878043657,-0.012598255920790306,1,-1
268,track_0396938,artist_002741,-0.012272142061346988,-0.02807633987348824,-0.01549096526267639,1,-1
269,track_0398173,artist_338447,0.007563347742490941,0.008670964921247902,0.0017659779185979993,2,1
270,track_0398179,artist_338447,-0.0105003190568894,-0.05129009129784227,-0.03745163123245512,1,-1
271,track_0398190,artist_352428,0.011624208982895045,-0.020988365492722677,-0.016713934738870877,2,1
272,track_0399350,artist_008094,0.038216989510533435,-0.003284229765407408,0.013479284710413394,2,1
273,track_0399359,artist_008094,0.01995711506494315,0.027612590460299593,-0.0006448784508316504,2,1
274,track_0399465,artist_008094,0.03657587075884104,-0.01730372183738446,0.017866471857383916,2,1
275,track_0399526,artist_008094,0.038573407630684044,-0.006098403200037561,0.02234899415245072,2,1
276,track_0399926,artist_351221,-0.032234764803139464,0.016561215703619812,0.04750023355670912,1,-1
277,track_0400857,artist_004934,-0.001503799259432884,-0.023658131138848463,-0.008530099442348536,1,-1
278,track_0400865,artist_004934,-0.01764542834084506,-0.02390672683040584,-0.010381340247755359,1,-1
279,track_0400873,artist_004934,-0.017047307736310885,-0.01633284191064014,0.0033216308942318855,1,-1
280,track_0402057,artist_002740,0.04392175100727734,-0.0017996307724625342,0.015403546159427583,2,1
281,track_0414050,artist_003786,0.055682417439966686,0.022189413946836437,0.0410966546332062,2,1
282,track_0416873,artist_337741,-0.0069338243496907545,-0.004879114632485302,-0.007747955377806483,1,-1
283,track_0417579,artist_361044,0.01586853610375531,-0.005872400104168928,0.0010277398290386634,2,1
284,track_0417626,artist_361044,0.0046933348590697125,0.03148108787254129,-0.008863162110403614,2,1
285,track_0425626,artist_005721,-0.021343001548876632,0.03221529921183724,0.005268866788311161,1,-1
286,track_0425765,artist_348064,-0.02821955529929592,-0.010119497359641804,0.029317950540294613,1,-1
287,track_0432813,artist_353741,-0.04913315957714333,0.010484607096142382,0.08441250150238014,1,-1
288,track_0433642,artist_337741,-0.005506255942884072,-0.0364418623056657,-0.02817635327296447,1,-1
289,track_0433650,artist_337741,0.0322013383373813,0.004729726604192388,0.020850688898943738,2,1
290,track_0442226,artist_003786,0.02371216095586294,0.02994483907950911,0.008843804853218883,2,1
291,track_0442257,artist_003786,0.04527517677995,0.01397729035742244,0.03523067382466241,2,1
292,track_0450990,artist_007063,-0.020916535444446886,0.03999568932937088,-0.02460876085352316,1,-1
293,track_0457238,artist_338779,0.014018704424865969,-0.02098734611908327,-0.0015162076585416315,2,1
294,track_0459442,artist_352860,0.0133607429535718,0.029278995273153596,-0.007996153018996905,2,1
295,track_0461013,artist_352042,0.004268307067657438,0.015452489878895418,-0.0027498922471765807,2,1
296,track_0466290,artist_341968,0.0011857751756805348,0.045379057231237634,-0.016357993169170245,2,1
297,track_0467954,artist_007506,-0.013331326019127248,0.02071536402934153,0.005447364718610156,1,-1
298,track_0467990,artist_348313,0.012730320301045641,0.04898919430474468,-0.020998101585403044,2,1
299,track_0477313,artist_355362,0.038745537338346354,-0.010925725493068196,0.00606885009261693,2,1
300,track_0489238,artist_005801,0.00040994520233888506,-0.028106192148635745,-0.024670550428049918,2,1
301,track_0492313,artist_338108,0.032918375618691535,0.007487385586171721,-0.000997078160665571,2,1
302,track_0493957,artist_352844,0.032248946325233445,-0.012444850151180022,0.007526746268774767,2,1
303,track_0502326,artist_002189,-0.004053883923203932,0.0036429767061234336,0.0005060701716056753,1,-1
304,track_0506957,artist_356482,0.030429192428792603,-0.024031808434740783,0.012459628650115557,2,1
305,track_0513479,artist_356880,-0.028664232205571627,-0.006397312869638797,0.026010667347561946,1,-1
306,track_0516738,artist_353520,-0.007469198383394355,-0.0024938685794226576,-9.097596665170968e-05,1,-1
307,track_0516742,artist_340121,0.03901244636622942,-0.006752808224554751,0.011683225394875022,2,1
308,track_0516750,artist_340121,0.03558570035205597,0.021063776546362507,0.02363852391419105,2,1
309,track_0519565,artist_356877,-0.005023857719972979,-0.022685886545825384,-0.004664152608275013,1,-1
310,track_0520926,artist_357359,-0.01617042650911822,-0.023546116084429407,-0.0025550608837046846,1,-1
311,track_0523750,artist_355889,-0.008541140298990915,-0.0376934382787184,-0.017856146704529095,1,-1
312,track_0523754,artist_355889,-0.002431942474852732,-0.016337524602208827,-0.00348194929766241,1,-1
313,track_0523757,artist_355889,0.024093772163902526,-0.011743640141895401,0.00027453332732333134,2,1
314,track_0530326,artist_357887,0.003241520044256437,0.027719262140619802,-0.015632310482175612,2,1
315,track_0536673,artist_341968,-0.023800694929781634,-0.006519011549227546,0.02676064704460677,1,-1
316,track_0541013,artist_358348,0.021401422986159793,-0.00574225119830822,-0.0040275010897254365,2,1
317,track_0541038,artist_337114,-0.030824813633469266,-0.0034081670909260828,0.04019528322277464,1,-1
318,track_0556950,artist_358348,0.01668430973314561,-0.01018101496053719,0.00033004566592483546,2,1
319,track_0568126,artist_359452,-0.0020669218095531105,-0.005274946718203286,0.0020431074269538344,1,-1
320,track_0572373,artist_351213,0.02458045490575134,0.018678652559460083,-0.006520265144716384,2,1
321,track_0575226,artist_004116,0.004061535837799024,-0.01684254756757047,-0.023343151818834056,2,1
322,track_0575457,artist_347359,0.0013432260832646305,-0.03807724666985212,-0.034092381203078115,2,1
323,track_0575750,artist_359735,-0.010069718642087005,-0.024742884102628097,-0.008819521352321601,1,-1
324,track_0577965,artist_359828,-0.04890584442931645,0.0320751813862539,0.04808620155908684,1,-1
325,track_0579642,artist_007063,-0.014483276698459497,-0.01816074860379564,-0.0167190160654119,1,-1
326,track_0579913,artist_007063,-0.019078736226080247,-0.025293191613064515,-0.025810488716872238,1,-1
327,track_0589242,artist_002740,-0.0017099476473969436,0.014343877620944486,-0.007925960261757719,1,-1
328,track_0589338,artist_359735,-0.01664122257150526,-0.018822852878140627,0.006670210369709972,1,-1
329,track_0589413,artist_355362,0.03263541596716662,-0.011375709330136537,-0.010173493044739359,2,1
330,track_0590279,artist_353741,-0.00773163809315859,-0.023618125367560392,-0.027635299784542225,1,-1
331,track_0592190,artist_350716,0.0380787759428903,-0.019217082105679736,0.02930520249535332,2,1
332,track_0594259,artist_358060,-0.008573829487884524,0.01595356582211263,-0.007005403648645611,1,-1
333,track_0594265,artist_358060,-0.01167742443940979,0.0017489886474658359,-0.014698355101604775,1,-1
334,track_0594465,artist_003786,0.021654348765457097,-0.03551860766540541,-0.018081604742029887,2,1
335,track_0597313,artist_001336,-0.002439902868100795,-0.012810024280250553,-0.018785828971149582,1,-1
336,track_0600059,artist_341323,-0.0003510523868500919,0.033792733503594956,-0.0074626128824940765,1,-1
337,track_0608913,artist_361274,0.04550819574337234,-0.04200731775219193,0.021859109055394142,2,1
338,track_0618542,artist_361694,0.05267216254986124,-0.018007200966886086,0.04321710401988593,2,1
339,track_0618550,artist_361694,0.048232836226194446,-0.005985780963681711,0.039684403627185845,2,1
340,track_0620613,artist_002189,-0.01249299487797142,-0.024204378962319778,-0.007299539871796261,1,-1
341,track_0625038,artist_354405,0.024579595009808743,-0.027626973814403318,-0.008042698110154336,2,1
342,track_0628550,artist_352130,0.0005031277099202937,0.015527451505971566,-0.028079869629437437,2,1
343,track_0628865,artist_343151,-0.02506121273367683,0.003444512367796835,0.04052687656850999,1,-1
344,track_0635242,artist_337741,-0.02518662673398005,-0.029873054058658838,0.006332269447801842,1,-1
345,track_0636313,artist_344764,0.01899285116344511,-0.006431248449825806,-0.0058843172164606775,2,1
346,track_0638065,artist_343433,-0.023437590626726287,0.032805778702884966,0.008105270311844609,1,-1
347,track_0647257,artist_347673,0.006776422667999382,0.007145100038719495,-0.007118020990958375,2,1
348,track_0647259,artist_347673,0.006072380887069458,-0.021732323073412364,-0.011627626497970058,2,1
349,track_0647538,artist_359034,-0.0033282207076106205,0.020396488959876478,-0.00559750473958985,1,-1
350,track_0647559,artist_359034,-0.017166781590191926,-0.012471187946670008,-0.003278161147132784,1,-1
351,track_0653313,artist_363229,0.004466786786135939,0.019945509113958388,-0.005159240857080475,2,1
352,track_0659890,artist_359034,-0.006406907663049379,0.030871449597754726,-0.00840972748210163,1,-1
353,track_0660442,artist_008094,0.026423280803573188,0.007465206456772504,0.009412960463595356,2,1
354,track_0660454,artist_008094,0.04383961752456984,-0.02045529049615298,0.0370073037975805,2,1
355,track_0660479,artist_008094,0.024588642343766075,0.02243743650966664,0.005274938218578996,2,1
356,track_0661313,artist_008094,0.025492486806737782,-0.018159947171795667,0.01060662587706144,2,1
357,track_0661542,artist_362501,-0.023037481220206112,-0.025432643203074933,0.006340690007478923,1,-1
358,track_0661754,artist_363592,-0.0024443879716331725,0.023456164816220197,-0.02427299104411498,1,-1
359,track_0661757,artist_363592,-0.014266153285574045,-0.0312846875410734,-0.015472808990794265,1,-1
360,track_0662050,artist_362501,-0.04860702945229332,-0.06523047705445795,0.003152919226606605,1,-1
361,track_0662054,artist_362501,-0.03268067679047225,-0.03792100482274565,0.008152950035793648,1,-1
362,track_0662057,artist_362501,-0.016594201044288086,0.0016337289193114164,-0.012264283342055761,1,-1
363,track_0662059,artist_362501,-0.02842611231248203,-0.012895767329054768,-0.002046842894076027,1,-1
364,track_0662090,artist_362501,-0.042181356068151155,-0.004176126483999823,0.05023481134666343,1,-1
365,track_0662190,artist_362501,-0.008683639200984476,0.09982234980807199,-0.04238881467809279,1,-1
366,track_0662442,artist_008094,0.02539015194180551,-0.018212273868284775,0.006182678833677772,2,1
367,track_0665113,artist_341642,-0.0021159621322905807,-0.014315359618855154,0.002723603722088179,1,-1
368,track_0666759,artist_008004,-0.007742576307504633,0.0008951582809183531,0.0002639565314982264,1,-1
369,track_0671173,artist_362935,-0.0076791514514028695,-0.03598375725633343,-0.032648409929587716,1,-1
370,track_0671179,artist_362935,0.03650705023924988,0.013051301786408159,0.01989304420565897,2,1
371,track_0678073,artist_355460,-0.03814645685017576,0.007420024747243509,0.0631620385521123,1,-1
372,track_0682338,artist_340121,0.036795333801334075,-0.006494909587391282,0.014547797923543758,2,1
373,track_0682365,artist_340121,0.038108569348694804,-0.03786742900515969,0.002681810677299535,2,1
374,track_0685850,artist_357317,-0.008115923721312708,0.015125432321519616,-0.00013086495313772856,1,-1
375,track_0686357,artist_351437,-0.0011413866685043232,-0.010915142306979339,-0.007737740620820911,1,-1
376,track_0686359,artist_351437,0.042264197971031384,0.006847606207317533,0.032399415343805804,2,1
377,track_0692954,artist_356877,-0.03144269392648354,-0.007766382147563264,0.039586206822323514,1,-1
378,track_0693473,artist_357317,-0.032770234289855996,-0.004680821768225414,0.041855738924487476,1,-1
379,track_0693479,artist_357317,-0.014689359470850791,0.019262328146257,0.007067767581668005,1,-1
380,track_0694450,artist_005721,-0.013434114948329646,-0.0029220357752582746,-0.0022388221813479923,1,-1
381,track_0698138,artist_356877,-0.027370497875900946,-0.03462117581564524,-0.0008787841255157283,1,-1
382,track_0699090,artist_351032,-0.005489803288572236,0.03966778996732494,-0.01890735875158757,1,-1
383,track_0700573,artist_352114,0.018637187283738497,-0.014205623859968743,0.021906459452318696,2,1
384,track_0701779,artist_003581,0.005878351266471641,0.01314976833304834,-0.009179364618887546,2,1
385,track_0703954,artist_340121,0.08191048849366085,-0.006394336004460488,0.044636834088916506,2,1
386,track_0704157,artist_352844,0.025990081899415388,-0.007622508398099092,0.015188671530531552,2,1
387,track_0704838,artist_357317,-0.015645527471643415,0.03462896829496878,0.004676330092292633,1,-1
388,track_0704842,artist_357317,-0.01586847401933737,0.021736035108182537,-0.01531002667808703,1,-1
389,track_0707473,artist_356678,0.005118807831493351,0.009855605987279175,-0.017729701790729024,2,1
390,track_0708459,artist_341323,-0.0006317260044696372,-0.005049302589345374,-0.01053732690073232,1,-1
391,track_0715554,artist_002656,-0.015300862815182663,-0.01128609876409737,-0.02120113528244478,1,-1
392,track_0715557,artist_002656,0.00025049376916340096,-0.009531134093916123,0.015201898172507104,2,1
393,track_0719759,artist_356877,0.025363102569336993,0.0003175839442651999,0.022035813253008612,2,1
394,track_0719850,artist_366162,-0.03150556378248,-0.04005020579928585,0.0028459192103785775,1,-1
395,track_0719854,artist_366162,0.0009752786856963839,0.003651770580636278,-0.010329634138721526,2,1
396,track_0725213,artist_366456,-0.016081811983662785,-0.051922031341609755,-0.02733987150683088,1,-1
397,track_0728926,artist_004934,-0.027309664705543767,0.021786031309121677,0.020113511142067556,1,-1
398,track_0733157,artist_366701,0.011838980628790307,0.016872562860602933,-0.008036508966244943,2,1
399,track_0736790,artist_355362,0.046368843103365094,-0.006190991840434819,0.020427946461302676,2,1
400,track_0742879,artist_341355,0.007261062285325758,0.03469897763600339,-0.025291101819918196,2,1
401,track_0743013,artist_337281,-0.03573615494846086,0.007574372478367147,0.061419137064241076,1,-1
402,track_0743965,artist_338582,0.03079440244982292,0.013772685328810456,0.013728077222898583,2,1
403,track_0747438,artist_337741,-0.03554667882065421,-0.03940933817929651,-0.0010010103383391604,1,-1
404,track_0747442,artist_337741,-0.015812513084356015,-0.00012286918522265485,0.003859979674657168,1,-1
405,track_0749613,artist_357317,-0.022658816019341894,0.024331152067556316,0.016251309709726644,1,-1
406,track_0750679,artist_363229,0.0013496637113310872,0.02764386947252504,-0.011431186415013988,2,1
407,track_0751965,artist_367696,0.03241680701311352,-0.014988441265186343,0.02728865397041883,2,1
408,track_0753526,artist_351712,0.02351495754957485,0.00531793500515133,-0.00011706505441369248,2,1
409,track_0756226,artist_002189,0.004368124209240108,0.009833712796437544,-0.03364364189281889,2,1
410,track_0759290,artist_350333,0.0013761504870954597,0.0005449491040570597,-0.023936052807599046,2,1
411,track_0759338,artist_367988,0.028939056559884418,0.007485051661771069,0.015585170623753095,2,1
412,track_0759342,artist_367988,0.011894543563193152,-0.005414242712996928,0.007884133766292892,2,1
413,track_0759750,artist_363229,0.014735785511494091,0.017228645674291592,-0.010469202559393143,2,1
414,track_0769426,artist_363229,-0.003983832799550347,-0.016580330906898918,-0.005542870920426434,1,-1
415,track_0769790,artist_366613,0.044769845386518965,-0.020638727897932172,0.03167718551328245,2,1
416,track_0770973,artist_367334,0.027140974539129604,-0.013986461639306367,0.008880824725669399,2,1
417,track_0771290,artist_359034,-0.01587602160995355,-0.01880238466744872,-0.00011493159365310531,1,-1
418,track_0774865,artist_005240,-0.03186045076776945,-0.02165525751197295,-0.00674103731042807,1,-1
419,track_0778565,artist_366613,0.04549976215584205,-0.007189235740751659,0.022428593530711992,2,1
420,track_0783250,artist_369008,0.026424587558235717,0.005615993061939112,0.00864689540093601,2,1
421,track_0783626,artist_369019,-0.00789815501995396,-0.0053823956312621666,0.0010297730412376308,1,-1
422,track_0784526,artist_002189,-0.01622657269928058,-0.021115055878261492,-0.006121622457213384,1,-1
423,track_0785413,artist_007805,0.008325745313069934,0.06755693652957187,-0.03285163572875144,2,1
424,track_0785642,artist_007805,0.026942573660806376,-0.004715056347028837,0.012207242897293967,2,1
425,track_0785650,artist_007805,-0.009059782463717187,-0.014887646511647352,-0.00427011101013489,1,-1
426,track_0786779,artist_369180,-0.004875467723765728,-0.023883640547997066,-0.004985803232841863,1,-1
427,track_0789879,artist_007597,-0.0030417637582167913,-0.01730202234606148,-0.0022242572920538363,1,-1
428,track_0790654,artist_364644,0.01892811156649195,-0.01978535822458133,0.014958163051553662,2,1
429,track_0790657,artist_364644,0.046704181400530544,-0.0026867649660312558,0.03421911540782901,2,1
430,track_0790659,artist_364644,0.01666452374409614,-0.004913575061118079,-0.0016568452885394054,2,1
431,track_0791690,artist_364644,-0.008982335976919798,-0.023909586090000892,-0.024937397513335843,1,-1
432,track_0792442,artist_361501,-0.009275822801053822,0.0134915510756921,-0.004354588532067694,1,-1
433,track_0795726,artist_369534,-0.00019622424258467449,0.022478705652176172,-0.0020986241559263945,1,-1
434,track_0799226,artist_370191,0.03384121922771315,-0.016436097020032132,0.02922739909647996,2,1
435,track_0801459,artist_347916,-0.016746771176993178,9.832789292431173e-05,0.01102886781911606,1,-1
436,track_0802279,artist_359034,-0.024521895498043296,-0.042832816631512206,-0.012353372474290403,1,-1
437,track_0802326,artist_359034,-0.009842568200824544,-0.03108894478401181,-0.020109077982558714,1,-1
438,track_0806979,artist_370314,0.0007605660983580866,0.02555240710442001,-0.044752785814280154,2,1
439,track_0809473,artist_006899,-0.013048417441905496,0.007989787573100777,-0.02047283894271156,1,-1
440,track_0811126,artist_356592,0.017595830403189325,0.01690607802243222,-0.01845265271321416,2,1
441,track_0811238,artist_344764,0.009955906933901401,-0.0036925771251216035,-0.011544594008383873,2,1
442,track_0811242,artist_344764,0.025792234562835324,-0.02205658951670919,0.012602952486393372,2,1
443,track_0812226,artist_370759,0.03645611178205657,0.0015898518371383842,0.022490565798903073,2,1
444,track_0812326,artist_370759,0.03315449128083239,0.0064148348769336415,0.016802964114486646,2,1
445,track_0816750,artist_370714,0.028692388380665713,-0.01873376567560713,0.01660131948769657,2,1
446,track_0817326,artist_340262,-0.01736451589699622,-0.0056346780690073655,0.001401984527780135,1,-1
447,track_0817638,artist_363229,-0.005100132266215689,-0.002286747322893111,-0.014389007544861134,1,-1
448,track_0818613,artist_002740,0.00861738465419764,-0.02508149580067562,-0.01043391190093867,2,1
449,track_0827326,artist_002656,0.013440015355255136,0.016919993804265766,-0.00984682174136036,2,1
450,track_0833459,artist_371031,0.00014111738763554273,0.042284840571361296,-0.02175441968735373,2,1
451,track_0834579,artist_002741,-0.006599940132514535,-0.03723584768727124,-0.024915389476291367,1,-1
452,track_0836526,artist_352870,0.01233691751467913,0.064347524967342,-0.02706691285734014,2,1
453,track_0840573,artist_371727,-0.014507021194523548,-0.040736314429723745,-0.016631964525853842,1,-1
454,track_0843213,artist_363229,0.002252225243235599,0.012868326162478032,-0.029374639320640474,2,1
455,track_0844690,artist_002323,-0.017256837096799798,0.029425101264066514,-0.007741548631780885,1,-1
456,track_0856979,artist_004812,-0.055728212775044056,-0.002275629213433857,0.07681860036998268,1,-1
457,track_0857157,artist_373002,-0.005416419165141773,-0.022890650264684145,0.00016832906012360867,1,-1
458,track_0858538,artist_342854,0.03993419515476282,-0.01719035754478461,0.029931637817700137,2,1
459,track_0858542,artist_342854,0.040027671748673485,0.03378565192212089,0.009341290679817775,2,1
460,track_0858550,artist_342854,0.030938962266359213,-0.00571882216890208,0.015205184327648879,2,1
461,track_0858779,artist_373214,-0.023077072763379985,-0.03233512437788817,-0.010167995759632623,1,-1
462,track_0859973,artist_337741,-0.014327460719500355,-0.0015503509581668142,0.0008211689753643597,1,-1
463,track_0865438,artist_371727,0.030518144131620746,-0.007517186347562916,0.015202789865121004,2,1
464,track_0866765,artist_369180,0.03348653354409498,0.018548717761125218,0.018093004270396274,2,1
465,track_0868290,artist_357359,-0.023576089646543806,0.04031556155568963,0.00455553000920056,1,-1
466,track_0871050,artist_002034,0.030906290476763073,-0.024516929974038808,0.0029522699412649327,2,1
467,track_0873138,artist_347673,0.05460901716126398,0.009063777817520375,0.01943445966909653,2,1
468,track_0873154,artist_347673,0.03661860723246856,0.04241829647777415,0.017728367556383726,2,1
469,track_0873554,artist_366162,-0.033216832229972515,-0.01650128716831166,0.03369213407035995,1,-1
470,track_0873559,artist_366162,-0.028416561909434316,-0.012771465492277395,0.027480561226103685,1,-1
471,track_0873565,artist_366162,-0.038479890963107916,-0.014927682571049442,0.041431814167707706,1,-1
472,track_0873613,artist_338447,0.011881674650726837,-0.029482729778686784,-0.010458243471442523,2,1
473,track_0874650,artist_338582,0.044982434361714965,-0.005688567203599129,0.023541408768396933,2,1
474,track_0874890,artist_357317,-0.028214056183824502,0.03265690414911648,0.018784804004334285,1,-1
475,track_0875373,artist_337741,-0.019297118615655365,-0.004764653303465057,0.008466071042846263,1,-1
476,track_0875379,artist_337741,0.0007151101127117217,0.05463674634965136,-0.02871064444031636,2,1
477,track_0877426,artist_366067,-0.015704950746101506,-0.027389760307647542,-0.013118856864432267,1,-1
478,track_0879142,artist_375104,-0.0059771217974251625,0.03720977851081847,-0.014338378891947529,1,-1
479,track_0879150,artist_375104,0.0036503331120286615,0.028004964602478585,-0.015344972302993554,2,1
480,track_0880665,artist_357317,-0.042359874114381815,0.04698543739932288,0.03330091100981241,1,-1
481,track_0880865,artist_006278,0.006926437174406154,-0.010541372309900165,0.0045894337061373434,2,1
482,track_0884126,artist_373067,0.023509501233491145,0.02271026552195426,-0.00646564413105762,2,1
483,track_0884659,artist_357291,-0.00847264880846521,-0.000676801905680428,0.0010580079964463592,1,-1
484,track_0884865,artist_363229,0.01969490136693468,-0.01870460310403041,0.004928705640807354,2,1
485,track_0887659,artist_002816,-0.017438106189745374,-0.03011778752340794,-0.01944282850953695,1,-1
486,track_0888290,artist_357317,-0.020073186966042718,0.014825016032065645,-0.004444231386687583,1,-1
487,track_0889265,artist_007862,-0.02877401855862214,-0.031404202461672026,0.0035455157263256936,1,-1
488,track_0890459,artist_340121,0.04288871969113559,0.009465228558688608,0.022983004893980977,2,1
489,track_0890465,artist_340121,0.04532707702318144,-0.004669333973110929,0.023989361024397304,2,1
490,track_0890565,artist_340121,0.04197859523668321,0.057941443495852556,0.007038427314447644,2,1
491,track_0890979,artist_362390,0.014997105200064078,-0.016629300165043017,-0.01851705630677281,2,1
492,track_0891038,artist_362390,0.01541289495868686,0.03171579602309301,-0.021668029301397437,2,1
493,track_0893426,artist_356592,0.0030946040171280884,0.00015442506636404254,0.001500743878520159,2,1
494,track_0900242,artist_005240,0.003225033901143539,0.03118904901131996,-0.01139523153404233,2,1
495,track_0900713,artist_378701,-0.009175158592632385,0.006787086342984287,-0.001682266775356136,1,-1
496,track_0900726,artist_378587,0.036220824541231614,0.03475619393189025,0.005609601242579951,2,1
497,track_0902079,artist_341542,-0.005062776137025077,-0.004494901358671846,-0.017849472065124095,1,-1
498,track_0902226,artist_339527,0.01210658671427867,0.013185978299375265,-0.01303287211681087,2,1
499,track_0902713,artist_001885,-0.0022103308586778935,0.013660375496262004,-0.0279484666380128,1,-1
500,track_0903590,artist_347673,0.01953592511117108,-0.010356770695312364,0.0016131565589427575,2,1
501,track_0908059,artist_365142,-0.013130649724495534,0.02645683979037991,-0.0027108566758093965,1,-1
502,track_0908090,artist_365142,-0.019299649316645705,-0.029116779140092565,-0.0031005401155631772,1,-1
503,track_0911357,artist_369180,-0.03370193298174325,0.01032716021366562,0.036454000386925124,1,-1
504,track_0911679,artist_345894,0.02207862716335074,0.005149006162546953,0.012473960922674944,2,1
505,track_0912259,artist_355362,0.01827439255739695,-0.005928317640241491,-0.005886302080863623,2,1
506,track_0912573,artist_349009,-0.013590099051997087,-0.0013102454506700228,-0.008410805372723713,1,-1
507,track_0913290,artist_007063,-0.00936313472645624,-0.027223925011071362,-0.013131612184292726,1,-1
508,track_0914550,artist_341542,0.0040247006122352555,0.011092952969774014,-0.03594209484615674,2,1
509,track_0915579,artist_341393,-0.013037501547262475,-0.026107382511654825,-0.005975514375781958,1,-1
510,track_0915738,artist_341393,-0.009145140630718016,0.03717200011464398,-0.010947568881985024,1,-1
511,track_0916090,artist_362935,-0.01208677641420873,-0.018710465715804394,-0.02303376613819007,1,-1
512,track_0916173,artist_002208,-0.021522931920893426,0.006005640755115174,0.0034441031206988455,1,-1
513,track_0916879,artist_007584,0.014283033751337174,0.022554327149859648,-0.00477185699508007,2,1
514,track_0919938,artist_352814,-0.02002740446753459,-0.02727542569274055,0.002431635405216922,1,-1
515,track_0919942,artist_352814,-0.025330560597926387,-0.047917340790498635,-0.017693780588893742,1,-1
516,track_0921757,artist_419285,-0.0026348303759679732,-0.023591169881772345,-0.019634205268471688,1,-1
517,track_0922938,artist_362433,-0.017005577582655855,0.006576473651370315,0.003934333406501351,1,-1
518,track_0925526,artist_347673,0.025408866248024378,-0.018368852207703776,0.02219264707811022,2,1
519,track_0934042,artist_007805,-0.00434823917487596,-0.00766730259095805,-0.038505427687821385,1,-1
520,track_0934050,artist_007805,-0.0039779187137186705,-0.01702230476091158,-0.017648441111994897,1,-1
521,track_0935513,artist_007584,0.013660203379283793,-0.02356414631997435,-0.00988315799188442,2,1
522,track_0938065,artist_007805,-0.019751004293971055,-0.02737417840374791,-0.017912088635211813,1,-1
523,track_0938079,artist_366415,0.011633177998129376,-0.027307039647348718,-0.019619967727667175,2,1
524,track_0938326,artist_355753,0.024646077478255344,0.048748068896773904,-0.0007969224789144261,2,1
525,track_0941154,artist_343767,0.03141059968038565,0.03114151950522713,-0.007340709911469366,2,1
526,track_0941157,artist_343767,-0.0034294921177634792,0.017991476381152654,-0.015804883645579193,1,-1
527,track_0941159,artist_343767,0.05834785204607229,-0.0022119693390870343,0.02517475796177413,2,1
528,track_0941854,artist_366549,-0.02840163996732976,-0.011336237151835082,0.03166958070357721,1,-1
529,track_0941857,artist_366549,-0.03127869662751805,0.028333721102430223,0.01955511122638078,1,-1
530,track_0944926,artist_338779,0.010588755437903026,-0.011414692887438056,-0.012884807374654481,2,1
531,track_0944979,artist_341049,-0.0127425306400143,-0.009011493603708903,0.014290548129968397,1,-1
532,track_0945026,artist_355362,0.040240760386419994,0.04811579310211516,0.010833778206870816,2,1
533,track_0946413,artist_005240,-0.022066387636198007,0.0004035075094859516,0.008281063935550007,1,-1
534,track_0949226,artist_005240,0.025558483916919294,0.014692450998853041,0.016767707217504695,2,1
535,track_0950579,artist_340262,0.028495288920410297,-0.01579713651367211,0.015801195152835675,2,1
536,track_0951879,artist_347673,0.04552091012582874,-0.02235719522050239,0.0023485528310033055,2,1
537,track_0951890,artist_347673,0.03221766458347997,0.011548622580726515,0.012603050579336694,2,1
538,track_0952490,artist_361044,-0.01160045352053977,-0.027053753763945376,-0.015038476720184314,1,-1
539,track_0952690,artist_341323,-0.02249873087497136,-0.00331242417586063,0.006610526758274898,1,-1
540,track_0955654,artist_363229,0.00653946723069196,-0.030509626931378604,-0.030854760299720948,2,1
541,track_0956242,artist_369472,0.023741847618923572,-0.0068189908405106815,0.00494909485049173,2,1
542,track_0956550,artist_366613,0.03147093140758894,-0.004758169062666692,0.009706796139937125,2,1
543,track_0957413,artist_363229,-0.0009166856598746592,-0.0205427268352975,-0.024916497409775577,1,-1
544,track_0957754,artist_005801,0.032450600117370075,0.021247284145034934,0.01040399468405145,2,1
545,track_0957938,artist_420364,-0.00044124740124011695,0.00470585904645187,-0.014437922522692175,1,-1
546,track_0958479,artist_005801,0.040326830570657925,0.03685153772051577,0.02320540702636228,2,1
547,track_0958857,artist_340947,0.0363016846580643,0.029394627339056945,0.023065002628236908,2,1
548,track_0959154,artist_366613,0.05577648079350051,-0.01172415097749897,0.02919164184835259,2,1
549,track_0959157,artist_366613,0.054839999017019504,-0.01660555180400871,0.035839768313509934,2,1
550,track_0961259,artist_356592,0.002395497701043841,-0.03979061297117811,-0.025458066729500805,2,1
551,track_0961954,artist_423996,0.030694060720992934,-0.0001718736883100544,0.01711487436595077,2,1
552,track_0963790,artist_348254,0.005745860438447981,0.005618958647202084,-0.010982435893132686,2,1
553,track_0964538,artist_424916,-0.020790493101462006,0.014861647880698275,0.004346148759931421,1,-1
554,track_0964542,artist_424916,-0.030350976007166224,-0.012474348693539996,-0.006611656435583066,1,-1
555,track_0965313,artist_367887,0.01377280673954402,-0.008843751352655336,0.003771647839216429,2,1
556,track_0965438,artist_367887,0.014204844681428125,0.02751813502906587,-0.009249260357883558,2,1
557,track_0965442,artist_367887,0.0013645556797036954,-0.026411114422329237,-0.015050607967295768,2,1
558,track_0965450,artist_367887,0.0017204603386944289,-0.047195160886261835,-0.031820832758243656,2,1
559,track_0965790,artist_423996,-0.007020679101490898,0.0038012976836498233,-0.0005125435234702734,1,-1
560,track_0966113,artist_005801,-0.0006589791719726457,0.0034304556480559425,-0.024623243800007046,1,-1
561,track_0966857,artist_425159,0.01110764586700867,-0.012180887224483815,-0.012353741037266967,2,1
562,track_0967238,artist_350774,-0.01185279576508695,-0.024548511172745105,-0.01047950116394845,1,-1
563,track_0967242,artist_350774,-0.002186016172326397,0.059258008624014785,-0.02570131517632019,1,-1
564,track_0967573,artist_342854,0.07563377498350136,0.034167143709418174,0.053687768728159745,2,1
565,track_0968979,artist_336621,0.0018444786775589986,0.03071402473210158,-0.04291579664501213,2,1
566,track_0970850,artist_004729,0.004016790786573328,-0.01666576577653893,-0.00838407252726951,2,1
567,track_0970879,artist_004729,0.010972617864721342,-0.027913646539123024,0.006687084261543253,2,1
568,track_0972173,artist_366613,0.0548310934620819,-0.023706817875715724,0.03757424489849815,2,1
569,track_0972626,artist_005240,-0.016385494784025786,-0.029980052816567477,-0.0033836252327781673,1,-1
570,track_0973250,artist_000560,0.0008228037538443432,0.015370295653312431,-0.014914395774378308,2,1
571,track_0973254,artist_000560,0.027539811396928956,-0.02240518748289569,0.01018076853690212,2,1
572,track_0973754,artist_375104,0.0031517954122878104,0.02581346349715692,-0.01266436876395121,2,1
573,track_0973757,artist_375104,-0.00409869134802272,0.02521865039643702,-0.013927283421540902,1,-1
574,track_0974965,artist_006987,-0.024198307976312013,-0.007873286602891641,0.020953061827218847,1,-1
575,track_0975526,artist_365142,0.014370465247790494,-0.005745340391716169,-0.00791388008554636,2,1
576,track_0976713,artist_347673,-0.004084875498540303,-0.003950175745019336,-0.018316081291151354,1,-1
577,track_0976779,artist_421686,-0.015536818543624636,0.028138056192019534,0.005889272451791168,1,-1
578,track_0976790,artist_421686,-0.029613992222491215,-0.01786677708521968,0.008889700837355135,1,-1
579,track_0979838,artist_427108,0.048026256217731066,0.013712006097526295,0.028077196235923318,2,1
580,track_0979842,artist_427108,0.05154032330526227,0.00608286225469001,0.036501035155410914,2,1
581,track_0979850,artist_427108,0.05283252785488016,-0.01255651471157894,0.02391068762055831,2,1
582,track_0979854,artist_427108,0.04274320064094412,0.012578895388453467,0.03025699651489951,2,1
583,track_0979857,artist_427108,0.028070362790096903,-0.00993798929753475,0.01206191693110001,2,1
584,track_0979859,artist_427108,0.03831570089414965,-0.004985315309408556,0.018527993601507916,2,1
585,track_0979865,artist_427108,0.036206397658736005,0.0021008997294396413,0.021608656734086067,2,1
586,track_0980765,artist_365142,0.03311227100365019,-0.003372634701510898,0.016083015490172863,2,1
587,track_0981257,artist_375935,0.036151146333211745,-0.00561696392110209,0.016404245265373124,2,1
588,track_0981913,artist_007584,0.009851020437417868,0.0019256247248492114,-0.016402387944009642,2,1
589,track_0982390,artist_364878,0.0028942721711371316,0.01568603295432825,-0.028616713613935037,2,1
590,track_0983938,artist_370822,-0.013433301252086591,-0.041989750808414446,-0.028028384311030437,1,-1
591,track_0984513,artist_368880,-0.024640264763280444,-0.02224868096843994,0.011603266388724963,1,-1
592,track_0984754,artist_007584,0.03337240091452847,-0.009648630102875843,0.027913057063745035,2,1
593,track_0984990,artist_428049,0.013381322970925846,0.01227442375356608,-0.021469935327508054,2,1
594,track_0986590,artist_007805,0.03774221320403035,0.03176258063336824,0.006553217352271803,2,1
595,track_0989065,artist_000560,0.002193291538803351,-0.014583374463687095,-0.0213352887391962,2,1
596,track_0989073,artist_000560,0.03952564588724553,-0.04389085112296529,0.002165414211867243,2,1
597,track_0989713,artist_347673,-0.00463289797017555,-0.002798317624507453,0.013732829330253408,1,-1
598,track_0989850,artist_006905,0.0056820388500506145,-0.007423035660646335,0.011116906880144507,2,1
599,track_0989879,artist_357359,-0.020906747914503473,-0.009716666983923025,0.009463113868339245,1,-1
600,track_0993757,artist_428971,-0.019825611472372554,0.017826796596364165,0.0209891758688386,1,-1
601,track_0993759,artist_428971,-0.028224901120178503,0.003645531660453326,0.03675211418715925,1,-1
602,track_0993765,artist_428971,-0.010675350960472065,0.0003014730050446351,-0.007404043135264099,1,-1
603,track_0997273,artist_428971,-0.02299792237219278,0.0018983825348737491,0.020354966862756934,1,-1
604,track_0997279,artist_428971,-0.00373422384593831,0.02341908808125029,-0.015784741152103942,1,-1
605,track_0997879,artist_375935,-0.023883251553352032,-0.02888293909680796,0.005266705652876884,1,-1
606,track_1000113,artist_355362,0.00652415664887096,0.04932846441021756,-0.029539842583440275,2,1
607,track_1003073,artist_355274,0.020268290951591446,-0.011436756301305178,0.0017930149913079811,2,1
608,track_1006557,artist_337741,-0.00711146156119599,0.034015186609580035,-0.0010322971447408204,1,-1
609,track_1009350,artist_367979,0.0016129354100282707,0.0373376580138888,-0.04693150790821863,2,1
610,track_1009354,artist_367979,0.005327384698776918,0.06828321521020975,-0.050560837336566015,2,1
611,track_1009673,artist_007063,-0.008310341539925653,0.02301806289229976,-0.01426774981576708,1,-1
612,track_1010665,artist_002034,-0.03475501633953371,0.012390407846550976,0.05839127899137314,1,-1
613,track_1010826,artist_000560,-0.01954627054105741,-0.03177978191799064,-0.022829990803682795,1,-1
614,track_1010979,artist_007584,0.006534889596644328,0.0038911013165741676,-0.004791401453318697,2,1
615,track_1011650,artist_431049,-0.013191984807533972,-0.04129458876380814,-0.027363747212893506,1,-1
616,track_1011950,artist_002054,-0.007666016588240948,-0.035959467642890076,-0.03265230946146189,1,-1
617,track_1011954,artist_002054,0.031404581153483435,-0.010206713914507615,0.015536355866457458,2,1
618,track_1011957,artist_002054,0.02798612645006583,-0.003831277991666438,0.01234372812032081,2,1
619,track_1011959,artist_002054,-0.000757404655420549,-0.016353192393885888,-0.019220552169911666,1,-1
620,track_1011965,artist_002054,0.03172167459395588,-0.0040784162538332405,0.006861872746703831,2,1
621,track_1012513,artist_431049,-0.007047806085496009,0.07333140363137354,-0.02768246114535728,1,-1
622,track_1012642,artist_431325,0.03948770061448294,-0.01668800606987567,0.02030935562022693,2,1
623,track_1016179,artist_004934,-0.015867854216499104,-0.024095706431184805,-0.013638840418730317,1,-1
624,track_1020438,artist_373547,-0.002766908079320153,0.04481428300591668,-0.019288690407064917,1,-1
625,track_1021750,artist_428971,-0.011110065006737925,-0.01706535656481566,-0.011878121598380567,1,-1
626,track_1021754,artist_428971,-0.023329203787047566,-0.020698549716900428,0.0018810757421894634,1,-1
627,track_1021913,artist_002741,-0.017906304146296462,-0.04108646514456421,-0.032836657704896126,1,-1
628,track_1022250,artist_432521,0.023705014367198716,0.013373618406948354,0.000866275283379488,2,1
629,track_1022254,artist_432521,0.026829971795870673,-0.018521726328716005,0.004249117551106956,2,1
630,track_1022638,artist_007584,0.033373229681219446,-0.03250062797210819,0.013872597154586004,2,1
631,track_1023138,artist_340121,0.038429129736205866,-0.00017615447875758263,0.012279497519249487,2,1
632,track_1023265,artist_432273,0.03504565219918484,-0.017592274489693163,0.034572016442072945,2,1
633,track_1023273,artist_432273,0.024769203873746187,-0.0024501005110939534,0.011768513531040027,2,1
634,track_1023279,artist_432273,0.030457717386326584,0.029009126649398916,-0.0006241646989911166,2,1
635,track_1026090,artist_366162,-0.03200079263579133,0.013995956859577744,0.04960217063523529,1,-1
636,track_1026957,artist_432967,-0.00829353237607522,-0.02750909635575943,-0.01911731453885052,1,-1
637,track_1027159,artist_432967,0.026010481838261625,-0.017789821292618718,0.00852810277733645,2,1
638,track_1027573,artist_361694,0.01666822333940608,-0.0008732172918554642,0.0038459195068418243,2,1
639,track_1027913,artist_005240,-0.006227663855675185,-0.0004940655328891877,0.0028646228648918953,1,-1
640,track_1027926,artist_005240,-0.0023788996158725577,-0.02717971812090629,-0.013525093356336013,1,-1
641,track_1027959,artist_360311,0.005603784468810742,0.04014729432480329,-0.02342355572070446,2,1
642,track_1028913,artist_366613,0.03790113336579767,-0.015981290206036364,0.02161958406870782,2,1
643,track_1028938,artist_375104,-0.013181713433214061,0.010370733819180548,-0.003134915873805529,1,-1
644,track_1029179,artist_004812,0.009527688210311197,-0.020661950410195473,0.008870351727284618,2,1
645,track_1029542,artist_361660,0.0054803508447893315,-0.005818306641470131,0.010217484968309475,2,1
646,track_1029554,artist_337159,0.016925554762826065,-0.006457221879052152,-0.015818064370275137,2,1
647,track_1029838,artist_003004,0.0023252114200986284,0.008939277663210215,-0.013475178996028807,2,1
648,track_1029950,artist_423996,0.0036190976623355475,-0.026021618227813282,-0.019547466345588165,2,1
649,track_1032157,artist_421279,-0.016964510320103134,-0.027104529435347385,-0.021596604354047023,1,-1
650,track_1032226,artist_379099,0.032403989425188406,-0.024417872418272413,0.006397681596488111,2,1
651,track_1032850,artist_375327,-0.014579759661262248,0.0016685428244740937,0.012110187151951756,1,-1
652,track_1033354,artist_428489,0.0026108308524187144,-0.006597585798367741,-0.006126511256348248,2,1
653,track_1033913,artist_422519,0.011409228577162936,0.03274920369279455,-0.03771028678802323,2,1
654,track_1034238,artist_434091,-0.0038396643449633413,0.02852343836388603,-0.01961208967958182,1,-1
655,track_1034573,artist_432466,0.008566454134936553,0.023109302036178617,-0.02264332274500999,2,1
656,track_1035757,artist_339169,-0.007679777788887621,-0.028785027728846776,-0.028773724849955832,1,-1
657,track_1035759,artist_339169,0.001079132650561695,0.00028653796374109676,-0.005008873893623504,2,1
658,track_1035765,artist_339169,-0.01881925817354031,-0.0011566843797658633,0.010009862133762284,1,-1
659,track_1037338,artist_000811,0.04846028018575489,-0.011187876188727252,0.025439051010152914,2,1
660,track_1038157,artist_434578,0.03879572714991002,-0.012428879985391921,0.03184986306140445,2,1
661,track_1038159,artist_434578,0.04013011873950179,-0.014471302494667186,0.018711707703372386,2,1
662,track_1039757,artist_366701,-0.0015636595956261905,-0.015342229541298463,-0.01512262996172831,1,-1
663,track_1039759,artist_366701,0.01547203348052379,0.008433265701682744,-0.02225733552576833,2,1
664,track_1041157,artist_363226,-0.032547784856059137,0.02919350748565361,0.016962788426995105,1,-1
665,track_1041265,artist_434948,-0.024650881361803947,0.004478207708310349,0.027165610418500356,1,-1
666,track_1041557,artist_427960,0.010329272416264529,-0.020788930233241635,0.002223265503703821,2,1
667,track_1041559,artist_427960,-0.008525429334557098,-0.023150742658263387,-0.008407388880609691,1,-1
668,track_1041957,artist_341642,-0.03373874505090686,0.007928760580690235,0.05671688257166125,1,-1
669,track_1041959,artist_341642,-0.014007099414337698,0.010843888436991113,-0.0027717852639804114,1,-1
670,track_1042013,artist_434945,0.015033793373721616,-0.0005077550456828409,-0.011575715444630853,2,1
671,track_1042079,artist_362636,0.0020581389487194235,0.032751390139986826,-0.00985725396516855,2,1
672,track_1043173,artist_359114,-0.009629003558600115,-0.04701971794755783,-0.04318023849530834,1,-1
673,track_1043538,artist_375104,0.0010040432847714781,0.020839025678647302,-0.011624387652197659,2,1
674,track_1044779,artist_355675,-0.010519803390493338,0.024001493532838935,-0.0031686663322636195,1,-1
675,track_1044813,artist_362473,-0.012994363767286613,-0.006289296135704902,0.011428580419160481,1,-1
676,track_1044826,artist_375935,-0.008653972630740744,0.02157011824400989,-0.0013800163633521788,1,-1
677,track_1044950,artist_005279,0.0009892198638394355,-0.01846044706862308,-0.007061269085235232,2,1
678,track_1045065,artist_379099,0.012993278504622877,0.018746366314697307,-0.004906824023346923,2,1
679,track_1045250,artist_003944,-0.02643792801863838,-0.05208017976319263,-0.02846714001033125,1,-1
680,track_1046465,artist_005951,0.08266946079863105,0.018702315380195882,0.06531757866508356,2,1
681,track_1046742,artist_370789,0.035881935054215414,-0.01700006923926813,0.01127447630192268,2,1
682,track_1046759,artist_361044,0.022102173974550877,-0.007033065975386804,0.006033163576079375,2,1
683,track_1047438,artist_359452,-0.02089066219133823,0.00719971311329667,0.008596803868688276,1,-1
684,track_1047957,artist_369180,-0.02773672531702394,0.0017829862225796462,0.0350432788435883,1,-1
685,track_1047959,artist_369180,-0.00505956808813381,-0.02994973640656884,-0.03110241539314212,1,-1
686,track_1048090,artist_420796,0.03830994580672085,0.004948293757257713,0.03715611979948089,2,1
687,track_1048226,artist_375935,-0.006031344535015073,-0.012770594364120352,-0.0036546205572181626,1,-1
688,track_1048290,artist_008094,0.036028927951356794,0.03403566976875043,0.014010124560437334,2,1
689,track_1048357,artist_008094,0.06056322973145714,0.0062017120987266855,0.03780712053791413,2,1
690,track_1048359,artist_008094,0.03043333508584712,-0.006620336096818459,0.02630301359848066,2,1
691,track_1048679,artist_352172,0.021469093493065382,0.015302163502206886,0.00021604288580164593,2,1
692,track_1048750,artist_008094,0.06683653130424158,-0.02755915558690646,0.061436913148079995,2,1
693,track_1048765,artist_008094,0.004149646573023355,0.0021393666661565338,-0.002420922417145662,2,1
694,track_1048773,artist_008094,0.032049767443091466,-0.010433329928652374,0.016945889236504114,2,1
695,track_1049513,artist_008094,0.02141749612502915,0.0047739244074810425,0.013645093939568094,2,1
696,track_1049713,artist_008094,0.023506600521983993,-0.026832706309714387,0.009741771125250409,2,1
697,track_1051173,artist_435792,0.021204667521367872,-0.027970842263525652,0.0016388704510126098,2,1
698,track_1052138,artist_435725,0.033866050551758925,-0.004354631012453044,0.01836911243273641,2,1
699,track_1052154,artist_421686,-0.03784386739475757,0.00958153406419462,0.06282232681617166,1,-1
700,track_1052157,artist_421686,-0.017779713804418677,0.005018066118550679,-0.0038229257514389653,1,-1
701,track_1052159,artist_421686,-0.033904476927131014,0.02254832519341832,0.03503642239650202,1,-1
702,track_1052679,artist_344764,0.032314147591576144,-0.011499735517863846,0.005192976673359212,2,1
703,track_1053054,artist_436282,-0.0321857452840453,0.006983523243420126,0.04789058194922774,1,-1
704,track_1053226,artist_350115,-0.017087360801316384,0.007575742271867859,0.0067530202370126345,1,-1
705,track_1053338,artist_359617,-0.02924197726231716,-0.027666694903296835,0.0023145952633542854,1,-1
706,track_1053842,artist_340225,0.0371780646129952,-0.0049757231317077,0.023425119885453514,2,1
707,track_1054342,artist_007805,0.013138465653992187,0.00247893015631762,-0.022625370786933597,2,1
708,track_1054373,artist_367887,0.0013319491377765701,-0.015393652595263495,-0.02583261269323595,2,1
709,track_1054438,artist_007805,0.018777620032435407,0.023345852736081127,-0.032767302857350945,2,1
710,track_1056142,artist_349503,0.043067063942351755,0.02039518449745028,0.03044432787555639,2,1
711,track_1057257,artist_359114,0.009509466072343329,-0.0020770164077833705,-0.012847112808929268,2,1
712,track_1057426,artist_436872,-0.02025439185297205,0.055776116102080116,-0.024334056208479178,1,-1
713,track_1058213,artist_436908,0.05600928838979943,-0.008781228499814463,0.04029357954255877,2,1
714,track_1058226,artist_005544,-0.014174458735193445,-0.005908166544036098,0.0025390019156358245,1,-1
715,track_1058326,artist_366613,-0.012286523447018114,-0.002926278742767728,-0.009626101146207622,1,-1
716,track_1059973,artist_428874,0.023759179224824265,-0.022913559626325596,0.00021572223251606324,2,1
717,track_1060626,artist_432545,-0.013381318429967011,-0.0009795440387715944,0.006576535920094121,1,-1
718,track_1060638,artist_432545,-0.01045871956564056,-0.021602451184683156,-0.02623801705901843,1,-1
719,track_1061373,artist_007063,-0.001905902128518366,0.05960912886889451,-0.019889739403483965,1,-1
720,track_1061379,artist_007063,-0.014896426089337219,0.030836571302592142,-0.013447829411637384,1,-1
721,track_1061413,artist_007063,-0.01020530529273709,-0.03040455485613637,-0.041871407699681874,1,-1
722,track_1061457,artist_007063,-0.01269386739384965,0.01323312481958229,-0.009648834607584622,1,-1
723,track_1061459,artist_007063,-0.010418109358547064,0.01424729412368163,-0.01543865439713831,1,-1
724,track_1061473,artist_007063,-0.013646678433410775,0.03431724181230362,-0.021407752259876168,1,-1
725,track_1062590,artist_428449,0.006638346216682647,0.02576141498497877,-0.013337332333144122,2,1
726,track_1063179,artist_000560,0.0097656408120569,-0.022267780331472274,-0.017955823384006604,2,1
727,track_1063326,artist_437571,-0.004799909828157908,-0.023021268553215266,-0.023798048356418133,1,-1
728,track_1063450,artist_437571,-0.01439952643522814,-0.00042552862679621936,0.014211218704346268,1,-1
729,track_1063454,artist_437571,0.016646400652672422,-0.005845537217254878,0.00392911833070354,2,1
730,track_1063457,artist_437571,-0.02417843394524062,-0.008581498605664989,-0.0006799995904897112,1,-1
731,track_1063459,artist_437571,-0.014158313512496083,-0.003292784791307878,0.0011444272948043805,1,-1
732,track_1063679,artist_337741,0.00012320861386500392,-0.011213843416788893,-0.011984886568531024,2,1
733,track_1064438,artist_338130,0.0043464640061596565,-0.010546473064932997,0.0006680816493045989,2,1
734,track_1064559,artist_377663,0.0024832239598742444,0.004471879322855589,-0.01791139698982442,2,1
735,track_1065626,artist_437812,0.007864639155052724,-0.007341138399914479,-0.009643535077305733,2,1
736,track_1065654,artist_340710,-0.015462727815297337,-0.034931413523221586,-0.024154145532977594,1,-1
737,track_1066054,artist_350284,0.0363300926437574,-0.03765283474070603,-0.007183037913865277,2,1
738,track_1066513,artist_437980,-0.007647390197293893,-0.009533926785865532,-0.010856805729782853,1,-1
739,track_1066526,artist_437980,-0.01950781229746258,-0.005468165329299557,0.011014618180759553,1,-1
740,track_1066557,artist_437980,-0.011303367244470458,-0.018403907760673514,-0.009176533805871842,1,-1
741,track_1066573,artist_437980,-0.03262546512425173,-0.003481485434408956,0.03534219966818462,1,-1
742,track_1067265,artist_438155,-0.018092772083971833,0.006058409926287277,0.01501473833407168,1,-1
743,track_1067273,artist_438155,-0.0381145528487716,0.008750592190161078,0.06389664790651418,1,-1
744,track_1067290,artist_351337,-0.004254553521516633,-0.026429464577357065,-0.032425592112508686,1,-1
745,track_1068379,artist_363229,0.019054144499157932,0.028564064947885322,-0.011286474738278391,2,1
746,track_1070113,artist_435725,0.0362479286536049,-0.021506617062997373,0.025901239215614526,2,1
747,track_1070638,artist_367887,0.023558828482208888,0.013503424568472741,-0.007758162979345088,2,1
748,track_1072126,artist_375104,-0.0034351429760389016,0.006229291389435375,-0.008678665116390046,1,-1
749,track_1072426,artist_339989,-0.006862885656762827,-0.006790520354194294,-0.003439063093793739,1,-1
750,track_1072438,artist_339989,-0.012876080838030424,-0.010942422516782182,-0.0004918263807242435,1,-1
751,track_1072579,artist_430947,0.014585034495681251,-0.007281672768188229,-0.0057010589465370815,2,1
752,track_1072913,artist_354832,-0.019690252416629944,-0.023322925234047776,0.010136134807159757,1,-1
753,track_1073154,artist_007862,-0.01170633464397541,0.0027420325677418424,0.004146282831030381,1,-1
754,track_1073157,artist_007862,-0.004367069055084627,-0.022907901404304626,-0.012297716722509679,1,-1
755,track_1073213,artist_428449,0.000715699145022283,0.05153672848822644,-0.02335493223922406,2,1
756,track_1073290,artist_421686,-0.011242907887772234,0.014462419108542854,-0.013918577349044666,1,-1
757,track_1073654,artist_341778,-0.017671353030794045,-0.019363522818417068,0.007105162917613244,1,-1
758,track_1074726,artist_000560,0.006931424168800521,0.049227847490388485,-0.028014782096649326,2,1
759,track_1074738,artist_000560,-0.010413695068316527,-0.00956884145466965,-0.0013538735364578228,1,-1
760,track_1074742,artist_000560,-0.001386900743665755,0.0516278549050878,-0.01957467089590401,1,-1
761,track_1074750,artist_000560,-0.010190654761374403,-0.04190226465763701,-0.050600993859167206,1,-1
762,track_1075326,artist_360980,0.005730231495082125,0.06077195136557262,-0.02485092129757135,2,1
763,track_1076454,artist_340553,-0.010395326560537358,-0.02959789066071767,-0.024061536362372217,1,-1
764,track_1076457,artist_340553,0.012320041623988531,-0.0226985112564477,-0.0182484968279892,2,1
765,track_1076459,artist_340553,0.0022470188618761875,0.006459991964690554,-0.02604363228340306,2,1
766,track_1076690,artist_426277,-0.01138534028005332,-0.023306662662629405,-0.00593993974955433,1,-1
767,track_1077954,artist_005240,0.005858466712206052,-0.0006520215200394454,-0.01648968436533406,2,1
768,track_1078365,artist_341528,0.02933229153916606,0.0024043967536078784,0.01177214673800671,2,1
769,track_1078426,artist_438603,-0.0021259720170745708,-0.020049766989631308,-0.021366433186131083,1,-1
770,track_1078438,artist_438603,0.006479996357855078,-0.008870623953379387,-0.016258243394161584,2,1
771,track_1078442,artist_438603,-0.006217640769161792,-0.030980704186377626,-0.01798107597997904,1,-1
772,track_1078450,artist_438603,0.0011256573183861865,0.051831398327211835,-0.018229706889434056,2,1
773,track_1078457,artist_438603,0.008265333217622973,0.013100547717825118,-0.02997426963947448,2,1
774,track_1078465,artist_438603,0.019693588168999215,-0.017116411760557386,-0.01091229546412835,2,1
775,track_1078473,artist_438603,0.0013323197730321823,0.009140375699431071,-0.036689147796686854,2,1
776,track_1078479,artist_438603,0.031220334482782563,0.043187021677055376,0.0005908497260612871,2,1
777,track_1078613,artist_007805,-0.010855596182387756,-0.009544684044661429,-0.015338728347622902,1,-1
778,track_1078826,artist_433381,-0.02593446875171535,0.01727729895017634,0.01585269096773369,1,-1
779,track_1079150,artist_375104,-0.013424889504683643,-0.03239721875746778,-0.01710745683931542,1,-1
780,track_1079157,artist_375104,-0.0031578621513716296,-0.014073089474993543,-0.013035985741173046,1,-1
781,track_1079250,artist_368762,0.0009761382055289399,0.0463596078740016,-0.02341914364511864,2,1
782,track_1079254,artist_368762,0.012162045279623505,0.009189678038290875,-0.015978517897602303,2,1
783,track_1079257,artist_368762,0.03291256029848137,0.001652964220647347,-0.009151287331006215,2,1
784,track_1079313,artist_423996,0.01700012098564516,0.0010864880058300604,0.0008600803780243977,2,1
785,track_1079757,artist_438603,0.0073137789588737035,0.06041374409796574,-0.037805753321592805,2,1
786,track_1080157,artist_438910,0.02680419119397789,-0.008120864559208275,0.01911672614208878,2,1
787,track_1080165,artist_438910,0.02589845486478721,-0.0023466700292418055,0.01592993111655852,2,1
788,track_1080565,artist_438910,0.03991002259426752,0.002808114479108176,0.023342774897742835,2,1
789,track_1080990,artist_370789,0.02554949988162339,-0.014824793155728282,0.02134835205623819,2,1
790,track_1081159,artist_007907,0.033374019159410066,-0.04466934623918714,-0.026578519073186205,2,1
791,track_1081690,artist_352416,-0.024067359822557668,0.005954379931349377,0.017136969828787506,1,-1
792,track_1081713,artist_352416,-0.030561093041319435,0.0014530621016789534,0.04198549009851367,1,-1
793,track_1081842,artist_419438,-0.021397799134209514,-0.006079501330191286,0.017981603032600012,1,-1
794,track_1081857,artist_419438,-0.02262890974517533,-0.020718596650974253,0.01154987894655295,1,-1
795,track_1081859,artist_419438,-0.010733487038446095,-0.01879225745445925,-0.008605551112787263,1,-1
796,track_1081865,artist_419438,-0.019132991418438737,-0.02061131803813593,0.006685022341150883,1,-1
797,track_1082554,artist_352844,0.03300251676619254,-0.04045197475350431,-0.0007113862949218242,2,1
798,track_1082754,artist_427777,0.020676517593210257,-0.002031030147631008,0.009895024733709037,2,1
799,track_1082757,artist_427777,0.024871579614943642,0.018854658130152413,0.011039715348945097,2,1
800,track_1082759,artist_427777,-0.006579404721182374,-0.0014767214032688043,-0.011963982944479102,1,-1
801,track_1083213,artist_439372,-0.013009464993082392,-0.04307164975170285,-0.04204829804367674,1,-1
802,track_1083413,artist_439604,0.004865244131015412,-0.005447526314047935,-0.0021433565628667575,2,1
803,track_1083526,artist_352428,0.029258643224345824,0.025146135392244928,0.006313937141052437,2,1
804,track_1083538,artist_352428,0.04176320221544355,-0.02591807948028665,0.005981206921924994,2,1
805,track_1083959,artist_373214,0.035911540508816675,-0.018534413666220464,0.02587198052949995,2,1
806,track_1084165,artist_358348,0.0005222145107283677,0.005907601677879921,-0.01966276594113321,2,1
807,track_1084173,artist_358348,0.006317629659070886,0.011847770036242695,-0.008532965533548481,2,1
808,track_1084190,artist_439398,0.012575605565718337,0.0015797329659246356,-0.004439357039574035,2,1
809,track_1084365,artist_361274,0.011220101097082893,0.01634252773968424,-0.005759499907320754,2,1
810,track_1084379,artist_361274,-0.0011015658857350735,-0.03215273901345558,-0.019598326902840774,1,-1
811,track_1084738,artist_439604,0.030819088857775366,-0.00982248242661087,0.014690103592256408,2,1
812,track_1084742,artist_439604,0.028687819738812688,-0.015044253496101744,0.01890342932438617,2,1
813,track_1085242,artist_347673,0.010279329485826789,0.036775557650894,-0.012238995018568054,2,1
814,track_1085279,artist_439604,0.03484683086164473,-0.019128038142936832,0.01819164371492264,2,1
815,track_1085738,artist_369391,0.032920448883568765,-0.03159171760843841,-0.0038881613688037868,2,1
816,track_1085742,artist_369391,0.0006129463235200095,0.0008540369872988387,0.0022071741011401446,2,1
817,track_1085950,artist_370789,0.026580188856651275,0.015308858817220581,0.0034088856458301094,2,1
818,track_1087059,artist_000560,0.03237746003389401,-0.032617767150772116,0.012730024274443814,2,1
819,track_1087079,artist_000560,0.039652836962123184,0.0034930604716702143,0.02321307336315985,2,1
820,track_1087090,artist_000560,0.019672403356852042,-0.018429534025753487,-0.0028572297165526226,2,1
821,track_1087257,artist_378747,0.03071307177820438,0.00032135830836429026,0.017973922712421132,2,1
822,track_1087538,artist_004142,-0.0026518947478512724,-0.05231462602115719,-0.04439804902683135,1,-1
823,track_1087554,artist_419438,-0.03463955113936771,0.002672758187474748,0.03140695610693071,1,-1
824,track_1087557,artist_419438,-0.011312632284940439,-0.029518479659814502,-0.018050743363323702,1,-1
825,track_1087559,artist_419438,-0.012412185775976428,-0.027551941488563846,-0.006336874110529439,1,-1
826,track_1087565,artist_419438,-0.005939517710383939,0.043055068384399486,-0.015719329794659335,1,-1
827,track_1088579,artist_375104,0.004239045941922565,0.02403174458670673,-0.013363105231703833,2,1
828,track_1088590,artist_375104,0.017044296158169183,0.05838895864423767,-0.012620419934709757,2,1
829,track_1089138,artist_357317,-0.02947583509877128,0.005487764164180059,0.03455412709020042,1,-1
830,track_1089142,artist_357317,-0.029018096623520902,0.004426719655103242,0.044927727547781564,1,-1
831,track_1089265,artist_432564,0.007765613714069264,-0.024664043475275656,-0.03393566345983862,2,1
832,track_1089273,artist_432564,0.04414515720971807,-0.0022674916636614625,0.025429850163188977,2,1
833,track_1089913,artist_428829,-0.023853591145454774,-0.012866935511322728,0.022334828274346765,1,-1
834,track_1090150,artist_437571,-0.007316107176651773,0.026061779826743854,-0.008759911066490966,1,-1
835,track_1090465,artist_439398,-0.001353149905151713,0.005156631593058136,-0.019693088535785087,1,-1
836,track_1090657,artist_438910,0.022148322883300035,-0.009374278198923697,0.006276088502949091,2,1
837,track_1091338,artist_437812,-0.0021214371031933973,-0.018517201616253847,0.004526379486986993,1,-1
838,track_1092173,artist_438910,0.0343814357646548,0.004188042123165195,0.01878926033027897,2,1
839,track_1093426,artist_352416,-0.014655847656267923,0.0004289603293664137,0.002817535645173837,1,-1
840,track_1093613,artist_378695,-0.0008399647255500616,0.04818872358840261,-0.022102618896552132,1,-1
841,track_1094050,artist_350284,0.024327107433791347,-0.024295511131621775,-0.002710860971057128,2,1
842,track_1094054,artist_350284,0.02788485651687217,-0.035568557667172644,-0.0019575899725031475,2,1
843,track_1094138,artist_003025,-0.02359235225858664,0.002695350469537086,0.024308666221678453,1,-1
844,track_1094142,artist_003025,-0.01607598027950896,0.009134157555807083,0.008930604045896105,1,-1
845,track_1095113,artist_428449,-0.01415775682690421,0.011464002609489873,0.006971295479547638,1,-1
846,track_1095365,artist_386200,-0.023063619231166992,-0.00464821519408887,0.023946080765577502,1,-1
847,track_1095473,artist_437812,0.006357099469440292,-0.014219992127342639,0.0052529426807173055,2,1
848,track_1095757,artist_338779,0.008648481500725504,0.022373539457235494,-0.02003196938071999,2,1
849,track_1096057,artist_369391,0.01590686462169913,-0.015711548825403498,0.0012994497899723827,2,1
850,track_1096126,artist_358348,-0.003995028956466946,-0.017059103755945763,-0.012568972570938346,1,-1
851,track_1096138,artist_439935,0.010519780757775442,0.0016952270484278029,-0.017941386814200332,2,1
852,track_1096873,artist_440452,-0.0006251929952571639,0.052196962367783546,-0.02859377933048273,1,-1
853,track_1098065,artist_363592,-0.018148412881675038,-0.02220571111764292,0.0037829803765698166,1,-1
854,track_1098190,artist_360077,0.0026309336459460994,0.01256322241452463,-0.03315879588811052,2,1
855,track_1098826,artist_434847,-0.03277925074119571,0.02363256259806003,0.0285468534671405,1,-1
856,track_1098838,artist_437812,-0.01730531458983773,0.003970978868960944,-0.01904277648744602,1,-1
857,track_1099313,artist_004116,0.02660889336563086,0.021378052870027003,0.0036136951658685516,2,1
858,track_1100513,artist_357359,-0.010240042356474282,0.013654293842496858,0.00048736665789476523,1,-1
859,track_1100750,artist_437980,-0.01981692547726281,-0.011287241739575902,0.020628690425243904,1,-1
860,track_1100973,artist_437812,-0.0018403440064455269,-0.016940453923105274,0.0020474064914325052,1,-1
861,track_1101290,artist_366162,-0.02929719732444186,0.02022608839250792,0.02849153893377214,1,-1
862,track_1101379,artist_357317,-0.014141478937722518,-0.0165070454206323,-0.006943432093746545,1,-1
863,track_1103259,artist_337939,0.054323585998446854,-0.02812429933939905,0.05262863236526565,2,1
864,track_1103265,artist_337939,-0.010670725814360526,-0.028745835584714715,-0.026115932350522057,1,-1
865,track_1103659,artist_423187,0.015084959134263594,-0.025541697104067222,0.007094614089758924,2,1
866,track_1104238,artist_363229,0.017279876924549215,-0.013680165395449183,0.0027283318246765866,2,1
867,track_1104257,artist_363229,0.005543117906859667,0.036851480081742945,-0.012691046845478414,2,1
868,track_1104259,artist_441841,-0.02303872465760027,-0.0021091284945603645,0.02802773666055789,1,-1
869,track_1104342,artist_441810,-0.001039250508079688,-0.00383469658289943,-0.019911522098334817,1,-1
870,track_1104754,artist_440452,-0.009484910791827965,-0.027706497122043185,-0.02282419389456021,1,-1
871,track_1105473,artist_008004,-0.03930896704906413,0.0015512805186812704,0.06380768638331524,1,-1
872,track_1105642,artist_367947,0.007200298730905493,0.0011740174258928653,-0.012374320621952813,2,1
873,track_1105679,artist_367947,0.01985796485274044,-0.0044123892276459065,0.0016370671333371268,2,1
874,track_1106257,artist_438910,0.02117997570368099,-0.016440869611615803,0.011197563621580269,2,1
875,track_1106259,artist_438910,0.016889180356212605,-0.007931237810586682,0.001889090363690343,2,1
876,track_1106265,artist_438910,-0.0018163056772908923,0.022088181355701696,-0.013133577219145895,1,-1
877,track_1107273,artist_366613,0.028838401496732773,-0.011828651546877877,0.0038372862352794154,2,1
878,track_1107279,artist_366251,-0.015109601338305448,-0.0184843775025729,-0.024206506257766387,1,-1
879,track_1108513,artist_347673,0.0320819987316684,-0.032230205177418085,0.002269913923578957,2,1
880,track_1108554,artist_442559,-0.013475802511852304,0.005290044518944954,-0.0009946524071878596,1,-1
881,track_1108659,artist_006916,-0.0352641276555818,0.01145134826831016,0.05370025966145482,1,-1
882,track_1108959,artist_442612,0.015304552074632993,0.0006791828385063796,0.00524277000175739,2,1
883,track_1108965,artist_442612,0.029432633830224982,-0.0028342916682457765,0.024694447003771398,2,1
884,track_1109057,artist_356326,-0.0012041795043935119,0.0011755875119988496,-0.008654806436364338,1,-1
885,track_1109742,artist_007635,-0.02010107723807042,-0.019217700815341097,0.005795314825011406,1,-1
886,track_1109765,artist_436872,0.001785538071021784,0.028103698266242573,-0.04528400112160921,2,1
887,track_1109773,artist_436872,0.00540824775616979,0.02020633709072591,-0.055576336865116024,2,1
888,track_1109813,artist_437998,0.017321506296744865,0.020777180883436806,-0.01682199687331138,2,1
889,track_1109879,artist_441505,-0.007631043090155971,-0.01588791077078037,0.0011139500874066803,1,-1
890,track_1109890,artist_441505,-0.007047706364768492,-0.007890894173037644,0.011055275577439105,1,-1
891,track_1109954,artist_441505,0.010587944309237745,-0.015334040205924397,0.007708837252111785,2,1
892,track_1110013,artist_441505,-0.011481170812123189,0.010434147703204676,0.002996079816995772,1,-1
893,track_1110026,artist_441505,-0.0013880098605863274,0.007753543068943076,-0.0034362606068363386,1,-1
894,track_1110057,artist_436558,0.003367082876573674,0.06584003506440257,-0.044716342544598144,2,1
895,track_1110059,artist_441505,-0.025011008772569877,-0.0008469625951466985,0.033007796215786256,1,-1
896,track_1110065,artist_441505,-0.021785588142555344,-0.01863563732708504,0.014804998035222403,1,-1
897,track_1110073,artist_441505,-0.017465643367519077,-0.019378276725328734,0.001127840330762595,1,-1
898,track_1110513,artist_441505,-0.02378195204364506,0.0027818289012290637,0.038576355588375924,1,-1
899,track_1110526,artist_441505,-0.02802491875646324,-0.006795124695167717,0.03927352207678961,1,-1
900,track_1110538,artist_441505,0.02525413981524292,-0.010583433172805901,0.012968815589400953,2,1
901,track_1110750,artist_441505,-0.012188954901139842,0.015675607891650026,0.010543029810949425,1,-1
902,track_1110754,artist_441505,-0.008950637228926561,-0.00723915511658326,-0.003590066113979083,1,-1
903,track_1110757,artist_441505,-0.014783466675847724,-0.027822897284827803,0.008387629790087848,1,-1
904,track_1110759,artist_441505,-0.011243172974743042,-0.011203096598210338,0.0075330965398587016,1,-1
905,track_1110765,artist_441505,-0.028459105120939777,-0.03710192079071287,0.011505167223219218,1,-1
906,track_1110773,artist_441505,-0.030464837855873134,-0.008899345030973761,0.04090812693900504,1,-1
907,track_1110779,artist_441505,-0.007212643764120093,0.015859431829838563,-0.019072679852826985,1,-1
908,track_1111738,artist_442664,-0.011987318935248584,-0.015419829882422808,-0.02416976574419906,1,-1
909,track_1111742,artist_442664,0.014505780801546601,0.02788875914260972,-0.0021736245269721693,2,1
910,track_1111973,artist_441505,0.023983790663452492,-0.01608315431445965,0.00966408691843472,2,1
911,track_1111979,artist_441505,0.0023348304522168746,-0.00435399630462624,0.004466238423602058,2,1
912,track_1111990,artist_441505,0.0363780766694094,0.0011317181566309544,0.033550429157807087,2,1
913,track_1112013,artist_441505,0.04818488784227605,0.006975084211192256,0.0360133481229891,2,1
914,track_1112026,artist_441505,0.024489926040904105,0.011697106050778358,0.0016557101723308364,2,1
915,track_1112054,artist_441505,0.01268809854844617,-0.008769898186930492,0.0006650077880146487,2,1
916,track_1112057,artist_441505,0.0107702008361601,-0.014599708869315532,-0.006736760220545309,2,1
917,track_1112059,artist_441505,0.02494125060815238,-0.019151226986365254,0.011490723576029796,2,1
918,track_1112065,artist_428449,-0.0004317743066039248,-0.013658116870098063,-0.01862586951428822,1,-1
919,track_1112173,artist_438966,-0.02047494076911225,-0.02134148776353805,0.00047483306046797045,1,-1
920,track_1112338,artist_441505,-0.016359518019725166,-0.01144605850276845,0.0036280099738321336,1,-1
921,track_1113613,artist_340663,0.017625012835607773,-0.0006006866231863453,-0.005016172219131513,2,1
922,track_1113973,artist_340225,-0.02049648702987327,-0.002199789107458377,0.019865001908564904,1,-1
923,track_1114038,artist_437980,-0.020288355655591415,-0.03964954731735658,-0.028423653740838883,1,-1
924,track_1114938,artist_004965,-0.00975169359318233,-0.0075519884405729504,-0.015931246598267074,1,-1
925,track_1115613,artist_441505,0.0039079417215653715,-0.002990147539801429,0.007690031592665186,2,1
926,track_1115626,artist_441505,0.027038630187193886,-0.0040481999330646305,0.022893246377983022,2,1
927,track_1115642,artist_441505,-0.00950131514207205,0.016569764301888435,0.012564451848509404,1,-1
928,track_1115679,artist_441505,-0.012919980174944324,0.018704179871955752,0.007640301709977703,1,-1
929,track_1115690,artist_441505,0.006126333409598129,0.015666553042304295,-0.01855794128575282,2,1
930,track_1116938,artist_423996,0.03208306879102762,-0.0031788667018386118,0.012426944232947093,2,1
931,track_1116942,artist_423996,0.005367983932975855,-0.02309253378764806,0.0005910508721307345,2,1
932,track_1116950,artist_423996,-0.008783636493989416,-0.011080483886242613,-0.013479055617440675,1,-1
933,track_1117565,artist_443173,-0.03063323053535508,0.0016884922511904152,0.0426049614202835,1,-1
934,track_1118090,artist_438910,0.021132326733371367,-0.005216206548297604,0.000687212761276474,2,1
935,track_1118542,artist_366940,0.020054987744581285,0.002891755182078901,-0.015840878956515345,2,1
936,track_1118838,artist_438910,-0.014122928594902674,-0.03316470339727892,-0.0230267569748608,1,-1
937,track_1119738,artist_375104,0.009305102086896281,0.04009352865510144,-0.027667945527719555,2,1
938,track_1119938,artist_000560,0.005547296206138756,0.014338650085982346,-0.028010885758047024,2,1
939,track_1119942,artist_000560,0.003096743707768161,-0.007228584546791497,-0.028031748098193903,2,1
940,track_1121413,artist_443553,-0.029559606508412793,0.011345004439527856,0.025868554348392962,1,-1
941,track_1121426,artist_443553,0.009653974034879307,-0.00589130221939107,-0.003333639468574739,2,1
942,track_1121438,artist_443553,-0.020339986638972143,0.003360758870041628,0.007571312761668229,1,-1
943,track_1121442,artist_443553,-0.02040437046000699,0.033130278566319615,0.0069231025592587665,1,-1
944,track_1121457,artist_443553,0.0013518824674835297,-0.003940726811868248,-0.019780045196023038,2,1
945,track_1121459,artist_443553,0.015122646179086851,0.002632334610376711,-0.011851566460964535,2,1
946,track_1121465,artist_443553,-0.023714126609528277,-0.02733004256036878,0.006968461201781847,1,-1
947,track_1121554,artist_443569,-0.006563099442766616,-0.014715335314998424,-0.014315435618932955,1,-1
948,track_1121559,artist_443173,-0.006259132060745396,0.03381367469089659,-0.014847165764307158,1,-1
949,track_1121565,artist_443173,0.014187629649211901,-0.009010767077341005,0.0032106363555531175,2,1
950,track_1121813,artist_367947,-0.005917791205875551,0.01861981133970819,-0.013871582431729338,1,-1
951,track_1121826,artist_367947,0.011039363219794887,-0.007053329165585335,-0.0036637726505807846,2,1
952,track_1122013,artist_437998,0.018497693167311743,-0.0027807493782468686,-0.0030844622397468357,2,1
953,track_1122913,artist_428874,-0.013675091042443422,0.02447167732658834,-0.011304689915115653,1,-1
954,track_1123273,artist_431049,-0.013362077858868691,-0.027762543405548536,-0.015008829021404825,1,-1
955,track_1123759,artist_428489,0.026139080888278474,0.0032252238502236143,0.01288879523252749,2,1
956,track_1123854,artist_443769,-0.021008384650186535,-0.048816310909061654,-0.03278000131128596,1,-1
957,track_1123873,artist_443769,-0.004982335507298468,-0.018152038703655796,-0.010624032523301123,1,-1
958,track_1123938,artist_440452,-0.006792454746285104,-0.025895638234220236,-0.022051801478443517,1,-1
959,track_1124713,artist_432273,0.03229351961214461,-0.02157768881714332,0.021992685867207058,2,1
960,track_1124726,artist_432273,-0.026870512048469318,0.0005343853574439124,0.03557891987214947,1,-1
961,track_1125513,artist_352184,-0.015535842550710204,0.00960044468991775,0.0029745062418207683,1,-1
962,track_1125673,artist_375104,-0.013541433533333229,-0.016860668935427932,-0.011022750530920783,1,-1
963,track_1125679,artist_375104,-0.010779704665510544,-0.007821536362403873,-0.011653487335842793,1,-1
964,track_1125690,artist_375104,-0.013719203125795575,-0.01584892525522551,-0.010841395626380113,1,-1
965,track_1125757,artist_423996,0.013146156405932948,-0.00800347914666363,0.0011021052528379692,2,1
966,track_1125842,artist_437812,-0.013752385311225662,0.002176472167833336,-0.016359364305022103,1,-1
967,track_1127390,artist_438910,0.028796959167699247,-0.005602305386060045,0.009023291323896478,2,1
968,track_1128890,artist_433123,0.02565547347323603,0.013123769609264016,0.008421703088657037,2,1
969,track_1129026,artist_433123,0.001582916432325248,0.009541267313897442,-0.012613607873032453,2,1
970,track_1129342,artist_365532,-0.009236742280017956,0.018666926360972586,-0.02080594682058618,1,-1
971,track_1129413,artist_340262,-0.042498403360352564,-0.0031092016419461653,0.05071902019564321,1,-1
972,track_1129459,artist_002986,-0.02824270494156568,-0.0005303040532404863,0.031349561568964984,1,-1
973,track_1131173,artist_352428,0.02218664043508133,0.029219891631023478,0.0009928548509439453,2,1
974,track_1131179,artist_352428,0.030968232250770333,0.032220698544265715,0.007252483766725714,2,1
975,track_1131442,artist_444350,-0.025440485690644953,-0.03812557495277887,-0.02621114692564726,1,-1
976,track_1131450,artist_444350,-0.012893316549909939,-0.03541045161573986,-0.029655508107860308,1,-1
977,track_1131565,artist_340121,0.011288971335906771,-0.012717073854368998,-0.010353395322985183,2,1
978,track_1131573,artist_340121,-0.010784919881760207,-0.027902879541512843,-0.01375217496912296,1,-1
979,track_1133342,artist_434948,-0.031129762997123108,0.01056487923509039,0.006737250450605747,1,-1
980,track_1133350,artist_434948,-0.03751894975993779,0.014273766897838314,0.032942805692367697,1,-1
981,track_1133479,artist_444486,-0.018795505371147242,0.03250466175055447,-0.012785090503932655,1,-1
982,track_1133554,artist_375104,0.00035163836610724867,0.0067382107351753595,-0.01392305883896338,2,1
983,track_1133559,artist_375104,0.0003609697782847069,0.006650699437172832,-0.013844677842104004,2,1
984,track_1134438,artist_433123,0.03371051601787422,-0.03414160504864323,0.004998618212816032,2,1
985,track_1134465,artist_338779,0.0008957706393443387,0.04353688187165578,-0.01962366754761954,2,1
986,track_1134850,artist_437980,-0.024646102546648466,0.0003177887475215714,0.03247677660137501,1,-1
987,track_1134854,artist_448491,-0.0010266049007539057,0.009304919744851047,-0.04017374640945348,1,-1
988,track_1134859,artist_437980,-0.020423511572673313,0.016424878029350966,0.011564896892810435,1,-1
989,track_1135054,artist_423882,-0.0006784991062784106,0.03898169999827417,-0.017747845212220698,1,-1
990,track_1135079,artist_338444,-0.039463907976048616,0.009045162785504683,0.06891572587347049,1,-1
991,track_1135157,artist_375935,-0.018654778424674674,-0.010235140212324419,-0.003607687621147124,1,-1
992,track_1135390,artist_370748,-0.014817263120414568,0.013622011923600078,0.008966760991777671,1,-1
993,track_1135473,artist_006916,-0.0081221545285684,-0.010414539992610472,-0.0008853992876546522,1,-1
994,track_1135713,artist_007063,0.0069615339137149,-0.007708774355928673,0.0003827783569848806,2,1
995,track_1136338,artist_357317,-0.023071865545184873,0.004500323018836193,0.02137153865382954,1,-1
996,track_1136342,artist_357317,-0.02828429776994447,0.01842630949437632,0.034275949797279485,1,-1
997,track_1136365,artist_337741,0.0063252383858417175,-0.020794258114395097,0.004679911873237119,2,1
998,track_1136842,artist_367979,0.006690122807816396,0.03949235149943455,-0.028130136224491162,2,1
999,track_1137259,artist_448643,-0.022039523058645333,-0.014347616256130949,0.018663287689158738,1,-1
1000,track_1138773,artist_357359,-0.02650914445417222,-0.025231345408177293,0.01001581184728013,1,-1
1001,track_1139426,artist_428449,0.022343031774535144,-0.03449399808512728,0.0154720438711407,2,1
1002,track_1139450,artist_435845,-0.026342409190991525,0.011198188496671426,0.016880869946947475,1,-1
1003,track_1139454,artist_435845,-0.025660559802028058,0.01700719151036143,0.0068491505264223805,1,-1
1004,track_1142559,artist_451078,-0.018558381526491884,-0.0270216196928868,-0.011079504082577962,1,-1
1005,track_1142857,artist_429523,-0.01265312478525871,-0.014260980625385508,-0.0016559797580537356,1,-1
1006,track_1143154,artist_366613,0.03451876436278763,-0.01617816022097462,0.024737722567505994,2,1
1007,track_1143857,artist_452142,0.0008768153940307554,-0.0226111063249189,-0.019059969329601717,2,1
1008,track_1143942,artist_375935,0.010482510735138034,0.011054834120493703,-0.02477144025562139,2,1
1009,track_1144754,artist_375104,0.006030464055292929,-0.020556213749231306,-0.021768347444676008,2,1
1010,track_1144757,artist_375104,-0.0025473298822835393,-0.015352636294580335,-0.02127824334147149,1,-1
1011,track_1145459,artist_374130,-0.0009951936383386449,-0.003768495371322882,-0.010498221578164935,1,-1
1012,track_1145838,artist_442397,-0.010379679307248708,-0.005003621460223492,-0.008331052540771464,1,-1
1013,track_1147338,artist_452945,-0.033137972423461996,0.008610158107512676,0.034438183234989185,1,-1
1014,track_1147359,artist_452945,-0.007665289132941063,-0.006026952138433215,-0.02362783538646787,1,-1
1015,track_1149226,artist_357317,-0.022982741748770415,0.021295906141731838,0.020418211713148202,1,-1
1016,track_1149238,artist_357317,-0.018591334337232118,0.02214546247904662,0.01040862112838087,1,-1
1017,track_1149313,artist_452142,0.010731455259596186,0.006855767817172298,-0.0047097643957216394,2,1
1018,track_1149373,artist_005240,-0.016809588752639024,-0.012817566574933208,0.015195452540536072,1,-1
1019,track_1149454,artist_005240,-0.029811611217454424,-0.04112615354836032,0.013725374748448751,1,-1
1020,track_1149573,artist_359452,-0.016649689286234146,-0.00041498650999555176,-0.0023914924730947355,1,-1
1021,track_1149713,artist_008094,0.051114091750424334,-0.02383420110057311,0.048652044249799034,2,1
1022,track_1149726,artist_008094,-0.004386227213201075,-0.013995575065011055,-0.014723668720670565,1,-1
1023,track_1149757,artist_347673,0.02580287940111296,-0.026735931261605127,-0.0012599238597149473,2,1
1024,track_1149873,artist_008094,0.02012480595158985,-0.01705098630153134,-0.006191800175309759,2,1
1025,track_1150079,artist_008094,0.0207108710037329,0.003891237482331458,-0.004705606248063243,2,1
1026,track_1150113,artist_008094,0.026318543701512005,0.0163975602812073,0.003949260838502571,2,1
1027,track_1150126,artist_008094,0.01356861744472147,0.01624192879901547,-0.00718854407525536,2,1
1028,track_1150350,artist_008094,0.04989990332502637,-0.025451188195759863,0.0469784266262063,2,1
1029,track_1150354,artist_008094,0.03143628271005802,-0.0019236845411507541,0.01139896360702009,2,1
1030,track_1150357,artist_008094,0.04973828409716647,-0.027896276032196642,0.04054393090600136,2,1
1031,track_1150359,artist_008094,0.03435849626339954,-0.02514601623267617,0.019124795942190454,2,1
1032,track_1150379,artist_008094,0.026735824313515323,0.006834420906186433,-0.006119519358870397,2,1
1033,track_1150490,artist_439567,-0.0021114938652676074,-0.019075852466486184,-0.004211602028053203,1,-1
1034,track_1150738,artist_007872,0.02450627554823746,-0.05348895916524024,-0.017792647442392083,2,1
1035,track_1151550,artist_452945,-0.019269756522844583,-0.02197139037702298,-0.010692839438363704,1,-1
1036,track_1151554,artist_452945,-0.021035040702216765,0.016581881745617453,0.010074689123387187,1,-1
1037,track_1151559,artist_452945,-0.006110554421325909,-0.02237054299986598,-0.01863961615667148,1,-1
1038,track_1152638,artist_452945,-0.009232585499003243,-0.017419406700076953,-0.022639159973728097,1,-1
1039,track_1153942,artist_339574,0.01840253521758411,-0.014345329175669825,-0.011697992276537327,2,1
1040,track_1153990,artist_340444,-0.013933179106951722,-0.016189329574249706,-0.011369191772809014,1,-1
1041,track_1154279,artist_441699,-0.011686396701572227,-0.02092897185251893,-0.019221908247661387,1,-1
1042,track_1154338,artist_375104,-0.03984795824622793,0.03249550508671537,0.026806557870513958,1,-1
1043,track_1155054,artist_454134,-0.015634667724437463,-0.009436233688937343,-0.028070910186583913,1,-1
1044,track_1155057,artist_454134,-0.005746111942359731,-0.02181666195035665,-0.012833818567858007,1,-1
1045,track_1155059,artist_454134,-0.003541090907582228,0.005472132401268087,-0.01605799006463192,1,-1
1046,track_1155157,artist_432273,0.0025740093093788805,-0.0013328216094757712,-0.002591982125883896,2,1
1047,track_1155559,artist_362955,-0.010800539302151758,-0.026232314368989297,-0.02135236348740547,1,-1
1048,track_1156042,artist_439289,0.003151322573775459,0.0019683660367840468,-0.007595364208488384,2,1
1049,track_1156573,artist_371382,-0.026498690206999465,0.004702591223827348,0.04342785363056131,1,-1
1050,track_1156579,artist_375935,0.009820010664378601,0.06837550450702427,-0.03837307393127012,2,1
1051,track_1157350,artist_381661,0.0035786267600193366,-2.501939225455203e-05,-0.010425310803658973,2,1
1052,track_1157357,artist_381661,0.04780529155500172,0.003802609764464942,0.03578713898099326,2,1
1053,track_1158173,artist_432273,-0.0037082157664776426,-0.017568129776513428,-0.015256079549756541,1,-1
1054,track_1158965,artist_450929,-0.03580615446714663,0.0185380108920495,0.028347693777334704,1,-1
1055,track_1158979,artist_357317,-0.025556155358262368,0.004452087748577731,0.042022603456838434,1,-1
1056,track_1159259,artist_442381,-0.02359674808982786,0.0033298651470823983,0.00959330695301257,1,-1
1057,track_1159659,artist_455072,-0.0022629117660012384,0.015360072449065832,-0.024766970561516846,1,-1
1058,track_1159665,artist_455072,-0.00443970761434314,0.05687183743929786,-0.024231304538250918,1,-1
1059,track_1159690,artist_437812,0.0032108520085462034,0.03595351055464091,-0.017670464874722003,2,1
1060,track_1159738,artist_435953,0.0002403988346599408,0.002261203119198652,-0.008900071480406224,2,1
1061,track_1159742,artist_455072,-0.008871143493500468,0.020635176581313173,-0.02044535316608665,1,-1
1062,track_1159859,artist_455091,-0.007558204335726409,0.0015593404606764959,-0.014442532435218322,1,-1
1063,track_1160273,artist_443553,0.044749065410452434,0.005096076426999047,0.04314643598280845,2,1
1064,track_1161157,artist_002656,-0.01013137681131344,-0.013883550432102503,-0.019040707445906652,1,-1
1065,track_1161459,artist_375104,-0.006347237115390521,0.010943887808129544,-0.0010844385483916052,1,-1
1066,track_1161938,artist_357359,-0.029439909157198046,0.016625655963570324,0.012889662381734083,1,-1
1067,track_1162013,artist_004777,0.00472664613810964,0.06480035949967045,-0.04505056946520727,2,1
1068,track_1162938,artist_455463,0.013870903378441934,-0.007818197467480118,-0.00264311404022147,2,1
1069,track_1162942,artist_428877,0.02522977094072956,-0.031249254570629197,0.0025253089756499605,2,1
1070,track_1162954,artist_438910,0.0350690896681852,-0.0010506279991983403,0.02367191285461305,2,1
1071,track_1162957,artist_438910,-0.013133276447196713,0.009755425407872423,-0.01121740327574262,1,-1
1072,track_1162979,artist_455689,0.03356282952946939,0.008676710998773979,0.023066647884081557,2,1
1073,track_1163350,artist_347673,0.02597011746925536,-0.024739622765952967,0.0010599577405404328,2,1
1074,track_1163779,artist_370988,0.00792802720564043,0.015668608840746764,-0.030542728276566265,2,1
1075,track_1163965,artist_455760,0.01008555285799971,-0.015005589200858056,-0.005241103940499705,2,1
1076,track_1164050,artist_341459,-0.004219477219542123,-0.017928537850503162,-0.024303458582920004,1,-1
1077,track_1164338,artist_353294,0.01627336251414085,-0.007852104481382741,0.007312701368232352,2,1
1078,track_1164465,artist_437980,-0.02396498339582203,-0.03875956213828955,-0.01980462729880239,1,-1
1079,track_1164479,artist_437980,0.001261480939012379,-0.0051015266120027465,-0.015432839751732102,2,1
1080,track_1164990,artist_007805,0.021109643222127897,0.0007343089668328985,-0.0011662941461728336,2,1
1081,track_1165173,artist_352416,-0.016181990402034538,0.004490063540029681,0.007714853102936624,1,-1
1082,track_1165179,artist_352416,-0.007208372382909977,-0.03349202966487809,-0.03709324686592601,1,-1
1083,track_1165465,artist_455057,-0.008694651003457184,-0.025224060934748764,-0.01848919838802439,1,-1
1084,track_1165473,artist_455057,0.007951223926294168,0.003356836406312594,0.006985566188594988,2,1
1085,track_1166090,artist_437980,0.0017205806769108253,0.010926222304312887,-0.007013731293697465,2,1
1086,track_1166150,artist_005240,0.02706122305360617,-0.019441360838957804,0.020561323912474345,2,1
1087,track_1166159,artist_005240,0.0015862574649996495,-0.0027618591536806066,-0.003214398262103879,2,1
1088,track_1166679,artist_442397,-0.020405470717327758,-0.004352680412290185,0.011030359151283194,1,-1
1089,track_1166926,artist_007805,0.0015292173741868439,0.012053653972078646,-0.05133576697276243,2,1
1090,track_1167073,artist_367887,0.03433184562343413,-0.002595509431993475,0.02184607227565412,2,1
1091,track_1167079,artist_367887,0.029485664910455314,-0.012729348147880086,0.007597705326046019,2,1
1092,track_1167557,artist_375104,-0.024945199957505645,0.0190282755234745,0.02529284373027896,1,-1
1093,track_1167565,artist_375104,-0.004657259500325991,0.026545725444322366,-0.022875548517260237,1,-1
1094,track_1167873,artist_456650,-0.0038876027832222136,0.05109203042173014,-0.02205181556180375,1,-1
1095,track_1167954,artist_451073,0.01155288886833348,-0.013316117293829281,0.0109839141776813,2,1
1096,track_1168479,artist_367887,-0.0025362087355286127,0.03990045938721971,-0.021722574275510102,1,-1
1097,track_1168813,artist_448635,0.0011810608267136284,0.06733442239522953,-0.0285707646108812,2,1
1098,track_1169057,artist_374229,-0.029520045361959894,0.02023428009311202,0.019737695658183153,1,-1
1099,track_1169059,artist_374229,-0.007811907769167862,0.030864579771485042,-0.011258971743054298,1,-1
1100,track_1169526,artist_362473,-0.014092788312057668,0.014338139172550167,-0.016020556796617534,1,-1
1101,track_1169713,artist_338649,0.04019331359090057,0.007160437225994324,0.013969608919221336,2,1
1102,track_1169726,artist_338649,0.023157192883443853,-0.010494715037684425,-0.0016553209259570567,2,1
1103,track_1169942,artist_457223,-0.02844304117327153,0.011012282771820528,0.015962998295789226,1,-1
1104,track_1170413,artist_455493,0.026528621913691097,-0.016286822669128394,0.021752330905332018,2,1
1105,track_1171150,artist_368975,-0.01063012322284421,0.011626277977979053,0.005670930569410776,1,-1
1106,track_1171238,artist_375104,-0.003961234025623555,0.001845351106854074,0.0018824993852635222,1,-1
1107,track_1171250,artist_375104,0.018856971841270442,0.006114148365768123,0.011274177419493273,2,1
1108,track_1171254,artist_375104,-0.01984667730597742,-0.00484910340632413,0.012513375444654353,1,-1
1109,track_1171550,artist_370490,0.017260661056732598,-0.041187213606601894,-0.03223821907328231,2,1
1110,track_1172557,artist_435725,0.014647351236496223,-0.020475755400970463,-0.009238305749391744,2,1
1111,track_1172565,artist_435725,0.052212313408683986,-0.006085124604587274,0.03487484216930979,2,1
1112,track_1173138,artist_338447,0.011261913120934663,-0.02674258718589522,-0.020144418566527544,2,1
1113,track_1173142,artist_338447,0.02344293199403195,0.03328931135976711,-0.00043558684120826175,2,1
1114,track_1174090,artist_337741,0.027834252693738567,-0.019012055587217674,0.011214167417773223,2,1
1115,track_1174442,artist_352230,0.0013930582264538147,0.011068579502447341,-0.01912504844471357,2,1
1116,track_1174465,artist_457860,-0.0045108008772868375,-0.017568956598281324,-0.0025610747821005527,1,-1
1117,track_1176150,artist_457205,-0.009364502316768572,-0.013633696313666387,-0.015400934204749103,1,-1
1118,track_1176413,artist_457998,0.003674372059444297,-0.02482891605454062,-0.015018075987348624,2,1
1119,track_1177354,artist_458036,-0.02138693060576199,-0.009742985572943296,0.02016792340613667,1,-1
1120,track_1177757,artist_437571,-0.00905292037373791,0.007370809233903693,-0.01523294066626652,1,-1
1121,track_1177790,artist_437571,-0.008102817585097039,0.025820296885030253,-0.014261244082304782,1,-1
1122,track_1177890,artist_438603,0.005140118376926667,0.025511445330565378,-0.05744353469819895,2,1
1123,track_1180613,artist_007349,-0.014976739624939873,-0.022758168399556637,-0.007203786966621618,1,-1
1124,track_1185757,artist_003944,-0.0240061846169862,0.010604869600711385,0.0034580686680710637,1,-1
1125,track_1185765,artist_003944,-0.00115972167949567,0.05731506022254403,-0.026847802045735832,1,-1
1126,track_1185773,artist_003944,0.02425239880790892,0.02022893203225569,0.012075127739155145,2,1
1127,track_1185779,artist_003944,0.0024624282713525156,-0.013468842397889678,-0.012108334884872882,2,1
1128,track_1185790,artist_003944,-0.0012427789503517295,-0.024080159431532543,-0.016954108307552566,1,-1
1129,track_1186026,artist_375104,0.0032923219378877444,0.049919235776241584,-0.02854297439817739,2,1
1130,track_1186165,artist_457665,0.002666168533930379,-0.02492247356787466,-0.028113709274927588,2,1
1131,track_1187479,artist_434945,0.038437142258556205,0.0023144723906299474,0.023628540046614015,2,1
1132,track_1187642,artist_005365,0.005122365915738811,-0.010487727889609506,-0.008903039828568209,2,1
1133,track_1188126,artist_434337,-0.04108265505698592,0.027751032238416965,0.0324142359104569,1,-1
1134,track_1188990,artist_000560,0.010758108743582453,-0.011039020060473215,-0.007244178533810255,2,1
1135,track_1189073,artist_460234,0.01261708995470714,-0.014965870268851563,0.0010618679252461629,2,1
1136,track_1189913,artist_460469,0.004007398001930732,0.0010230966136674012,-0.006481033864574733,2,1
1137,track_1189926,artist_460469,-0.0037392165168264532,-0.01878992440551738,-0.013966429619511035,1,-1
1138,track_1189938,artist_460469,0.0008524994326094428,0.020600265653827412,-0.03150970404883851,2,1
1139,track_1189942,artist_460469,-0.017699711759280732,0.026831673253152024,-0.0017631494596942589,1,-1
1140,track_1189950,artist_460469,0.015178540915241854,0.05126624754186209,-0.015421420344880497,2,1
1141,track_1189954,artist_460469,0.01936613871775913,-0.00874167094858655,-0.0016478751961218631,2,1
1142,track_1189957,artist_460469,-0.017804741988180623,-0.020355780273158094,0.009221257903374493,1,-1
1143,track_1190138,artist_460519,-0.002765199368948285,-0.009680395722292314,-0.0029570419107925725,1,-1
1144,track_1190159,artist_006916,-0.010592744870402954,-0.04646886396221985,-0.03927586659371962,1,-1
1145,track_1190165,artist_460519,0.02535174490070482,-0.014209469508417285,0.005148875685146019,2,1
1146,track_1190626,artist_340121,0.005250231312107251,0.03881302227052317,-0.01386212916863697,2,1
1147,track_1190665,artist_340121,-0.013592850837995942,-0.006595392628184741,-0.010914528269385148,1,-1
1148,track_1190959,artist_455057,-0.0013877464141341344,0.002023861115871598,0.0019873843544627556,1,-1
1149,track_1190979,artist_453529,-0.017959950832835688,-0.02260454997803839,0.0039732214710068905,1,-1
1150,track_1191326,artist_355362,0.023263411252473172,-0.006538238141904525,-0.011063710228518065,2,1
1151,track_1192554,artist_456894,-0.006681182037289425,0.02107368290949549,-0.014112423988166374,1,-1
1152,track_1193450,artist_461256,0.00012469709471486212,-0.02407206357607388,-0.020287196590821687,2,1
1153,track_1193890,artist_348759,0.04122585906268409,-0.020003539703825114,0.03988874709493405,2,1
1154,track_1193990,artist_431036,-0.02036790559301385,0.011086073385113873,0.013918109807984547,1,-1
1155,track_1194557,artist_002656,0.01097948870925499,-0.04002352181267749,-0.010835559782775506,2,1
1156,track_1194590,artist_002656,0.002838143690060432,0.02306460242878517,0.003538701699641836,2,1
1157,track_1194757,artist_461539,-0.008831260243526422,-0.030388848959275322,-0.016625888810034416,1,-1
1158,track_1194759,artist_461539,-0.002216371168214415,-0.016657399658246787,0.0037718327199970014,1,-1
1159,track_1194765,artist_461539,-0.012803102145893266,0.003362780649785514,0.0068287363043021045,1,-1
1160,track_1194790,artist_432273,0.007022061158575019,-0.002264899245378786,-0.0009297990467070597,2,1
1161,track_1194826,artist_370191,0.020513496908673948,-0.0006874954532804917,0.007758277984868306,2,1
1162,track_1195826,artist_340121,-0.01742319626801554,-0.008794135422134393,0.0012244262457266014,1,-1
1163,track_1195865,artist_003944,-0.005528984994636513,-0.02948930996662159,-0.025575733094913514,1,-1
1164,track_1195873,artist_003944,0.0556086212038729,0.04300181980388621,0.034763774967194086,2,1
1165,track_1195879,artist_003944,-0.014709033236467692,0.014656456284445582,-0.004612616228214027,1,-1
1166,track_1195890,artist_003944,0.03894438415396701,0.010118251863966494,0.026136763657651833,2,1
1167,track_1195913,artist_003944,0.00938820579457311,0.05994036364810136,-0.01484109364145956,2,1
1168,track_1195926,artist_003944,-0.002150848797196363,0.08458476375519194,-0.04046236841128597,1,-1
1169,track_1195938,artist_003944,-0.006129010411205017,-0.010472686598850374,-0.011711117832572056,1,-1
1170,track_1196179,artist_361694,-0.006453542018022089,-0.01928062505944541,-0.0114160117159573,1,-1
1171,track_1197079,artist_419438,-0.01567984073946857,-0.028027798709817784,-0.018585322462673994,1,-1
1172,track_1197390,artist_347673,0.03043173934494079,0.012077719858660962,-0.007475718920882169,2,1
1173,track_1198190,artist_456650,-0.01059937820088415,-0.029683840719477446,-0.022009595062500685,1,-1
1174,track_1198259,artist_359472,0.01886046446811998,-0.03458760366409838,-0.010101240869140878,2,1
1175,track_1198538,artist_419438,-0.027454073079353387,0.009433737519551812,0.029775037423455393,1,-1
1176,track_1198542,artist_419438,-0.03022835650586117,0.0054258218892113885,0.044812077032140615,1,-1
1177,track_1198550,artist_419438,-0.027939538968757734,0.015968167773490936,0.022478510706332357,1,-1
1178,track_1198554,artist_419438,-0.018685608567641294,0.00997096046422686,0.004997599584010759,1,-1
1179,track_1198557,artist_462340,0.03114472137448347,-0.01771550420105547,0.02644619670084904,2,1
1180,track_1198559,artist_462340,0.026318497087538518,-0.015059390163864086,0.004767399238993116,2,1
1181,track_1198565,artist_462340,0.031140637066100603,-0.01870584547397055,0.00345085654450831,2,1
1182,track_1198673,artist_419438,-0.034327793362322036,0.0016722111756770105,0.040400016643402384,1,-1
1183,track_1199050,artist_419438,-0.03541400039902868,0.03163712512216497,0.008641320624158035,1,-1
1184,track_1199054,artist_419438,-0.021204189722088786,-0.017156584587312906,-0.0013011001520504715,1,-1
1185,track_1199057,artist_419438,-0.036229827988317746,0.014844330187198695,0.056054292723143814,1,-1
1186,track_1199059,artist_419438,0.01562838110664067,0.013097234272113494,0.0048393501765718145,2,1
1187,track_1199573,artist_368142,-0.006300304934144755,-0.021914996589352018,-0.00013566548095783759,1,-1
1188,track_1199626,artist_431744,-0.02754962393688566,-0.016406489589460935,0.013269312274639612,1,-1
1189,track_1201479,artist_363592,-0.011437017380178762,-0.024694839536399962,-0.015062315250862877,1,-1
1190,track_1202954,artist_463083,-0.00942766837665404,0.0034443599268529743,-0.012294904668842234,1,-1
1191,track_1203657,artist_426192,-0.012048423828576661,-0.004043661368723095,-0.01037343093669904,1,-1
1192,track_1203665,artist_426192,-0.03602403757615732,0.0036417652233459072,0.016984201809834284,1,-1
1193,track_1203865,artist_368762,-0.015002711754631437,-0.019857178382171724,0.0019718270325641447,1,-1
1194,track_1203873,artist_368762,0.01845747791098604,0.0011912816298393389,-0.0026119638394650237,2,1
1195,track_1203926,artist_003682,0.025617868134392523,0.004603823453182373,0.006023043937486173,2,1
1196,track_1203950,artist_003682,0.02488408661535808,-0.018925966988081216,0.009413055861002436,2,1
1197,track_1204665,artist_463402,-0.005644696399950085,0.02995608678615274,-0.020753187152552935,1,-1
1198,track_1204813,artist_462768,-0.0191264566236606,0.010855520002347116,-0.00491050405524701,1,-1
1199,track_1205073,artist_463180,-0.017094188659362082,-0.021904004411967288,-0.015158819157591446,1,-1
1200,track_1205954,artist_463441,-0.030409441754718828,0.015052301063740059,0.015115591541496602,1,-1
1201,track_1206159,artist_438910,0.028180365549436426,0.024229684483944625,0.006103748822413907,2,1
1202,track_1208042,artist_347734,-0.0018364486025605827,-0.04130040961155782,-0.028052413932995044,1,-1
1203,track_1208250,artist_438161,-0.0052925003100154164,-0.00200347230929356,-0.006372957348479293,1,-1
1204,track_1208442,artist_464776,-0.019936248748673373,-0.028889547717359194,0.005696051163858573,1,-1
1205,track_1209359,artist_455057,0.004017342834664688,-0.019847356150706878,-0.019022341252965428,2,1
1206,track_1209450,artist_451073,0.00014213241195462826,0.008022553573974463,-0.018397102695166517,2,1
1207,track_1209626,artist_003944,-0.016057479480227944,-0.011569046123522065,-0.01223790135542637,1,-1
1208,track_1209638,artist_003944,0.0075028568592792385,0.0019801770343906818,-0.009182469012898582,2,1
1209,track_1209642,artist_003944,-0.0078030271503054215,-0.011098079646195094,-0.019335692350016073,1,-1
1210,track_1209650,artist_003944,0.04063256115905202,0.028453256078769848,0.0178166383428368,2,1
1211,track_1209654,artist_003944,-0.02955992894123697,0.008791108604224395,0.04894306060795238,1,-1
1212,track_1209657,artist_003944,-0.015156292681127748,0.007753990562412571,-0.010085646316921255,1,-1
1213,track_1209659,artist_003944,-0.03619022243462207,0.02141695763440935,0.04576516248853531,1,-1
1214,track_1210890,artist_352428,0.013125606951180195,-0.005850168685657497,-0.007425206991514066,2,1
1215,track_1211213,artist_351337,-0.00815239196853098,0.006553151416794576,-0.015993916631610997,1,-1
1216,track_1211526,artist_456650,-0.0025088986786569734,-0.013011343010208508,-0.01481469875666616,1,-1
1217,track_1214850,artist_466508,-0.01304574642617202,-0.015845547887856175,0.007118337712952812,1,-1
1218,track_1215873,artist_466801,-0.0157227993961526,0.014473501126739447,-0.0016833789114829231,1,-1
1219,track_1216038,artist_466868,0.0019983386846907495,0.0009826390282184517,-0.04978111424211327,2,1
1220,track_1216154,artist_458175,0.010642711634603086,-0.015262932019884809,-0.012095129800507629,2,1
1221,track_1216157,artist_458175,0.007707577909814364,-0.009198377162548822,-0.017606767076224012,2,1
1222,track_1216159,artist_458175,0.035311138298313165,0.0028332935889583237,0.016147687917938837,2,1
1223,track_1216213,artist_456650,0.0015907448033933116,0.048126715301079225,-0.031060730723570438,2,1
1224,track_1217157,artist_441694,-0.009473492793446971,0.03361528292458249,-0.018149029881161516,1,-1
1225,track_1217159,artist_441694,-0.018649289735543036,-0.03288007945908478,-0.018796003091280777,1,-1
1226,track_1217165,artist_441694,-0.02741218606680768,-0.054691971221520336,-0.03487411978614946,1,-1
1227,track_1217513,artist_396983,-0.009192942459947001,0.002201604391679474,-0.002318563481312118,1,-1
1228,track_1218250,artist_375104,-0.01395962210843997,0.011034947874026826,-0.0009024845472989749,1,-1
1229,track_1219290,artist_467612,-0.0011074142053752645,0.03532091184747949,-0.014892868899760492,1,-1
1230,track_1219426,artist_368759,0.006842928790955452,-0.007591864942070799,-0.01579999888233521,2,1
1231,track_1219473,artist_355675,0.0036957103740520745,0.010885794432284868,-0.00678987539370755,2,1
1232,track_1219757,artist_337346,-0.02098830630344308,0.022302215246611284,0.010847364994988853,1,-1
1233,track_1220659,artist_467467,-0.006402763460404983,-0.02224744091946177,-0.014857540621446551,1,-1
1234,track_1220665,artist_467467,0.010046749703303132,-0.00545034493757826,-0.012750335948040141,2,1
1235,track_1221326,artist_441727,-0.0040266216739581395,-0.013687666101582832,-0.01374352591059764,1,-1
1236,track_1221442,artist_431744,-0.003353082450788884,-0.013799863442909673,-0.016499535395765496,1,-1
1237,track_1221465,artist_431744,-0.020363402297124307,-0.025823678122263098,0.005575533584734096,1,-1
1238,track_1221565,artist_003944,-0.024124899948559115,0.017112946668234565,0.009804974922824223,1,-1
1239,track_1221573,artist_003944,0.017888031849540523,-0.021924719286542896,-0.0014488521403643836,2,1
1240,track_1221579,artist_003944,0.013290125410350646,-0.02197958370404668,0.0004275169777481658,2,1
1241,track_1221590,artist_003944,0.021852702948295225,-0.019941535771509394,0.009993494904965705,2,1
1242,track_1221850,artist_468830,0.0006578376954486301,-0.0089385464699348,-0.014385049732961024,2,1
1243,track_1221854,artist_468830,-0.009799424364252213,-0.02250449727197809,-0.017766847851440525,1,-1
1244,track_1221865,artist_468830,-0.011512956872129377,-0.007911037014287678,-0.00040906259147019636,1,-1
1245,track_1222013,artist_437980,-0.018489254081694446,-0.0024269316115456186,-0.004304530765746129,1,-1
1246,track_1222313,artist_005240,0.03433875075842917,-0.001735350859324943,0.015421178852075676,2,1
1247,track_1222326,artist_005240,0.054739618637668866,-0.0045430163584604276,0.027475015011438602,2,1
1248,track_1222338,artist_005240,-0.005313827399451951,-0.014535220513590163,-0.012451332189681398,1,-1
1249,track_1222626,artist_344764,0.05711696624235067,-0.011344866712292302,0.02824813123190237,2,1
1250,track_1222779,artist_469116,0.018494040604880857,0.003802468226507683,0.0030418958963645206,2,1
1251,track_1222857,artist_469116,-0.012174259775912114,-0.03147269324488501,-0.023573599564726967,1,-1
1252,track_1223150,artist_454426,-0.02029128246429752,-0.028900238255179143,0.0017471757037785373,1,-1
1253,track_1224065,artist_466600,0.015394715931343778,0.0247659270202112,-0.01204765592089042,2,1
1254,track_1224879,artist_365532,-0.005594986680764572,-0.017937224315473003,0.008780272080106817,1,-1
1255,track_1225159,artist_348759,0.009427067297833698,0.011090328555350757,-0.04156341753812639,2,1
1256,track_1225626,artist_365532,0.023113301955705663,-0.009481719673564088,0.002645119810275888,2,1
1257,track_1225957,artist_454118,-0.0070942145043933836,0.05341552649669637,-0.021439791545009513,1,-1
1258,track_1225973,artist_454118,0.0005248051144529039,0.006279481769782173,-0.023857443619486086,2,1
1259,track_1226642,artist_337428,-0.02022840698850698,0.033086739383986735,-0.02965985085598989,1,-1
1260,track_1226813,artist_469255,-0.002807437963533429,0.013041647053646308,-0.01728577946731427,1,-1
1261,track_1227459,artist_459422,0.0017024072260465382,0.010266559181629192,-0.0078483586599643,2,1
1262,track_1227554,artist_460469,0.01001569011018632,0.04361453424282105,-0.017380000618142002,2,1
1263,track_1227742,artist_470512,0.03949018372473305,-0.021868382054114278,0.03646737111005837,2,1
1264,track_1228759,artist_452157,0.007691033779189533,-0.008739751123845323,-0.0005199802353392621,2,1
1265,track_1228857,artist_470512,0.03352845316133219,-0.009122933512981187,0.030962191708002896,2,1
1266,track_1229179,artist_375104,-0.012872612822396117,0.0056531378753773955,-0.009347178730583352,1,-1
1267,track_1230713,artist_428449,0.0062960538620468595,0.034170273332049604,-0.019171792138229903,2,1
1268,track_1230765,artist_471813,-0.01384108673152721,0.007953502253195053,0.006001155963639442,1,-1
1269,track_1230854,artist_471837,-0.00911408294340092,-0.019834847388524125,-0.030165035762518982,1,-1
1270,track_1231159,artist_350065,-0.007185924800682667,0.02070823696043613,-0.01355504829296914,1,-1
1271,track_1231350,artist_452157,-0.019092926462879602,0.008991455554306057,0.0021591095218999206,1,-1
1272,track_1231542,artist_471813,-0.0186421522584902,0.016491203805527644,0.009915985015244877,1,-1
1273,track_1231679,artist_338779,0.0031855411117045237,0.006151292252114912,-0.023386119455756593,2,1
1274,track_1232050,artist_472293,0.04037577339975025,-0.021596282203684366,0.03749220773658013,2,1
1275,track_1233757,artist_004729,-0.0023150860057535756,0.0054986278316950105,-0.02280307153245917,1,-1
1276,track_1233765,artist_472947,0.01905394512138551,-0.006430532403386513,-0.006163633446943191,2,1
1277,track_1234242,artist_437980,-0.02119056622581096,-0.028538808836867668,-0.024009908564412534,1,-1
1278,track_1234265,artist_437980,-0.003945931853946114,-0.022440222687310604,-0.016714311426947587,1,-1
1279,track_1234359,artist_437980,0.007355318846274502,0.008667614778300768,-0.019382912549513236,2,1
1280,track_1234390,artist_437980,-0.0005869217137022479,0.0036691906284855025,-0.003440806830355022,1,-1
1281,track_1234413,artist_437980,-0.009895128189052037,-0.012171561309157024,-0.016217798733974536,1,-1
1282,track_1234442,artist_437980,-0.0005869217137022987,0.0036691906284859405,-0.0034408068303546204,1,-1
1283,track_1234990,artist_008004,-0.030186148536812698,0.015614903675582157,0.04949952043768176,1,-1
1284,track_1235365,artist_437980,-0.0022405577479090552,0.06672724883236336,-0.03158083497514695,1,-1
1285,track_1235965,artist_431744,-0.004829156376568175,-0.03183116072996995,-0.014416600420655621,1,-1
1286,track_1236038,artist_431744,-0.017713438293083337,0.006463143309145139,0.0160858154031613,1,-1
1287,track_1236113,artist_003944,0.043566965257661266,0.005803146450156911,0.032918792251477286,2,1
1288,track_1236326,artist_005721,-0.002587392895673059,-0.005495007706937227,-0.02727182806734712,1,-1
1289,track_1236854,artist_437980,-0.01787674467541149,-0.025530222670667336,-0.021022346814409974,1,-1
1290,track_1236859,artist_437980,-0.005148139775739216,0.014185047047321157,0.001144018746832988,1,-1
1291,track_1237057,artist_441585,-0.016474234505362905,-0.0031640852521425036,0.00668352352956952,1,-1
1292,track_1237150,artist_437980,-0.009383513528683373,-0.0010647564938298744,-0.0028035661753540255,1,-1
1293,track_1238765,artist_437980,-0.02218189025369357,-0.012045203862460592,0.02302132357480385,1,-1
1294,track_1239059,artist_475035,-0.01246238833717428,-0.004111456064558873,0.015649153781430312,1,-1
1295,track_1239326,artist_342174,0.004545734556964887,-0.009995300741447716,0.005599401844608647,2,1
1296,track_1239373,artist_342174,-0.027719408348002197,-0.0008398800553575242,0.03846413196207982,1,-1
1297,track_1239473,artist_342174,-0.029717822381723286,0.0033173946743605786,0.04731584862722579,1,-1
1298,track_1240073,artist_471813,0.029112632982320297,0.00922121722378906,0.020318646018835422,2,1
1299,track_1240090,artist_471813,0.003630200417691658,0.01717165012950419,-0.008511097492857812,2,1
1300,track_1240865,artist_375104,-0.014135406199168438,0.011765472309868791,-0.023571226201379317,1,-1
1301,track_1240950,artist_005096,-0.013094707601068798,-0.016581290226261772,-0.014985096305191355,1,-1
1302,track_1241454,artist_441157,0.03566190882622982,-0.007071930224684406,0.016589213383743043,2,1
1303,track_1241457,artist_441157,0.045275413348106724,-0.03147782232156905,0.004364185932192181,2,1
1304,track_1241779,artist_474067,-0.006265503756017348,-0.031029631480458144,-0.03130306722256511,1,-1
1305,track_1244450,artist_352184,-0.006436767150316482,0.002593586923405662,-0.028394815258661162,1,-1
1306,track_1244465,artist_352184,-0.02545155600731408,0.013849485038202014,0.031910296084760016,1,-1
1307,track_1244738,artist_000560,0.03839353594994267,-0.02818730279120085,0.020910688083515174,2,1
1308,track_1244942,artist_437980,-0.01787548651473548,-0.025324146639496017,-0.022700985400813938,1,-1
1309,track_1244954,artist_437980,-0.017415759835408513,-0.014164061560298454,0.005732690801704979,1,-1
1310,track_1245138,artist_003944,-0.002373704078627452,-0.012168139774688653,-0.012367047728770916,1,-1
1311,track_1245150,artist_003944,-0.012036810663882933,-0.005267831862161163,-0.018848437276778898,1,-1
1312,track_1245154,artist_003944,-0.002373708451300381,0.002127449169477735,-0.02383755261474066,1,-1
1313,track_1245157,artist_003944,-0.011774304103659088,0.012632173262806953,-0.008883119368117151,1,-1
1314,track_1245159,artist_003944,-0.019255002216276084,-0.0003023779290874739,0.023617079648866297,1,-1
1315,track_1245165,artist_003944,-0.010109016843506891,0.00911355518287871,-0.008567680522316589,1,-1
1316,track_1245173,artist_003944,0.03559348162015391,0.026458516610372265,0.02031759222491442,2,1
1317,track_1245442,artist_001907,-0.012794883096256171,0.015557556408353383,-0.0068758664315571195,1,-1
1318,track_1245890,artist_004056,-0.015595395278589906,-0.025566264736641354,-0.011336737587071512,1,-1
1319,track_1246338,artist_477067,-0.001556322179623888,-0.004460341159167745,0.001100808778325136,1,-1
1320,track_1246342,artist_477067,0.02680399417122404,-0.012933682237818135,0.005575967821976735,2,1
1321,track_1247113,artist_471813,-0.015754494562366432,0.02110635796216259,0.008244765964645372,1,-1
1322,track_1248254,artist_359034,-0.012662121194647382,0.06850954657170377,-0.02462806731618548,1,-1
1323,track_1248257,artist_359034,-0.013713350240561195,-0.019278972516119375,0.00259021419284826,1,-1
1324,track_1248265,artist_359034,-0.008165733376064854,0.020242677566340343,-0.011037699538321913,1,-1
1325,track_1248273,artist_359034,-0.006202334146583344,-0.02971953774651672,-0.029290652531104536,1,-1
1326,track_1248279,artist_359034,-0.020667877370464206,0.005665736340811885,0.009857385256978225,1,-1
1327,track_1248557,artist_460992,-0.017619898515012552,0.00986470615594365,-0.003079800411003168,1,-1
1328,track_1248559,artist_460992,-0.013058146805336408,0.01856847349210876,-0.004619177481231329,1,-1
1329,track_1248726,artist_477707,-0.03842494230145391,0.028995451741561908,0.04008867197783454,1,-1
1330,track_1248838,artist_432124,0.011098535724607204,0.011406067104700041,0.003737261867536781,2,1
1331,track_1249965,artist_433381,0.01677527314311563,0.0055307519632427134,0.004817909768774447,2,1
1332,track_1250042,artist_448643,-0.02951333866732264,0.004133398709614499,0.04961861371372098,1,-1
1333,track_1250050,artist_448643,-0.005576160101795428,-0.004021886841793439,-0.026865323964275108,1,-1
1334,track_1250054,artist_448643,-0.015968313801987127,-0.024038076406037626,-0.007407834340884898,1,-1
1335,track_1250059,artist_448643,-0.008914544830989125,-0.005515405946693258,-0.014083000638683209,1,-1
1336,track_1250065,artist_448643,0.006338424025983776,-0.006265480673665276,0.0017243729731708447,2,1
1337,track_1250079,artist_349895,0.03675661799479945,0.030474864813381027,0.008496719800003045,2,1
1338,track_1250226,artist_477618,0.010656190433300603,-0.028728447163855773,-0.0264422027752906,2,1
1339,track_1250238,artist_477618,-0.020556833252342473,-0.02312731256535349,-0.0021577195454981464,1,-1
1340,track_1250838,artist_004116,0.03191304037101381,0.013448634516484554,0.021756221771280875,2,1
1341,track_1251473,artist_432273,0.056873918750973675,-0.0023444854245103473,0.032461335435139675,2,1
1342,track_1251854,artist_347734,-0.011751808889523868,-0.048309740751084886,-0.036722834870935576,1,-1
1343,track_1252990,artist_339344,0.013660640160312394,0.026369062928519274,-0.00716011566782495,2,1
1344,track_1253038,artist_477618,-0.00948370032039136,-0.014567548702128813,0.0008082023780955364,1,-1
1345,track_1253050,artist_477618,-0.012225224733069417,-0.02999995148900227,-0.01805949978323993,1,-1
1346,track_1253142,artist_439286,0.0035898375784536025,0.04738554746513499,-0.029799784334903556,2,1
1347,track_1253257,artist_452142,0.006091696662935789,-0.021512861517468562,-0.010451606123230348,2,1
1348,track_1253513,artist_435614,0.0241761657820257,-0.0157078729664226,0.01780096503907095,2,1
1349,track_1254013,artist_346564,0.04265193341654735,-0.002565179957412905,0.03246881450468563,2,1
1350,track_1254442,artist_471813,-0.003763558207322028,0.02387042808051629,-0.0031361694503843182,1,-1
1351,track_1254450,artist_471813,0.00014480600612326355,0.012913446248533326,-0.010825203226455558,2,1
1352,track_1254779,artist_364441,0.01828738132912077,-0.007475004906617697,-0.008227413632037895,2,1
1353,track_1255457,artist_454118,0.010243509395688436,0.0044202767917187955,-0.01473019759280497,2,1
1354,track_1255459,artist_454118,-0.006590736612389389,0.06459843191507418,-0.02666622992335941,1,-1
1355,track_1255557,artist_466600,0.003595378201640704,-0.004806550279499318,-0.029791678568583908,2,1
1356,track_1255638,artist_347916,-0.013158618083405712,0.01442516654212437,-0.014944284370822299,1,-1
1357,track_1255642,artist_347916,-0.017427585808691137,-0.016789284806343348,-0.019280200626185597,1,-1
1358,track_1255879,artist_355779,0.02370076401368478,0.009220734472665441,0.004391417020113277,2,1
1359,track_1255973,artist_348759,-0.0119558049357327,-0.03223240102142873,-0.01577843819613525,1,-1
1360,track_1256654,artist_479439,-0.023062866173880172,-0.013153326952814088,0.02086300638688843,1,-1
1361,track_1257050,artist_479496,0.014025131634051549,-0.030962428069163817,0.004026275267175075,2,1
1362,track_1257250,artist_479521,-0.0011776492848176333,0.016173493531934705,-0.010922218799945914,1,-1
1363,track_1257265,artist_367947,-0.00567030003303796,-0.006835930640317349,-0.009365273041745715,1,-1
1364,track_1257273,artist_367947,0.020439382652504303,-0.009086225569016467,0.004727947346131405,2,1
1365,track_1257279,artist_367947,0.025744652137111308,0.0038849571501773108,0.014601172939025466,2,1
1366,track_1257554,artist_460992,-0.008609898320678743,0.019703842599235695,-0.010983499308070159,1,-1
1367,track_1257557,artist_460992,0.005504899068562059,0.022088629462130045,-0.015544437067401185,2,1
1368,track_1262650,artist_004934,-0.02634598124345554,0.009406129648254621,0.027061666516755366,1,-1
1369,track_1262654,artist_004934,-0.025606182098887115,0.0004948711189371336,0.034615482012867876,1,-1
1370,track_1263265,artist_347734,-0.004342599058499272,0.02642462135491048,-0.02880786837032403,1,-1
1371,track_1263279,artist_355162,0.034644689618551876,0.006979551403604903,0.01328814856888421,2,1
1372,track_1265326,artist_480019,0.03026194090380979,-0.01425435464541858,0.0048715002894464034,2,1
1373,track_1265926,artist_427606,-0.016154516569422274,-0.010395002769693133,0.002102857464091193,1,-1
1374,track_1266113,artist_460992,0.010703306434359532,0.018211275437199498,-0.010816879943013565,2,1
1375,track_1266573,artist_480321,0.04880702118575385,0.001143164160686258,0.03473249242704974,2,1
1376,track_1266579,artist_480321,0.03514743901161661,0.0018123224691459524,0.025111654800996207,2,1
1377,track_1267054,artist_466600,0.005160790554493776,-0.020278094284980373,-0.028051601981326224,2,1
1378,track_1267290,artist_451073,-0.0007143686700163368,-0.02632118272717043,-0.0025134931367577816,1,-1
1379,track_1267757,artist_362501,-0.035212854590904244,-0.005184258056772622,0.03985162018064901,1,-1
1380,track_1267759,artist_362501,-0.019909376575883833,-0.007741079950405982,0.002850356732663647,1,-1
1381,track_1267765,artist_362501,-0.043059345121564264,0.007347828248798724,0.07442341400925025,1,-1
1382,track_1268057,artist_480599,0.02011126704256636,0.023092490659249832,0.0009562256703201953,2,1
1383,track_1268113,artist_471813,-0.002230760516936731,0.017770433651187627,-0.013903960204856595,1,-1
1384,track_1268326,artist_436872,-0.00014115458841394983,0.04249845193320787,-0.019106880810647087,1,-1
1385,track_1268365,artist_436872,-0.013274163016310013,0.02800346489484783,-0.0069356686356220965,1,-1
1386,track_1269565,artist_432273,0.028944196751626614,-0.03261314929405426,0.016838600831156986,2,1
1387,track_1269813,artist_480798,-0.010090487663644364,0.01497696272044746,-0.007852351561087758,1,-1
1388,track_1270990,artist_480887,-0.0294734350978977,0.004041115149228509,0.037265655898778505,1,-1
1389,track_1271779,artist_364032,0.03069016346475135,-0.030925785643765764,0.010835914304772567,2,1
1390,track_1271850,artist_437980,-0.025670673860931702,0.011080706170473055,0.015466951031884075,1,-1
1391,track_1272457,artist_347673,0.06454870921383885,-0.05827713979404034,0.007968705110802046,2,1
1392,track_1273057,artist_437980,-0.009671536053703678,-0.02306110030536392,-0.01886386684370461,1,-1
1393,track_1273390,artist_378695,-0.01943521581218449,0.022897027428169677,-0.003849539774007061,1,-1
1394,track_1273973,artist_378695,-0.024683052193950034,0.010315615598512828,0.03846736357311332,1,-1
1395,track_1274150,artist_007872,0.015075682920085617,-0.016432559315119222,-0.010262323864055631,2,1
1396,track_1274154,artist_007872,0.024666413296479672,-0.014092916873826513,0.004523624810021369,2,1
1397,track_1274157,artist_007872,0.02177305774860424,-0.0291481071729379,0.005449567386995088,2,1
1398,track_1274159,artist_007872,0.06214710100974266,0.015805948373170998,0.048849289317882204,2,1
1399,track_1274165,artist_007872,0.03868934654191105,0.009905100193313426,0.030285903828974736,2,1
1400,track_1274173,artist_007872,0.023350480005752322,0.007197616849029745,0.0030542508726473846,2,1
1401,track_1274238,artist_430396,0.009671701546020574,-0.019983629103218468,-0.0019769274186922825,2,1
1402,track_1274242,artist_430396,0.013200414327541555,-0.009984853251203277,0.006621808336220661,2,1
1403,track_1274265,artist_437980,0.0001552129321913068,0.0450665061484911,-0.01302179398105551,2,1
1404,track_1274438,artist_418612,0.002295946390923777,0.016175158272782805,-0.018478869626228536,2,1
1405,track_1275150,artist_340542,0.0043016933156662905,0.006788147154532827,-0.023619648455573773,2,1
1406,track_1275154,artist_340542,0.035932821277552186,0.009421676789819432,0.019825405004822473,2,1
1407,track_1275238,artist_437980,0.025792381619959382,0.021408889227893222,-0.00030124024695890074,2,1
1408,track_1275613,artist_472293,0.019934181289063383,-0.014529528416961757,0.001934420078189673,2,1
1409,track_1276479,artist_353294,0.02124247369366597,-0.003150658556512282,0.006441196148120566,2,1
1410,track_1276513,artist_353294,0.004605670217823232,0.00388337291553907,-0.04803776881626549,2,1
1411,track_1277179,artist_471813,0.026235363591633008,-0.02048752587451621,0.0035430128213203224,2,1
1412,track_1277765,artist_481486,0.019295636730831327,-0.007706492571856371,-0.002254682147969947,2,1
1413,track_1277790,artist_481486,0.010940385521925085,0.04223549558730932,-0.025541141598306477,2,1
1414,track_1277842,artist_481486,0.026003359084734574,-0.010876083423296852,0.0027001041776230305,2,1
1415,track_1277913,artist_355362,0.02353455891580214,-0.007656641039370474,-0.004914023341102676,2,1
1416,track_1278179,artist_441157,0.028881895687378308,-0.016912966681985952,0.017398996698850304,2,1
1417,track_1278254,artist_007862,0.006531089144567429,-0.0130676588150799,-0.021181360382047917,2,1
1418,track_1278738,artist_481486,0.028740927758444838,0.013580666093352326,0.015948325639742356,2,1
1419,track_1279613,artist_435483,0.010961667508968936,-0.013677835895371656,-0.005123273400850451,2,1
1420,track_1280242,artist_353511,0.02693450682006202,-0.0030726451524191695,0.025341469634718783,2,1
1421,track_1280354,artist_435992,0.0545337375657803,0.012886485170255473,0.03273981928992671,2,1
1422,track_1280357,artist_435992,0.042717141646401065,-0.0006420914766320681,0.02154515141163482,2,1
1423,track_1280359,artist_435992,0.03048699043016969,0.0023982647263463843,0.01829022923563564,2,1
1424,track_1280379,artist_435992,0.024898705794143564,-0.02449078229094791,0.010600972483432787,2,1
1425,track_1281238,artist_482680,-0.021532824270038192,0.0029163778603246045,0.003844952837434595,1,-1
1426,track_1281242,artist_482680,0.013078834873284657,0.007425966348127875,-0.012082904515855733,2,1
1427,track_1282290,artist_483163,-0.018317936893211102,-0.027271746576409392,0.00926169369959216,1,-1
1428,track_1283750,artist_483387,-0.02196499154627555,0.01543624518512781,0.0017810849939405825,1,-1
1429,track_1283754,artist_483387,-0.016627792538879284,-0.019151029116382008,-0.00829801328868265,1,-1
1430,track_1283757,artist_483387,-0.017459562352018235,-0.015261516041167128,-0.007069489843897671,1,-1
1431,track_1283765,artist_483387,-0.014608174538253993,0.007461347457033768,-0.012479235553303521,1,-1
1432,track_1283854,artist_452659,-0.013367555961297501,-0.015660119914373282,-0.02624332779634539,1,-1
1433,track_1284273,artist_375935,-0.011333207848925372,-0.022752356708710928,-0.019896321582699307,1,-1
1434,track_1284350,artist_483253,-0.011345231304485016,0.058515006670614864,-0.02085522875923499,1,-1
1435,track_1284354,artist_483253,-0.024548456756364957,-0.06457873341714727,-0.057282915974106285,1,-1
1436,track_1284457,artist_483163,-0.013956692270625518,-0.0020634215528284815,0.001414048909941993,1,-1
1437,track_1284459,artist_483163,-0.02585651944878929,-0.003954093664195391,0.025530306358540377,1,-1
1438,track_1284465,artist_483163,-0.01085185272099333,0.019164923902840122,-0.000930053582567581,1,-1
1439,track_1284959,artist_477775,-0.02313599436455126,0.018266363313321134,0.02070486873547692,1,-1
1440,track_1284965,artist_477775,-0.006836638908743681,0.028203597644351847,-0.01768475689587542,1,-1
1441,track_1285757,artist_362636,0.00930733613231647,0.024054118792488977,-0.02094591290016504,2,1
1442,track_1286213,artist_451073,0.004301913971606701,0.003943538580231922,-0.002023049692712938,2,1
1443,track_1286238,artist_342686,-0.0071777975679312,0.02699686130480214,-0.007928989086500518,1,-1
1444,track_1286473,artist_484321,-0.029047074113374614,-0.00042406471943117944,0.0417559198331453,1,-1
1445,track_1286513,artist_435992,0.04021693816950091,-0.025269265335446774,0.030740679756697812,2,1
1446,track_1286773,artist_484326,0.021341738968073752,-0.002765167981071887,0.011335758907455019,2,1
1447,track_1286779,artist_484326,0.02612882729298878,-0.0002535445189010885,0.01571339123256175,2,1
1448,track_1287450,artist_484369,0.015090567272441737,0.044063086420463145,-0.026964366976618127,2,1
1449,track_1287454,artist_484369,0.006234001930501147,0.011127560659575536,-0.020187775152397818,2,1
1450,track_1287457,artist_484369,-0.0037568486200005653,0.0173877078074692,-0.0125567083970128,1,-1
1451,track_1287754,artist_484368,0.0056143168361603175,0.037058075823907084,-0.022496761015180142,2,1
1452,track_1287890,artist_473960,-0.006650215861321438,-0.028957282726236776,-0.031629006700996914,1,-1
1453,track_1288338,artist_477775,-0.011933788173118591,0.020942947712805325,-0.010918267151775553,1,-1
1454,track_1288490,artist_483163,-0.02938695099094243,-0.009841738401980235,0.010452975318910823,1,-1
1455,track_1289126,artist_354858,0.0250334827156968,-0.0032338025066362833,0.006279834460756023,2,1
1456,track_1289279,artist_006916,-0.030426066891417206,0.021818920839888022,0.03290395094609796,1,-1
1457,track_1289373,artist_440879,-0.012200646595633734,-0.006934522855112443,-0.01422299914990168,1,-1
1458,track_1289379,artist_440879,9.566455386294156e-05,0.00795239468857626,-0.01665892136861818,2,1
1459,track_1289526,artist_483163,-0.015576337928431683,0.020362863081009194,-0.01564127295505851,1,-1
1460,track_1290013,artist_471813,0.00734698014204894,0.013081437172725432,-0.008657917292240792,2,1
1461,track_1290254,artist_340218,-0.010337534129759797,0.005282155309619034,-0.015023757341337625,1,-1
1462,track_1290557,artist_437980,-0.008582976375922573,-0.029606859654469353,-0.027903814830567683,1,-1
1463,track_1290559,artist_437980,-0.008417647061308063,-0.029044347848698974,-0.027381178022400202,1,-1
1464,track_1290638,artist_351032,-0.010948540344302217,-0.024381703392410525,-0.02163109493677598,1,-1
1465,track_1290754,artist_473090,0.008909322835678595,-0.0032279367586858826,0.005739340885886198,2,1
1466,track_1290879,artist_362636,-0.014418726078761546,0.007136157743935347,0.006133645218171535,1,-1
1467,track_1290950,artist_419438,-0.022373770634489507,-0.008255786022878839,0.0011284903439939494,1,-1
1468,track_1290954,artist_419438,-0.014939216522652234,-0.020148182499627507,-0.017695589151799838,1,-1
1469,track_1290973,artist_438910,-0.005009874946345083,-3.288833299470608e-05,-0.0002440896962088652,1,-1
1470,track_1291390,artist_464915,0.006702702992995058,0.040132208297507424,-0.019582688431451896,2,1
1471,track_1291557,artist_367887,0.008031398453322349,-0.012939272700948096,0.0027372570941250275,2,1
1472,track_1291559,artist_367887,0.0009284850546266868,-0.04833417276798411,-0.03453553173647884,2,1
1473,track_1291565,artist_367887,-0.02777452447881048,-0.03162663213834858,0.007626044595863384,1,-1
1474,track_1291679,artist_466600,0.00048632246725439313,-0.024148659122522613,-0.0219451267857995,2,1
1475,track_1292159,artist_477775,-0.0153544504898726,0.021545934634105184,-0.0050668184647801005,1,-1
1476,track_1292338,artist_484759,0.03340614482218875,-0.022291225103735872,0.023793163070775045,2,1
1477,track_1294742,artist_007063,-0.011114823464783671,0.029165694190330035,-0.02179514364602967,1,-1
1478,track_1294750,artist_007063,-0.019747023869249234,0.034804727812914986,-0.0269004528740027,1,-1
1479,track_1294765,artist_007063,0.0063233930341907735,-0.020387213367011266,-0.022679160740100502,2,1
1480,track_1294773,artist_007063,-0.010900040595786524,-0.013937334111674055,-0.02630493269539031,1,-1
1481,track_1294779,artist_007063,-0.017747404288707344,0.029423512148340908,-0.025397736620777604,1,-1
1482,track_1294938,artist_367887,-0.010859181685042105,0.06110046136818586,-0.017999703278119946,1,-1
1483,track_1294942,artist_367887,0.009926712638452838,-0.038008635900682756,-0.017372139262102595,2,1
1484,track_1295054,artist_480962,-0.012258155496881001,0.02671336055830183,-0.0189904941908355,1,-1
1485,track_1295413,artist_479278,-0.027208714582395356,-0.013960773882599541,0.019244417812615894,1,-1
1486,track_1295654,artist_367887,0.01018072868503289,0.043572761689187806,-0.013148874721459453,2,1
1487,track_1295657,artist_367887,0.01895155511472597,-0.05617426729822031,-0.02378652871284028,2,1
1488,track_1295659,artist_367887,-0.002349947137849041,-0.06434156913863141,-0.045267709031376974,1,-1
1489,track_1295713,artist_375104,-0.004333324926058304,-0.0005666485504242371,-0.027250968142652487,1,-1
1490,track_1296365,artist_368136,-0.011364814357273439,-0.006055334488651512,-0.0026894459710010295,1,-1
1491,track_1296779,artist_431465,0.02004346564298189,0.0074595889958222585,0.0026656850702705,2,1
1492,track_1296859,artist_437980,0.01117349529777866,0.07692184421021289,-0.03467438407834611,2,1
1493,track_1296926,artist_437980,0.0038959288805758435,0.0005265639014624103,-0.03811661640116912,2,1
1494,track_1297357,artist_375935,-0.0047021371417614154,-0.013484293518921142,-0.016973397185389292,1,-1
1495,track_1298290,artist_437980,-0.02453126519942514,0.017301210997798907,0.024861851863956574,1,-1
1496,track_1299542,artist_437980,0.004489878037918757,-0.025971353740891035,-0.003750709350435823,2,1
1497,track_1299813,artist_437998,-0.0032277483578401016,0.04193324036622117,-0.016709483172468422,1,-1
1498,track_1299938,artist_437980,-0.01724516898234208,-0.013376060644030038,0.015734409734586632,1,-1
1499,track_1300054,artist_477775,0.02863003273710029,0.002048673892157361,0.023555708694795383,2,1
1500,track_1300073,artist_007349,-0.011033921266459504,-0.02096693810284667,-0.007034992860867643,1,-1
1501,track_1301826,artist_435992,-0.016695381793542068,0.022790007796859697,0.010665905613144431,1,-1
1502,track_1303013,artist_471813,-0.00039837602113206976,0.016897547276529055,-0.005753816166255725,1,-1
1503,track_1303065,artist_485924,-0.007940515007362021,0.04301567773051688,-0.014635608760182854,1,-1
1504,track_1304354,artist_442862,0.03310094565602599,0.02114092322158747,0.010210190017420483,2,1
1505,track_1304479,artist_452157,0.018023440279233256,0.02432880912382807,-0.0013291676517100544,2,1
1506,track_1305479,artist_375935,0.007135958910445404,-0.021785215558303206,0.0053920512540048164,2,1
1507,track_1305638,artist_477775,0.0010354859337611915,0.019697029909151904,-0.03215212429054297,2,1
1508,track_1305642,artist_477775,-0.002889232143426243,0.022223056374878192,-0.0393033873206063,1,-1
1509,track_1305854,artist_477775,-0.03393044065906898,0.029177282848837055,0.03110594708498473,1,-1
1510,track_1306059,artist_459422,0.043603332173093756,0.004791072602669952,0.03339148576004685,2,1
1511,track_1306065,artist_459422,0.04384499982713166,-0.0018559667711405762,0.03725052561708303,2,1
1512,track_1306265,artist_347673,0.0468808092103927,-0.048456024778212495,-0.002378328126283572,2,1
1513,track_1306550,artist_466600,0.023217771636277165,-0.008553948469604142,0.006750626135632489,2,1
1514,track_1306842,artist_461418,0.0017224548925417792,0.005525243049520989,-0.010017436123159668,2,1
1515,track_1306850,artist_461418,0.0005224792041593277,-0.0035742199321436422,-0.01531529356724245,2,1
1516,track_1306954,artist_436349,-0.013501440803177618,0.02147075653780561,0.00024174660632096437,1,-1
1517,track_1307642,artist_341393,0.0014892166856963558,-0.024488790362293875,-0.009176304712144728,2,1
1518,track_1307679,artist_341393,-0.009765355337406151,-0.0016453099313528826,0.002435127592217386,1,-1
1519,track_1307726,artist_338779,-0.00834726904489816,-0.013006110549524894,-0.025699440248998562,1,-1
1520,track_1309457,artist_337741,0.0020538566431544903,0.041387088603763424,-0.02279793222006334,2,1
1521,track_1309459,artist_337741,-0.01899673295607946,0.002131435753916441,0.018722115365811857,1,-1
1522,track_1309626,artist_337741,0.018590089705179048,-0.0021733497265773176,0.010598948249671553,2,1
1523,track_1309757,artist_486627,-0.020557811057039504,0.01595283800613823,0.01457177822841763,1,-1
1524,track_1310113,artist_461418,0.013260232109751788,-0.008927598324738736,-0.005756598634731353,2,1
1525,track_1310242,artist_486695,0.000697887865512704,0.002353441750384116,0.0038216921883294378,2,1
1526,track_1310554,artist_484797,-0.016190760998104323,0.004896736149431292,0.00435067264077551,1,-1
1527,track_1310559,artist_484797,-0.017450439436312935,0.008781265026980027,0.011942639728183477,1,-1
1528,track_1310654,artist_340553,-0.0129649617020782,-0.01052353454082461,-0.02665842544401418,1,-1
1529,track_1310657,artist_340553,-0.004290878021909097,-0.035364756709413164,-0.03438626466312464,1,-1
1530,track_1310659,artist_340553,-0.0028758701298648524,-0.0230482839193961,-0.005637284381742774,1,-1
1531,track_1311238,artist_483960,-0.035008247394654385,0.003810211256568941,0.042850386133099765,1,-1
1532,track_1311242,artist_483960,-0.032594501227424515,0.0027587589330818063,0.046086688488635966,1,-1
1533,track_1311279,artist_483960,-0.02381557295740362,-0.0012128627986621179,0.03761886188457093,1,-1
1534,track_1311290,artist_483960,-0.023476013652161405,0.006306526721540386,0.038175828107482206,1,-1
1535,track_1311479,artist_437980,-0.0027388637736165517,0.039314448293724526,-0.024012720852489428,1,-1
1536,track_1312079,artist_483960,-0.02432951545566223,-0.01107637568963378,0.025247526873002107,1,-1
1537,track_1312513,artist_437980,-0.014126973293866524,-0.023552801465410934,-0.026094556439929223,1,-1
1538,track_1313079,artist_432273,0.033080472579350005,-0.008887575013752966,0.02493820119561469,2,1
1539,track_1313213,artist_455057,-0.0072393393377076015,0.006064553664655909,0.002431296566319917,1,-1
1540,track_1313450,artist_487051,0.0021516813204055774,0.050870837132736185,-0.029140747955567703,2,1
1541,track_1313454,artist_428449,0.007103777510154478,-0.026686660600582352,-0.009261523649597252,2,1
1542,track_1313457,artist_428449,-0.010391161208447124,0.001309389313436453,0.0030878961173441866,1,-1
1543,track_1313459,artist_428449,0.05427027635474572,0.05662853196608574,0.02368156981789663,2,1
1544,track_1314413,artist_434980,-0.012576798272159406,0.006265555100450322,0.0009263488516382256,1,-1
1545,track_1314538,artist_419438,-0.03382035699848238,-0.023727411015149562,-0.003736168479252353,1,-1
1546,track_1314542,artist_419438,0.006825794319046338,0.003189808070028113,-0.018902833816412085,2,1
1547,track_1314750,artist_466600,0.011393996593690645,0.026637302226929564,-0.032595122526236066,2,1
1548,track_1315465,artist_354904,0.007511847784927742,0.013543881729969749,-0.02814884677598002,2,1
1549,track_1315526,artist_486995,0.01259970749259114,0.004635696075829342,0.0017721853595772685,2,1
1550,track_1315838,artist_487296,-0.014925077488854488,0.00349748726255722,0.007470222100057713,1,-1
1551,track_1317679,artist_003815,-0.0434672682855906,0.0009987165191724656,0.06728405794542984,1,-1
1552,track_1318026,artist_002189,-0.005728276059505444,0.011257587159375424,-0.008175262491421417,1,-1
1553,track_1319226,artist_457221,0.021118059311589957,-0.012112451009142284,0.004198420244652267,2,1
1554,track_1319690,artist_471813,-0.00958715645157524,0.022485633139746136,-0.006485386882557119,1,-1
1555,track_1319859,artist_441585,-0.028305757251615996,0.0038610185399216997,0.030512632208975717,1,-1
1556,track_1320013,artist_359034,-0.017923646303872207,-0.01909883190768043,0.013141817631736134,1,-1
1557,track_1320026,artist_359034,-0.01258556009895914,-0.024141237226600627,-0.011050148449865637,1,-1
1558,track_1320479,artist_423996,0.018381776894649857,-0.029828195283575505,-0.011342721565899633,2,1
1559,track_1320859,artist_487143,-0.030957531043658264,0.02009885510568791,0.016450017656503512,1,-1
1560,track_1320954,artist_466436,0.001541589480427905,0.04968519488102729,-0.02216713028635676,2,1
1561,track_1321150,artist_487707,0.021102667661637608,-0.013156926462234937,0.007446086146647121,2,1
1562,track_1321257,artist_466436,-0.014464583634043274,-0.028834731579383304,-0.016870653897094908,1,-1
1563,track_1321713,artist_487628,-0.04762061113574006,0.007969660515372736,0.08003308402436281,1,-1
1564,track_1321726,artist_487628,-0.040884875640215895,0.005840013634737357,0.06162204947247239,1,-1
1565,track_1321738,artist_487628,-0.057466270038917786,0.014594198982189928,0.08479539706201045,1,-1
1566,track_1321742,artist_487628,-0.03611788071062951,-5.811085812895432e-05,0.03779705554181396,1,-1
1567,track_1321938,artist_002740,0.016546228159388204,0.004158226199380244,-0.00044301163521513797,2,1
1568,track_1321942,artist_002740,-0.0035897904053328565,-0.008115278058492402,0.0005155928315620439,1,-1
1569,track_1322479,artist_440794,0.011157991546953768,0.03144682809915962,-0.023102645824352862,2,1
1570,track_1323013,artist_363592,-0.014714784931679797,0.02111772368527466,0.009501595794586766,1,-1
1571,track_1323126,artist_440794,-0.014968230392313778,-0.020539245997320252,-0.003487630825430439,1,-1
1572,track_1323259,artist_440794,-0.013881523207542776,-0.04849815143936278,-0.03884702259145055,1,-1
1573,track_1323313,artist_440794,-0.017036659971439376,-0.03200825613064295,-0.01659662541231661,1,-1
1574,track_1324673,artist_442477,0.038924486226320616,-0.007264520052744322,0.022794904003914523,2,1
1575,track_1324679,artist_442477,0.023554996876315872,-0.001190166216686306,0.005537300397317196,2,1
1576,track_1324750,artist_486550,0.03219054978422379,0.011570659300334919,0.020821658719740482,2,1
1577,track_1324890,artist_366162,-0.05196080125545422,-0.018522691090324405,0.057358954273813455,1,-1
1578,track_1325338,artist_006916,0.011205562879658125,0.01642162124658501,-0.007765056565622259,2,1
1579,track_1326526,artist_460241,-0.009329496409659513,-0.014548563274441529,-0.00820430754229225,1,-1
1580,track_1326642,artist_466436,-0.006931953849707063,0.007591798547799431,0.004863332394573881,1,-1
1581,track_1328159,artist_347734,0.003928150451673978,0.020925296637807872,-0.03332452324072164,2,1
1582,track_1329359,artist_466600,0.0019741060157836957,0.01242032633855381,-0.03995840423778244,2,1
1583,track_1329450,artist_372323,0.003959463437110365,-0.011238865797112273,-0.02791078108488905,2,1
1584,track_1329490,artist_460032,0.002189556306166693,0.04221584084557298,-0.019254432889976813,2,1
1585,track_1329913,artist_475635,-0.01756613390351314,-0.008622562526745805,0.005885254588989615,1,-1
1586,track_1329938,artist_461418,0.03357586592731883,-0.012036322051059652,0.010354417565211467,2,1
1587,track_1329942,artist_461418,0.0019612367869709098,0.012485647838360597,-0.040324360054037174,2,1
1588,track_1329973,artist_336426,-0.022856996824457923,0.003655828796441027,0.032611455915700284,1,-1
1589,track_1330054,artist_455057,-0.005582532392247237,0.027728536345559645,-0.013954894841143579,1,-1
1590,track_1330157,artist_487582,-0.0016872352515381827,0.015205178015015787,-0.0014479669811386247,1,-1
1591,track_1330650,artist_477775,-0.01823690971185829,0.007693904244412483,0.003516617618585524,1,-1
1592,track_1330890,artist_348759,0.029711420150328953,9.892297292454292e-05,-0.004578805424251556,2,1
1593,track_1331557,artist_006845,-0.029567379389643628,0.02352302357186614,-0.016170065912685473,1,-1
1594,track_1331565,artist_006845,-0.008838168926765158,-0.030579571815093496,-0.02771576786288068,1,-1
1595,track_1331579,artist_006845,0.003020071082925082,0.05567002924176858,-0.02471271919760219,2,1
1596,track_1333038,artist_351588,0.011869857055614517,0.011202488256727034,-0.021813349462508853,2,1
1597,track_1333579,artist_431744,-0.021988667994449956,0.024352523984556222,0.007206099818110581,1,-1
1598,track_1333638,artist_466600,0.0257689755771748,0.0008970693925747654,-0.01643420191228553,2,1
1599,track_1333726,artist_471813,0.011999076850477058,0.007913390575100132,0.009075794873632947,2,1
1600,track_1334554,artist_487628,-0.05704466988643162,0.00734886438601407,0.09279105510603099,1,-1
1601,track_1334557,artist_487628,-0.04468051566575181,0.01170300518360763,0.03717573505298607,1,-1
1602,track_1334738,artist_372323,0.029660193901192972,-0.0017317025645139743,0.020634782150830838,2,1
1603,track_1334742,artist_372323,0.030713760421862295,-0.018597544516743742,0.028526058908284996,2,1
1604,track_1335113,artist_488990,-0.022658562925959542,-0.014652682967060949,-0.005222361153441411,1,-1
1605,track_1335150,artist_488990,-0.023671302470418844,-0.033556925506680386,-0.011775841300435234,1,-1
1606,track_1335154,artist_488990,-0.030797522918384865,-0.009021723591231766,0.034508332918667645,1,-1
1607,track_1335359,artist_466600,0.02822707601882972,-0.0006046194216133354,-0.019385696098251994,2,1
1608,track_1335473,artist_488943,-0.0205706193603394,0.008037162387170107,0.017517927701147126,1,-1
1609,track_1335979,artist_483163,0.006992415661529829,-0.02134176339386125,-0.010437313380252895,2,1
1610,track_1336126,artist_437980,0.01150517752378974,0.00497806808411123,0.013350378076583616,2,1
1611,track_1336213,artist_000560,0.03226909811830292,-0.019783020424819824,-0.012462412589495143,2,1
1612,track_1337865,artist_375935,0.02909937185701285,-0.006858232604389081,0.013899953777711851,2,1
1613,track_1338342,artist_340542,0.01957561157940439,-0.004154209651905425,0.0053026601671275235,2,1
1614,track_1339250,artist_365072,-0.008813807864498235,-0.015419490152844332,-0.011083222858191489,1,-1
1615,track_1339326,artist_466600,0.03302641945255067,-0.006536537438876842,0.018441668698317957,2,1
1616,track_1339442,artist_365072,0.012862731215842808,-0.02622370254630673,-0.030137068737444043,2,1
1617,track_1339873,artist_489296,-0.020104907323946167,0.017234168728684173,0.006405921376661355,1,-1
1618,track_1340190,artist_487711,-0.009897932691442433,0.028070613602917023,-0.001995020803277572,1,-1
1619,track_1340257,artist_337293,-0.0034290780885950518,0.03018773247439505,-0.010398334560330012,1,-1
1620,track_1340259,artist_337293,0.007516729238863164,-0.02722368589785752,-0.020439155476298626,2,1
1621,track_1340338,artist_481897,-0.018482902061564575,-0.01993497991045003,-0.004900418900705096,1,-1
1622,track_1340342,artist_481897,-0.01009369237876239,0.006337373865106392,0.005264055693218146,1,-1
1623,track_1341457,artist_368142,-0.013201030250874839,-0.00940400067649181,0.01454212586796551,1,-1
1624,track_1341459,artist_368142,-0.013008772678655033,-0.008204124534923167,-0.01606571028712293,1,-1
1625,track_1341473,artist_489349,-0.01245507755225186,-0.002585427909285159,-0.027586566866890146,1,-1
1626,track_1341573,artist_437980,-0.015341969439037047,0.002362491467281232,0.0025575351178547933,1,-1
1627,track_1342150,artist_430126,-0.012974912433413976,0.0068461122216991474,-0.004745954017139921,1,-1
1628,track_1342757,artist_488976,-0.013424581306993274,0.010214195391118662,-0.0060960603639148275,1,-1
1629,track_1342913,artist_372323,0.040525376784751765,-0.01706728448029931,0.035276834757140614,2,1
1630,track_1343013,artist_464757,-0.020765570037380863,0.011694184341878418,0.011656031204973603,1,-1
1631,track_1343113,artist_466600,0.03409896021697585,0.0010890600355166272,-0.015745679386217612,2,1
1632,track_1343438,artist_470592,-0.04370847385477556,0.0052781980300414056,0.053303828188928155,1,-1
1633,track_1343442,artist_488843,0.029083642361213715,-0.012996598357705879,0.021846665725389205,2,1
1634,track_1344326,artist_465566,0.011176016588990385,0.010720537156379793,-0.00356889145527484,2,1
1635,track_1344442,artist_483387,-0.011897994078906267,-0.019814941781630947,-0.03326336044094295,1,-1
1636,track_1345579,artist_477775,-0.020876093327780152,0.008739138039429382,0.02189214951184188,1,-1
1637,track_1346157,artist_490131,-0.040956306864427236,0.014652341930745313,0.03810063249150037,1,-1
1638,track_1346159,artist_490131,-0.03548367146828856,0.004334736841890926,0.021689601074358047,1,-1
1639,track_1346165,artist_490131,-0.03263034409703646,0.019828464513294078,0.03901042760275429,1,-1
1640,track_1346173,artist_490131,-0.03724985441638052,0.02189848672739046,0.04647729073107682,1,-1
1641,track_1346179,artist_490131,-0.04077060699923725,0.023492771497135988,0.05614570231050598,1,-1
1642,track_1346190,artist_488843,0.027084414499111375,-0.02402423782856374,0.00949034925143633,2,1
1643,track_1346565,artist_448542,0.005157929269803788,0.03768924289613092,-0.011211035324980875,2,1
1644,track_1346673,artist_448542,-0.0032991227390205976,0.014149374069654495,-0.01652976919983699,1,-1
1645,track_1347850,artist_490314,0.03310834912618472,0.014307071704042088,0.020986145112253534,2,1
1646,track_1347950,artist_490314,0.005494670140156953,-0.0072417931609331035,0.0017464596985066545,2,1
1647,track_1347954,artist_490314,-0.014185093810904706,-0.007028501840159804,0.01408764353766716,1,-1
1648,track_1348038,artist_490314,-0.0036830248607568564,0.04721581578882742,-0.020505021446926692,1,-1
1649,track_1348065,artist_438966,-0.018961430751230884,0.0032691127811549084,0.0012021184667718133,1,-1
1650,track_1348079,artist_490314,-0.011287668122542152,0.0012285136852504613,0.007192200218534457,1,-1
1651,track_1348113,artist_490314,0.059857538280272654,0.011232675759269383,0.051662894616766236,2,1
1652,track_1348126,artist_431108,0.05394499395729045,-0.004833068062043851,0.03431367895829071,2,1
1653,track_1348173,artist_423996,-0.00959891372481987,-0.012605505986602088,-0.006210742093677638,1,-1
1654,track_1348250,artist_466600,0.034543843187372136,0.015463398008361749,0.015610862798837524,2,1
1655,track_1348659,artist_435992,-0.018641425635070118,-0.009392687452520932,0.022045224109205886,1,-1
1656,track_1348665,artist_435992,-0.009107233325516322,-0.013466822587259973,-0.006629483607955416,1,-1
1657,track_1348757,artist_490314,0.0074698699634444966,-0.0013995725696202559,-0.0023904932898219304,2,1
1658,track_1349079,artist_001336,-0.019666018817437275,0.00017474009629372364,0.008967487684150321,1,-1
1659,track_1349150,artist_001336,0.01395875416634548,0.0052025355222576125,0.010168069359229167,2,1
1660,track_1349159,artist_001336,-0.005952440814479256,0.006922967175728628,0.007193693507810796,1,-1
1661,track_1349673,artist_490560,0.007735399445909211,-0.008200410474507612,-0.005062201750200299,2,1
1662,track_1349679,artist_490560,0.020274465663963306,-0.020354889237752933,-0.004649008915230913,2,1
1663,track_1349690,artist_490314,0.035084912544200424,0.0029453288354236184,0.028642453308848292,2,1
1664,track_1349954,artist_490314,0.01116544800357882,0.02695897176544209,-0.008267585840753067,2,1
1665,track_1350142,artist_490314,-0.00494107797227239,0.04561749394150247,-0.018331145161357,1,-1
1666,track_1350826,artist_490314,0.04904909150469877,-0.0010782958193499357,0.04393810120243778,2,1
1667,track_1350950,artist_490314,-0.00885229617456299,-0.006174575939993242,-0.0006357092886503749,1,-1
1668,track_1350954,artist_490314,-0.0009344468483720809,-0.0014637167640413988,0.0036606189814540717,1,-1
1669,track_1350957,artist_490314,0.005780110611051768,0.04264789010427968,-0.01120298187038871,2,1
1670,track_1350990,artist_490314,-0.0041616307865525275,0.03678558744057305,-0.014543622014113718,1,-1
1671,track_1351054,artist_490314,-0.003068062158361549,0.0016735847123651388,0.010468892327798901,1,-1
1672,track_1351057,artist_490314,-0.01684008473362934,-0.01016439920889408,0.01247246893745225,1,-1
1673,track_1351059,artist_490314,-0.01546298161175759,-0.008402399478815221,0.017133813417509667,1,-1
1674,track_1352138,artist_490314,-0.013619487741739626,-0.024287347695348533,-0.015387280537856929,1,-1
1675,track_1352150,artist_490314,-0.02176850927794051,-0.012335327971229852,0.020811577536190458,1,-1
1676,track_1352165,artist_419285,0.03128095740709098,0.03457405833331902,0.012771440668345445,2,1
1677,track_1352250,artist_471813,-0.0041876646164545174,0.00976598461000991,-0.002057810175053924,1,-1
1678,track_1352579,artist_490314,0.0015255403367659707,-0.0001541820963313587,-0.0009350728644059304,2,1
1679,track_1352850,artist_490806,0.019901569621692764,-0.00606335774266505,-0.0013132655370005609,2,1
1680,track_1352965,artist_462377,-0.016538739002262746,-0.016173765496388944,-0.00045341226177718347,1,-1
1681,track_1353213,artist_490851,-0.031247379351592455,-0.00025430470948162065,0.04987218425378614,1,-1
1682,track_1353226,artist_490851,-0.02607717516781702,-0.006271541695365678,0.022735634346890535,1,-1
1683,track_1353242,artist_490858,0.0003024001500556236,-0.0010365187097953882,-0.01055548617372631,2,1
1684,track_1353250,artist_490858,-0.021795119500688936,-0.002965818480212072,0.01623362828173167,1,-1
1685,track_1353259,artist_490858,-0.05607373975399449,0.00428741286579293,0.08745694103439222,1,-1
1686,track_1353265,artist_490858,-0.02460343027810226,-0.005821291075871655,0.0243337785343298,1,-1
1687,track_1353273,artist_490858,-0.04092344433039367,0.00010013086247201226,0.06262163083093539,1,-1
1688,track_1353279,artist_490858,-0.033257099934279,0.014587950505657787,0.016377541109131127,1,-1
1689,track_1353290,artist_490858,-0.021973388539032933,0.002394218147356733,0.008885725800141693,1,-1
1690,track_1353313,artist_490859,-0.06687273912037327,0.015567976735735827,0.10252358063439286,1,-1
1691,track_1353326,artist_490859,-0.038598242642677874,0.008382033965224729,0.06726449454539124,1,-1
1692,track_1353338,artist_490859,-0.03016276715290561,0.0042008289477650255,0.008525042007822291,1,-1
1693,track_1353342,artist_490858,-0.0033264158646557573,0.05049069845934191,-0.018683947389913157,1,-1
1694,track_1353350,artist_490858,-0.031131078268851167,-0.007126330185256401,0.036410953210345355,1,-1
1695,track_1353354,artist_490858,-0.043605514928960795,-0.0013945565408836236,0.057257956383492355,1,-1
1696,track_1353357,artist_490860,-0.040960590023955926,0.0040576992998860835,0.040726649413372874,1,-1
1697,track_1353359,artist_490860,-0.017056979960169118,0.004849204762541065,0.0066332908932614735,1,-1
1698,track_1353365,artist_490860,-0.01735804157561254,-0.001357834182907669,0.021407319173379076,1,-1
1699,track_1353373,artist_490860,-0.0371621587662146,0.0017091603623568734,0.055969229930459524,1,-1
1700,track_1353459,artist_490314,0.005595696689967226,-0.0024693242574513156,0.0010107306127387135,2,1
1701,track_1353542,artist_490314,0.025434319493433482,0.002174038453597274,0.0221501300594967,2,1
1702,track_1353557,artist_490314,0.011946844115382887,-0.0013503539410820585,0.018004618403138453,2,1
1703,track_1353559,artist_490314,0.01192577237234811,-0.0013545903954010207,0.01790570452607002,2,1
1704,track_1353765,artist_490314,-0.00349170275646869,0.0011605125763389046,0.0009627346684753051,1,-1
1705,track_1353779,artist_490314,0.005081763641798738,0.010332424784335058,-0.008358780655073658,2,1
1706,track_1354113,artist_485239,-0.003168946482650484,-0.02130982686597976,-0.021076455447793616,1,-1
1707,track_1354126,artist_490945,0.011624619665481185,-0.032937846131725845,-0.00814173876721984,2,1
1708,track_1354142,artist_490314,-0.015902071807122775,-0.02429820720704215,-0.021083927040005234,1,-1
1709,track_1354150,artist_490314,-0.0016475216355890394,-0.01859219661547973,-0.015387691719420338,1,-1
1710,track_1354273,artist_462377,-0.017775131362186485,0.006898863065499546,0.002661658129775904,1,-1
1711,track_1354442,artist_490314,-0.014087498485816315,-0.021229016392865,-0.006299016618084844,1,-1
1712,track_1354579,artist_490314,0.0017614314127362522,-0.020148463429985337,-0.01728971339261053,2,1
1713,track_1354590,artist_490314,-0.009358458025275629,0.02203013658795408,-0.0033038274556550645,1,-1
1714,track_1354954,artist_485239,0.0009385230285271414,-0.024403979342328068,-0.021632785605561238,2,1
1715,track_1354957,artist_485239,-0.011188107151181717,0.010108341468425631,-0.0006199120886507426,1,-1
1716,track_1354959,artist_485239,-0.011971227243834877,0.007128709328986955,-0.00041730944219764773,1,-1
1717,track_1355050,artist_358739,-0.003793995247166266,0.020101159825829128,-0.021744999292852566,1,-1
1718,track_1355265,artist_488990,-0.018864140053072662,-0.01424754941907595,-0.0018713875492024563,1,-1
1719,track_1355273,artist_488990,-0.011265344767551581,-0.03153613207230393,-0.0017299061209588454,1,-1
1720,track_1355557,artist_484797,-0.0025847064462734153,0.015697383426297576,-0.017752006683232974,1,-1
1721,track_1355559,artist_484797,-0.006955553956722543,0.028689033294886507,-0.031931288909746544,1,-1
1722,track_1356313,artist_467034,0.0045080771665557745,0.01887121843540249,-0.048201504413937384,2,1
1723,track_1357550,artist_003944,0.02579820864386441,-0.015384760666131302,0.007191397554039182,2,1
1724,track_1357557,artist_491348,-0.017844741623380487,-0.028313805862215876,-0.027744349994397087,1,-1
1725,track_1358038,artist_364032,0.023233396180808896,-0.0032019780751968443,0.022544827852024826,2,1
1726,track_1359338,artist_477775,-0.009574646553337045,0.012676254269569044,-0.018264187001735634,1,-1
1727,track_1359342,artist_477775,-0.010831561165934226,0.009089639080586997,-0.01187326371269617,1,-1
1728,track_1359954,artist_348759,-0.0012203846693980586,-0.046130053065155066,-0.03570086672224266,1,-1
1729,track_1359959,artist_348759,0.030657316436132755,0.005438832486094916,0.006959032849571105,2,1
1730,track_1360554,artist_483163,-0.020337766528855748,-0.00796659964528627,0.017169046852013238,1,-1
1731,track_1360557,artist_483163,-0.008920569705583765,-0.02468943189233216,-0.021916469386632862,1,-1
1732,track_1360559,artist_483163,-0.013612356694346378,0.02638291186801494,-0.0023749783126231733,1,-1
1733,track_1361379,artist_480599,0.030542606023524047,0.00828782277078497,0.016657579414691485,2,1
1734,track_1361538,artist_441650,-0.03414193020029963,0.013937098628304731,0.04755415210045047,1,-1
1735,track_1362213,artist_465078,-0.00886882860148501,0.003800026123970923,-0.009699271372407914,1,-1
1736,track_1363650,artist_448664,-0.0018758104592562406,0.01354439195142648,-0.0388061122369974,1,-1
1737,track_1364457,artist_474866,-0.01556456447208859,-0.006003522813330634,0.007943640690080238,1,-1
1738,track_1364465,artist_474866,-0.010206501964713151,-0.00897265358113468,-0.0026532778919156124,1,-1
1739,track_1365050,artist_492122,0.001847994294318595,-0.01785928695874739,-0.017516905811038572,2,1
1740,track_1365054,artist_492122,0.002770306261052104,-0.010218874635581934,-0.01175177403718683,2,1
1741,track_1365079,artist_492122,0.014209853854837282,-0.005015045012304797,0.00680320773185152,2,1
1742,track_1365126,artist_461766,0.003699700928266262,0.05989711777345444,-0.04011147733792151,2,1
1743,track_1365365,artist_339778,-0.007838485658085962,-0.013065475788330966,-0.014210957049685028,1,-1
1744,track_1366142,artist_492259,0.006409949079478613,0.03642928186876194,-0.015867374490701403,2,1
1745,track_1366150,artist_492259,-0.006318815476693188,0.008113359550239707,0.008257721301841095,1,-1
1746,track_1366154,artist_492259,0.0007400586988223366,-0.025124954344523307,0.00014466167089925616,2,1
1747,track_1366157,artist_492259,-0.010739350092489705,-0.03362766213888225,0.0067057789480465865,1,-1
1748,track_1366173,artist_492259,-0.010309976868727316,-0.005346304868779557,0.010445692097065766,1,-1
1749,track_1366342,artist_492255,0.005257784179790524,0.021893557223337586,-0.03098087819744097,2,1
1750,track_1367173,artist_002208,-0.01896924232647256,0.014723297586295791,-0.006110065359796364,1,-1
1751,track_1368942,artist_480599,0.03399667299645911,-0.0016401438736022397,0.027611144951534078,2,1
1752,track_1368954,artist_480599,0.029980440401578278,0.018317773762731134,0.018609530464608056,2,1
1753,track_1368979,artist_489561,0.037827915778795115,0.015962427999121155,0.017420946812008013,2,1
1754,track_1369350,artist_456650,-0.005834867377699906,0.014248775897852072,-0.03792066484723519,1,-1
1755,track_1370142,artist_427606,0.03971338248421403,0.023247197242411914,0.023138984264399566,2,1
1756,track_1370350,artist_490028,-0.020509865972570648,-0.0012994866891329966,0.02071774262348549,1,-1
1757,track_1370354,artist_490028,-0.005991361604187519,0.0004820514729132561,-0.01534068298608022,1,-1
1758,track_1370357,artist_490028,-0.025924034269694265,0.00965513782127726,0.03014401251541088,1,-1
1759,track_1370379,artist_490028,0.047771435137995866,0.029545968102110666,0.03310943781188529,2,1
1760,track_1370390,artist_490028,-0.0026457053484452704,-0.013421575818496638,-0.004168048213217001,1,-1
1761,track_1370473,artist_003944,0.03542975608284195,-0.019897755316104902,0.010085725119227245,2,1
1762,track_1370479,artist_003944,0.035614842949621514,-0.01163499978454732,0.020260344840605203,2,1
1763,track_1370673,artist_477499,-0.006221906334999611,0.005160487121788928,0.0007286287286091149,1,-1
1764,track_1370842,artist_488716,-0.014992357487381569,-0.03714344017196484,-0.03675479871763433,1,-1
1765,track_1371054,artist_492818,0.02312968222901273,0.0318356574920849,0.0004795628880555245,2,1
1766,track_1371057,artist_492818,0.027740403206069367,-0.018181140579667,0.021491342734339332,2,1
1767,track_1371513,artist_458008,0.0034400191583986656,0.06681202173799179,-0.03418624242537061,2,1
1768,track_1371779,artist_351898,-0.00655022415686494,0.004546968440868439,-0.012097979242255244,1,-1
1769,track_1371813,artist_362501,-0.04983500414671579,0.014802717150737159,0.08124759055816633,1,-1
1770,track_1372065,artist_492919,-0.02800878912212716,0.05102707932031878,0.012752658097175252,1,-1
1771,track_1372079,artist_492919,-0.00944805385138399,-0.0020135154199613964,0.008586675509415064,1,-1
1772,track_1372190,artist_492925,-0.016233898947617953,-0.0246063679306804,-0.006361611101349459,1,-1
1773,track_1372265,artist_428449,-0.0035713377402892053,-0.019318243188018103,-0.025293791688298258,1,-1
1774,track_1372873,artist_492989,0.01697898046843762,-0.012541789943289786,0.011046722468044529,2,1
1775,track_1373042,artist_441585,-0.031093800453700093,0.0031771321683472615,0.037536650123750244,1,-1
1776,track_1373254,artist_451073,0.0025305496694852806,0.017823408791943853,-0.009676317222385579,2,1
1777,track_1373257,artist_451073,-0.0016798422170113052,-0.02305585630041763,-0.004193500114032841,1,-1
1778,track_1373259,artist_451073,0.005052978123056613,0.015641630627959785,-0.009336273737867128,2,1
1779,track_1373265,artist_451073,-0.026161538454821134,0.006564653220475064,0.02827064208832816,1,-1
1780,track_1375490,artist_486064,-0.016366030375224733,-0.030403021708800628,-0.0014740192407259843,1,-1
1781,track_1376257,artist_490499,-0.01767472001368199,-0.002820741142426531,0.009717789204803417,1,-1
1782,track_1376259,artist_490499,-0.023727141716049054,-0.03242468351869559,-0.018335890709081877,1,-1
1783,track_1376457,artist_480890,-0.02836064740242231,0.01692072965430805,0.0380259511229513,1,-1
1784,track_1376550,artist_000560,-0.0030538204958885777,-0.0171666523232114,-0.01596870317632056,1,-1
1785,track_1376554,artist_000560,0.006280081714295128,0.040624197064501606,-0.020527630005855425,2,1
1786,track_1376557,artist_000560,0.015089996071389902,0.007633237853117838,-0.006940066136324271,2,1
1787,track_1376559,artist_000560,-0.0010327147533996015,-0.017963519092074207,-0.008166860321266603,1,-1
1788,track_1378690,artist_486550,-0.011029849061352875,-0.01827976075297379,-0.01229001072432873,1,-1
1789,track_1379179,artist_471813,-0.009476638431366423,0.020670255411617832,-0.016254768424054104,1,-1
1790,track_1379190,artist_489561,-0.027818142598263994,0.0035036482233935552,0.03925414464448216,1,-1
1791,track_1379226,artist_473030,-0.032025528491261154,0.0037404063852445445,0.051520091203194576,1,-1
1792,track_1380979,artist_475732,-0.05448602262859901,0.036917039932397124,0.0674664712307443,1,-1
1793,track_1381079,artist_433608,-0.02371382792304805,0.01063443738648942,0.009003102908720074,1,-1
1794,track_1381254,artist_375104,-0.009785322515677637,0.018197795573638032,-0.0071956913024037,1,-1
1795,track_1381313,artist_489220,-0.013860291517310712,-0.02389249894180891,-0.014155119401152685,1,-1
1796,track_1381342,artist_367651,-0.004711726970646113,-0.00813170312839438,-0.02144061224590458,1,-1
1797,track_1381526,artist_486550,-0.006431320615854758,-0.014969809577230174,-0.014563102972188298,1,-1
1798,track_1381550,artist_486550,-0.022438043081450365,-0.01721954965244051,0.01350844021902827,1,-1
1799,track_1381590,artist_347867,0.009258162884996965,0.04351007883388852,-0.017670061687302792,2,1
1800,track_1381650,artist_493718,0.0032490706714000147,-0.00041697040460041623,0.0036077219686310676,2,1
1801,track_1382265,artist_489561,-0.011108474913498714,0.024055820160530508,-0.010453110046832489,1,-1
1802,track_1383638,artist_483387,-0.003439965043588393,-0.0016497038207325201,-0.013797427127702946,1,-1
1803,track_1383742,artist_493908,-0.009107970861912422,0.011315927239487994,0.00859393549434961,1,-1
1804,track_1383926,artist_477775,-0.04857144829426376,0.015828975869595183,0.07157613409338401,1,-1
1805,track_1383957,artist_430126,-0.01169675566569534,0.004680392114385584,0.0033707598905231935,1,-1
1806,track_1384026,artist_489627,-0.019350536541335037,0.011041537302090867,0.007155450965404519,1,-1
1807,track_1384554,artist_494034,-0.009365874366472156,0.03209767059846382,-0.007805740138083762,1,-1
1808,track_1384557,artist_494034,-0.000272072721345151,-0.02705635405507446,0.00034861883839804297,1,-1
1809,track_1384559,artist_494034,-0.001212234970312803,0.0008314960108269673,-0.016768035676237823,1,-1
1810,track_1384690,artist_493899,-0.05698056144685292,0.0022132266760956326,0.0746957189816571,1,-1
1811,track_1384754,artist_482706,-0.03536160726797117,0.003901072571137898,0.048763489201062986,1,-1
1812,track_1385554,artist_430396,0.004499031617284379,-0.014899712369288918,0.0013687079214491013,2,1
1813,track_1385557,artist_430396,-0.021047391559984717,0.01012837416813483,-0.017667484249243623,1,-1
1814,track_1385579,artist_430396,0.010845547535540507,0.05954771472124619,-0.027835283200427073,2,1
1815,track_1386438,artist_494174,0.010522699141339865,0.03266352732515669,-0.012310982784720405,2,1
1816,track_1386750,artist_456894,-0.013583260941960402,-0.035199987744440886,-0.034714316487751966,1,-1
1817,track_1387059,artist_492062,0.01567850081319,0.006056432016251276,0.0025832672690160713,2,1
1818,track_1387073,artist_492062,0.03342612656293007,0.00350196660065326,0.01966215156579349,2,1
1819,track_1387373,artist_477775,-0.0028495589526012018,-0.021259638668437573,-0.028925605392588257,1,-1
1820,track_1387379,artist_477775,-0.028531745475280798,0.01590116346499811,0.038316319619243346,1,-1
1821,track_1387457,artist_487711,-0.007331858220090109,-0.006346851566433353,-0.008207872742039227,1,-1
1822,track_1387459,artist_487711,-0.008916249248958879,0.018869452054003703,-0.013207807579437458,1,-1
1823,track_1387550,artist_466600,0.023214491890986854,-0.002550065056320012,-0.007401211010509177,2,1
1824,track_1387750,artist_347867,-0.009960329904674334,-0.004753403525840187,-0.014979632294164479,1,-1
1825,track_1387926,artist_494324,0.03690941504732495,0.024495431860839537,0.026132953006702903,2,1
1826,track_1388273,artist_438910,0.024636353537311233,-0.004437357353011443,0.018354793982775026,2,1
1827,track_1388279,artist_438910,0.035605384064530586,-0.0011660981762611545,0.026364889157753858,2,1
1828,track_1388813,artist_007805,-0.009540001500357902,-0.010436796067802293,0.0043786709630120576,1,-1
1829,track_1388859,artist_007805,0.013931445109647915,-0.006184073023611412,-0.013995718509193003,2,1
1830,track_1388865,artist_007805,0.01838311069970944,0.023318487400920906,-0.03889690734975924,2,1
1831,track_1388879,artist_007805,0.0018825181090531837,0.015032716004240118,-0.05267590330490012,2,1
1832,track_1389150,artist_466600,0.005711494673699149,-0.012573420549945206,-0.033447319280308356,2,1
1833,track_1389159,artist_462377,-0.0030220292585398183,0.007895421453608565,-0.020734886147739863,1,-1
1834,track_1389190,artist_347673,0.011472088964275633,0.017550069291916243,-0.01582531559957271,2,1
1835,track_1389413,artist_438910,0.028189306195606955,-0.007804141965783881,0.01236138004028904,2,1
1836,track_1389457,artist_361044,0.020707045789954238,0.0046930455274829825,0.0024042044179533595,2,1
1837,track_1389459,artist_361044,0.020103049119224607,0.00532620700749109,0.002659216741485082,2,1
1838,track_1389857,artist_347867,0.03499033789640999,0.00741488386285367,0.021856395733135525,2,1
1839,track_1390338,artist_347867,-0.004734864998538028,-0.005454112907507262,-0.029241639942292064,1,-1
1840,track_1390454,artist_349335,-0.020374241738967132,-0.011161073903346015,0.018573451152594907,1,-1
1841,track_1390465,artist_349335,0.0238645142599496,0.009074083375129436,0.003480637890876116,2,1
1842,track_1390673,artist_438910,0.0009545120646089478,0.024560500841333183,-0.01018605104063403,2,1
1843,track_1391226,artist_490028,-0.010722167823607815,0.009199405122417412,-0.007152518156627886,1,-1
1844,track_1391238,artist_490028,0.03597757016609794,0.0030641021049560373,0.035285204714631896,2,1
1845,track_1391254,artist_355756,0.023724945733188167,0.006275665250473877,0.016752107984055475,2,1
1846,track_1391259,artist_355756,0.02756164043324844,-0.004598419899960405,0.01737808434313733,2,1
1847,track_1391265,artist_355756,0.035766497014455854,-0.004767048296040285,0.01918821966694083,2,1
1848,track_1391338,artist_486550,0.020316223594111508,-0.00593060306980492,0.019445156004080175,2,1
1849,track_1391342,artist_486550,0.009336901682581503,0.022187770481035516,-0.00021115674991916994,2,1
1850,track_1392190,artist_433117,-0.013589559624691109,-0.005261442560148347,0.0025537846506796585,1,-1
1851,track_1392690,artist_355756,0.016541192618862458,-0.007362767679207047,0.0007334217642973657,2,1
1852,track_1392850,artist_355756,0.020356771273236565,0.004551230518336744,-0.0033251209342769483,2,1
1853,track_1392854,artist_355756,0.015102909508860146,-0.001605594701011729,0.000572031342728777,2,1
1854,track_1393142,artist_456894,0.01727601124582222,0.017843085356830293,-0.01417357603206645,2,1
1855,track_1393190,artist_483387,-0.0240716267292557,0.015142073513149182,0.02909451533049747,1,-1
1856,track_1393213,artist_483387,0.014138176561498905,-0.015931512058478106,-0.011033438805043835,2,1
1857,track_1393342,artist_355756,-0.009657181706226379,0.005749979879919336,0.010321619608501859,1,-1
1858,track_1393426,artist_355756,-0.01273171202129493,0.0194968076064715,-0.01371180840224613,1,-1
1859,track_1393526,artist_375104,-0.008391622717893307,-0.01447937842193511,-0.011357908737852375,1,-1
1860,track_1394326,artist_486606,-0.00021141307522393714,0.021498388696618232,-0.01482120981897809,1,-1
1861,track_1394790,artist_491763,-0.010545263601686143,0.026468232901718774,-0.017719466718413564,1,-1
1862,track_1395042,artist_464476,0.014945557441355018,0.007403320251152489,-0.00840810941773378,2,1
1863,track_1395059,artist_442600,-0.020154140282820577,3.541610987232743e-05,0.02919792392649956,1,-1
1864,track_1395613,artist_337741,-0.001942015856219115,0.046357600073746556,-0.012854876809347002,1,-1
1865,track_1396090,artist_439289,-0.011608172992833874,-0.019065039979439747,-0.020387123972744777,1,-1
1866,track_1396257,artist_491533,-0.034459725178603066,0.0050867307754985614,0.0435536436418545,1,-1
1867,track_1396473,artist_480605,-0.0025859081391289723,0.016277424353188095,-0.008497685822142097,1,-1
1868,track_1396673,artist_495239,-0.010053992785556961,0.03860469183101246,-0.013935103552086004,1,-1
1869,track_1396690,artist_462377,-0.008938687715967565,-0.018517040452969192,-0.01888713476354185,1,-1
1870,track_1396990,artist_002444,-0.009986251744498971,-0.010546316552707624,-0.006873823191095156,1,-1
1871,track_1397142,artist_439371,-0.0022477724301492876,-0.004469947405607183,-0.02561614744457015,1,-1
1872,track_1397150,artist_439371,0.0001363365119844837,0.04510935013372435,-0.024349203635135427,2,1
1873,track_1397165,artist_495287,0.004735390087938847,-0.028253742142351913,0.009960112779374941,2,1
1874,track_1397365,artist_444361,0.022157343048463948,0.007896117820190614,0.014955317488424848,2,1
1875,track_1397742,artist_439371,-0.008718088652259445,-0.017491637795213722,-0.015402785825688868,1,-1
1876,track_1397854,artist_439371,-0.022825892653484843,0.00572288543326265,0.014057643889985467,1,-1
1877,track_1397859,artist_439371,-0.013892885122013393,-0.010097915541300444,-0.003691993787846522,1,-1
1878,track_1398150,artist_439371,-0.003530600871658867,0.04274371302242317,-0.016752633607252175,1,-1
1879,track_1398154,artist_439371,-0.001403684115654772,0.03266348573670896,-0.020476517804333644,1,-1
1880,track_1399013,artist_495449,0.03425099995133427,-0.02755975541149196,0.00016572254881402893,2,1
1881,track_1399290,artist_423996,0.025968845512540625,-0.00963751465054393,0.010898358120988019,2,1
1882,track_1399473,artist_419438,0.009092167521635466,-0.013218591595545,0.0006325304100356377,2,1
1883,track_1399526,artist_363557,-0.0012692144807370748,0.0018726984781046784,-0.013270609720716406,1,-1
1884,track_1399542,artist_363557,-0.0023673822350366532,0.004485303421156516,-0.01797794527993431,1,-1
1885,track_1399626,artist_004116,-0.037325026249537895,-0.02842459730352017,0.012896146302864796,1,-1
1886,track_1399654,artist_004116,0.030798973937177766,-0.0034068185634060478,0.014599190309938812,2,1
1887,track_1399790,artist_483253,0.03639739370156145,-0.012022200219392954,0.019312668563288983,2,1
1888,track_1399850,artist_495287,0.054646141482910464,0.05239171705162633,0.0244105795713485,2,1
1889,track_1400065,artist_416786,-0.012057303055005967,-0.0049277994722388176,0.008446161282656399,1,-1
1890,track_1400150,artist_471813,-0.008681294117989367,0.017416674896613873,0.0035282085048652556,1,-1
1891,track_1400154,artist_471813,0.002016171446119096,0.03721264908214198,-0.008328381280384684,2,1
1892,track_1400157,artist_471813,-0.0039267086973748784,-0.03992879426818302,-0.034909541418478476,1,-1
1893,track_1400913,artist_495449,0.029184451092995188,-0.025708059544043003,-0.0024885856991358796,2,1
1894,track_1401013,artist_495620,0.009640622578747902,-0.0027169706029078456,0.0005593716096800511,2,1
1895,track_1401538,artist_466600,0.03895458520533407,-0.006820612173560061,0.01902570143422206,2,1
1896,track_1401590,artist_375104,-0.010649466225748515,-0.002293194222933737,-0.011220352051362924,1,-1
1897,track_1402090,artist_495484,-0.008629830040926443,-0.004349942821042605,0.0031141961220705955,1,-1
1898,track_1402273,artist_341912,0.004120475383299865,-0.02678748411198027,-0.0015892617095572736,2,1
1899,track_1402454,artist_341912,-0.01206434965376631,-0.031443774878197356,-0.023801477465769966,1,-1
1900,track_1402459,artist_341912,-0.011787453782471723,-0.02543427641080451,-0.007879261883087286,1,-1
1901,track_1402650,artist_432273,0.0031127216618475244,-0.0006037952308924086,-0.002763938364626508,2,1
1902,track_1402654,artist_432273,0.007300798132392759,0.020862472366374937,-0.010646944862318623,2,1
1903,track_1402657,artist_432273,0.008112174166780936,0.0007977790561284143,-0.016963069092198947,2,1
1904,track_1402857,artist_489133,-0.013437558174686143,0.007817763953431426,0.0033360126026784954,1,-1
1905,track_1402926,artist_355756,-0.007688545822135059,-0.003354092109201711,-0.0005252096119834698,1,-1
1906,track_1403238,artist_430269,-0.001676788853128931,0.0205345810095659,-0.028020348224097845,1,-1
1907,track_1403257,artist_003944,-0.014348790050849292,0.03468802934803602,0.0009730647270551791,1,-1
1908,track_1403854,artist_493357,0.050733630144030956,-0.027619491469698214,0.03444805171623294,2,1
1909,track_1403965,artist_001336,-0.014470917377875089,0.013512188256400928,0.0009350687202259472,1,-1
1910,track_1403973,artist_001336,-0.02127966336691438,0.006603278484278394,0.01678268394454851,1,-1
1911,track_1404954,artist_495923,-0.020236806057534914,-0.017560060945938157,0.010887074926104402,1,-1
1912,track_1404957,artist_495923,0.016418186806074087,-0.01206231738182204,-0.006405414680400209,2,1
1913,track_1405013,artist_430269,-0.025295239308790678,0.01360874566877921,0.0256398749484945,1,-1
1914,track_1405073,artist_495804,-0.015281151098397052,-0.018620267380218204,-0.011665456486906398,1,-1
1915,track_1405357,artist_460992,-0.0138531882241025,0.008360664295016166,-0.002544262545646017,1,-1
1916,track_1405365,artist_460992,0.005905011574772652,0.0671896270859491,-0.029503911055943535,2,1
1917,track_1405473,artist_495484,-0.011268256524450541,-0.01965282659966995,-0.016689018581816106,1,-1
1918,track_1406054,artist_483960,-0.016046160041595602,-0.019612677659675396,-0.017910575577066656,1,-1
1919,track_1406057,artist_483960,-0.01431100621690467,-0.01782181984506539,-0.015823708640990176,1,-1
1920,track_1406565,artist_496074,-0.00627005165539522,-0.029204094950799696,-0.03168179699948144,1,-1
1921,track_1406573,artist_496074,0.002068516263977818,0.04610029816379133,-0.012274335899965256,2,1
1922,track_1406579,artist_496074,-0.00814645183600511,-0.02177747520559931,-0.017006914907072873,1,-1
1923,track_1407550,artist_469116,0.024395342380958793,0.01872633880752962,-0.0040325599894669864,2,1
1924,track_1407654,artist_469116,-0.013480215528464597,0.0010009410683568612,-0.001622680988095614,1,-1
1925,track_1407657,artist_469116,-0.00631275614368696,-0.006635261331113354,-0.0227275738107973,1,-1
1926,track_1407659,artist_469116,-0.0022314633369583934,-0.0017829846989593954,-0.02229313205998163,1,-1
1927,track_1407838,artist_438603,-0.023823220043117835,0.015147191048125298,-0.01594000319254049,1,-1
1928,track_1408979,artist_486550,-0.01500270402757111,-0.008203154329442753,0.013418391850285932,1,-1
1929,track_1409342,artist_439371,-0.027296718358783143,-0.007175864209773236,0.0013588813368936542,1,-1
1930,track_1409390,artist_362636,-0.020776878361656204,0.016070186243416634,-0.004858242509300511,1,-1
1931,track_1410638,artist_357291,0.03960914153571616,0.01008707178641974,0.014878426847186004,2,1
1932,track_1410642,artist_357291,0.028218724922163624,0.0041875143580768995,0.011163675743585039,2,1
1933,track_1413465,artist_340225,-0.007305497174820025,-0.004405730016002554,-0.020351685201822192,1,-1
1934,track_1413879,artist_352097,-0.019329676672150308,0.012290202066784415,0.011459614838464893,1,-1
1935,track_1413890,artist_352097,-0.01301888822256765,0.006746686701831891,0.01152071109404419,1,-1
1936,track_1413959,artist_496314,-0.010711203324836237,-0.027540431741862124,-0.022872072671839473,1,-1
1937,track_1414673,artist_004163,-0.00508937741490023,0.0006459348876062235,-0.01899150244614675,1,-1
1938,track_1414765,artist_488457,-0.00858137101483201,-0.026405065177025542,-0.02165092603793352,1,-1
1939,track_1415338,artist_492266,0.007830398606443127,0.009933899361575349,0.009175026343092772,2,1
1940,track_1415342,artist_492266,0.011329931474958366,0.0024877583627186386,-0.010944949476530573,2,1
1941,track_1415550,artist_495804,-0.011315280947821407,-0.01097466656396154,-0.008750484702514163,1,-1
1942,track_1415573,artist_495804,-0.010923270269256942,-0.008520786014232359,-0.01297821984884767,1,-1
1943,track_1415750,artist_003944,0.026506327680297082,-0.004391275479029274,0.01004810179629271,2,1
1944,track_1415990,artist_000560,-0.024340166311445883,0.006112012089890262,0.027197433353925164,1,-1
1945,track_1416042,artist_496605,-0.0018342457263900048,0.0020181269345462636,-0.015726027878360662,1,-1
1946,track_1416142,artist_486550,0.007735066177300627,-0.015152853136628518,-0.006078190979330481,2,1
1947,track_1416190,artist_004116,-0.00807476625193689,-0.015091970211641936,-0.014867232111893986,1,-1
1948,track_1416890,artist_003944,0.029609907175005903,0.026317578302333163,0.017034811686913603,2,1
1949,track_1417338,artist_482355,0.02573414283757913,-0.022849392603609943,0.016193151036347594,2,1
1950,track_1417350,artist_482355,0.02553034714320142,-0.040167810417932576,0.01552157554470406,2,1
1951,track_1418765,artist_496074,-0.002467009232097684,-0.006541322385163771,-0.024079823862911593,1,-1
1952,track_1418979,artist_496314,-0.037695047765122135,0.017777052752031747,0.05571178524272494,1,-1
1953,track_1419226,artist_489745,0.008030257512011996,0.008135371786459698,-0.01826593382274773,2,1
1954,track_1419279,artist_343154,-0.007322473949350143,-0.018953950720828276,-0.003951526435659779,1,-1
1955,track_1419465,artist_457524,-0.017462022431075884,0.008957582953948325,-0.008288475066662498,1,-1
1956,track_1419626,artist_351588,-0.00039400555141009316,-0.0042233306038987955,-0.014754721326673893,1,-1
1957,track_1419650,artist_496074,-0.0029769032095559715,-0.02810974644104278,-0.015018369883887144,1,-1
1958,track_1419657,artist_454118,-0.002047324312878525,0.026091578486488357,-0.026617952287809485,1,-1
1959,track_1419659,artist_454118,-0.006827956433656875,0.024453632646971188,-0.00949388795618931,1,-1
1960,track_1419665,artist_496314,-0.0022589162263592466,-0.030740306131793238,-0.022481137369176746,1,-1
1961,track_1419790,artist_497141,0.002238319315153565,0.03242813205456379,-0.018224947087075137,2,1
1962,track_1420242,artist_352232,-0.02150318741594716,0.0004252270703383089,0.023523103662582822,1,-1
1963,track_1420413,artist_497198,-0.03974612955000543,0.013710328835349504,0.05858770388936453,1,-1
1964,track_1420426,artist_497198,-0.07645877612414616,0.012605805112401032,0.12075109616128087,1,-1
1965,track_1420438,artist_497198,-0.03547331394982439,0.006409817699226435,0.022057125099447128,1,-1
1966,track_1420442,artist_497198,-0.036868275246398796,0.0058831524260903175,0.03851732219154882,1,-1
1967,track_1420450,artist_490851,-0.027795703007795262,-0.030365356288077988,0.012027757411293215,1,-1
1968,track_1420454,artist_490851,-0.016592645405178373,-0.005894502766407109,0.014709428986607818,1,-1
1969,track_1420457,artist_490851,-0.029779442103943878,-0.023606403965535545,0.01578557728055845,1,-1
1970,track_1420459,artist_490851,-0.007573544956636711,-0.030589861955847106,-0.01240084705149083,1,-1
1971,track_1420465,artist_490851,-0.03776653491850125,-0.018081461311254866,0.03802659191030929,1,-1
1972,track_1420473,artist_497198,-0.039309891249761614,0.0024317692352332724,0.042875529837858986,1,-1
1973,track_1420479,artist_497198,-0.04085058560297009,-0.001924449283625666,0.060998408427560824,1,-1
1974,track_1420513,artist_497200,-0.06085770739247669,0.00859754293151664,0.06770846302701046,1,-1
1975,track_1420526,artist_497201,-0.02514499139080894,0.005125806476198936,0.020074328645442868,1,-1
1976,track_1420538,artist_497202,-0.031029447598250336,-0.013417727875634456,0.0365977690909637,1,-1
1977,track_1420542,artist_497202,-0.02401077031742537,-0.009878431814688022,0.010756919472640984,1,-1
1978,track_1420550,artist_497202,-0.020162147203989074,-0.021916392649066016,0.0025320671459833893,1,-1
1979,track_1420554,artist_497202,-0.026039282240851034,-0.037293467429430016,-0.004022029061099551,1,-1
1980,track_1420557,artist_497202,-0.024774192142069957,-0.03852378449845718,-0.011511534256789815,1,-1
1981,track_1420559,artist_497202,-0.003942130352024673,-0.020488255174514646,-0.013213312614546377,1,-1
1982,track_1420565,artist_497202,-0.020783318381363918,-0.010411202774380658,0.00810813561392743,1,-1
1983,track_1420573,artist_497202,-0.0321250580935854,-0.021069241268220306,0.01545028941757942,1,-1
1984,track_1420626,artist_497203,-0.02962664422781945,-0.024149182485289803,0.014860175683321791,1,-1
1985,track_1420638,artist_480599,0.02370894620663397,-0.008181456145174465,0.01576078153727868,2,1
1986,track_1420642,artist_480599,0.023585213205869322,-0.01942264412413054,0.019558832040029367,2,1
1987,track_1420650,artist_480599,0.014082240436498247,-0.014693398589238356,-0.007174384911956126,2,1
1988,track_1420654,artist_480599,0.030808244852934177,-0.007176460908026102,0.004936000695904582,2,1
1989,track_1420657,artist_497203,-0.021603935402973284,-0.03356526999187525,-0.01353907228264441,1,-1
1990,track_1420665,artist_490858,-0.03479327415608329,0.003076790855707579,0.04174024249439332,1,-1
1991,track_1420673,artist_490858,-0.04387382932394166,0.005067602029362316,0.0686861065787139,1,-1
1992,track_1420679,artist_490858,-0.038362292290329364,0.0034166039281718023,0.041277186271648635,1,-1
1993,track_1420690,artist_490858,-0.0428515083663489,-0.0003574636601201225,0.06102263043186697,1,-1
1994,track_1420850,artist_496074,0.0020010136825196817,0.011095475858011482,-0.03093863062287649,2,1
1995,track_1421165,artist_003573,-0.015213001539472117,0.0011683497537777715,0.002671004120962223,1,-1
1996,track_1421350,artist_466600,0.029649245194301836,0.0028943802712498626,-0.0220076605022032,2,1
1997,track_1422054,artist_496314,0.005851227836308082,-0.02726240760705904,-0.025328530144132024,2,1
1998,track_1422057,artist_496314,0.00038792221590805794,-0.031182469074827267,-0.0218145731958181,2,1
1999,track_1422059,artist_496314,-0.0020882298088156226,-0.03762695512100466,-0.02717904587265944,1,-1
