global_node_index,track_id,artist_id,genres,q2,q3,q4,nodal_domain
0,track_0000950,artist_000087,chillout|easylistening|electronic|lounge|techno,0.01859942814554673,-0.0020309925352694136,-0.003710138516932725,2
1,track_0002165,artist_000326,chillout|fusion|soundtrack,0.015269886079133618,-0.008219881693917769,-0.0110313999627576,2
2,track_0003350,artist_000517,pop,0.006683248543945434,0.004424078772813235,-0.006062638259813699,2
3,track_0004638,artist_000087,ambient|chillout|easylistening,-0.03683946956698684,0.004193685263899379,0.013267814063696785,1
4,track_0005638,artist_000811,electronic|soundtrack,0.02131393231208322,0.021155099860358132,0.00014448930205207127,2
5,track_0005642,artist_000811,electronic|lounge|soundtrack,0.010042934748479462,-0.014055355816632076,-0.0076592982980315675,2
6,track_0006250,artist_000811,soundtrack,-0.044141595667049234,0.016447711025410518,0.013421307847779554,1
7,track_0006254,artist_000811,soundtrack,-0.0320575367142302,-0.006859238795419918,0.00806605761134462,1
8,track_0006257,artist_000811,soundtrack,-0.003583746270738399,0.00666964016259149,0.0019750726004365096,1
9,track_0006726,artist_000937,country|pop|popfolk,-0.0012400686853793106,-0.03832737234638895,-0.019547230695484797,1
10,track_0007359,artist_000937,easylistening|groove|lounge|pop,-0.0008884853557235195,0.0030906488782375266,-0.006071103489771274,1
11,track_0011750,artist_000696,blues|improvisation|jazz,-0.00719687826022692,-0.0200884285962806,-0.005624460493231754,1
12,track_0011765,artist_000696,blues|improvisation|jazz,-0.0230771090924495,0.024451660929245892,0.005128471437444341,1
13,track_0011773,artist_000696,blues|bossanova|improvisation|jazz,0.01865738200923188,-0.016069138670923855,-0.0025297205520487718,2
14,track_0011842,artist_001780,classical|contemporary,-0.007053822262802289,-0.020608612595863218,-0.01280137662340539,1
15,track_0013826,artist_002023,gothic|metal,-0.009079393660970003,-0.024724592310228288,-0.0074863812269514675,1
16,track_0014013,artist_002054,classical,0.0022070003490953153,-0.003516004876322159,-0.004447331783922464,2
17,track_0014026,artist_002054,classical|instrumentalpop,-0.01980608467876987,-0.013136368627729364,1.1285999588473435e-05,1
18,track_0015159,artist_002208,easylistening|electronic|soundtrack|triphop,0.01293150471252237,-0.019457503119875878,-0.012744606423099072,2
19,track_0016038,artist_002323,electronic|hiphop,0.03688025657989334,0.003317879430952775,0.012678147374842736,2
20,track_0016659,artist_002455,alternative|indie|metal,0.01766505393614243,-0.007244911473876482,-0.013946150443535605,2
21,track_0016665,artist_002455,alternative|indie|metal,0.014317762549149479,-0.0015637273888529472,-0.012629928358461866,2
22,track_0017490,artist_002449,jazz|jazzfusion,-0.00039109874595022996,0.004652918929935159,-0.007020124015669698,1
23,track_0019238,artist_002854,alternative|grunge|rock,0.008594759519621312,-0.004678358595446258,-0.007495896601685802,2
24,track_0020538,artist_003039,alternative|easylistening|ethno|indie|pop|world,0.011210478545333417,-0.011932347067768722,-0.008865456125086846,2
25,track_0020742,artist_002656,easylistening|pop|poprock|soundtrack,0.01271180821246491,-0.017411435129743958,-0.00864333829559029,2
26,track_0021854,artist_002521,hard|metal|punkrock|rock,0.008146517261710149,-0.015236604979257978,-0.013678609209542572,2
27,track_0021857,artist_002521,hard|metal|punkrock|rock,0.004525323397509848,0.011840563052389704,-0.007900973683242413,2
28,track_0021859,artist_002521,hard|metal|punkrock|rock,0.008717299193422005,0.0183705993769623,-0.008425479035010501,2
29,track_0023865,artist_003498,hard|hardrock|metal|rock,-0.018250382824234464,0.051523078467245166,-0.000591900971211983,1
30,track_0024026,artist_003581,electronic|newage,0.0169528422202439,0.009130787647796816,-0.0019334359493654893,2
31,track_0024242,artist_001064,easylistening|electronic|pop|synthpop,0.006699901116144889,-0.008209167047080723,-0.00456776909257349,2
32,track_0024842,artist_002534,classical|soundtrack,-0.026442865506723503,-0.009561580917458583,0.00868030897969528,1
33,track_0025226,artist_003786,classical|easylistening,-0.0427079362859009,0.01248039841204647,0.015971783492760554,1
34,track_0025238,artist_003786,classical|newage,-0.03417579156154902,-0.0159661725325283,0.0071815508304729995,1
35,track_0025250,artist_002740,classical|easylistening,-0.007605933464742917,-0.0014463935313418176,0.0008725064279549607,1
36,track_0025254,artist_002740,easylistening|lounge,0.011647115001064507,-0.015337627358185236,-0.013323954054879192,2
37,track_0025273,artist_001885,alternativerock|indie|rock,-0.0034391890901045914,0.0012598580307639855,-0.007373421019287326,1
38,track_0025379,artist_002740,easylistening|orchestral,-0.06490513757422726,-0.012374077164988402,0.022438312004707934,1
39,track_0029865,artist_002020,atmospheric|electronic,0.012719173406519462,0.007754800352421474,-0.0032480144406644798,2
40,track_0029873,artist_002020,atmospheric|electronic,0.020830157746594698,-0.009142640298101877,0.0006937314896169186,2
41,track_0029959,artist_004118,electronic|experimental|pop|rock|triphop,0.007742573152009749,0.02872189846356999,-0.0031384313626539387,2
42,track_0032538,artist_004180,easylistening|electronic|lounge,-0.01599664598493105,-0.0030089982221344572,0.0028323997555508556,1
43,track_0033179,artist_000787,electronic|pop,0.022928673959371638,0.017096191789410024,0.0007370759435505584,2
44,track_0033326,artist_004658,drumnbass|easylistening|electronic,0.008317560134952228,-0.00893936382978773,0.0005741842171250141,2
45,track_0033450,artist_004658,easylistening,-0.008314298431958222,-0.01958479115183583,-0.008584463526153245,1
46,track_0033826,artist_004488,chanson|pop,0.020848780379002486,0.0064917743395732355,-0.013958035143015605,2
47,track_0035173,artist_002208,electronic|newwave|triphop,-0.003957954749546818,0.028104979644533214,-0.003470475789530289,1
48,track_0035750,artist_000939,ambient|easylistening,-0.016515981990639327,-0.017917190861737545,-0.0005943390322983049,1
49,track_0036657,artist_005117,alternative|indie,0.015120466595526669,-0.016126795298009068,-0.013289950548528138,2
50,track_0036713,artist_005126,ambient|electronic|techno|trance,0.01618052952920431,0.06811258122465864,-0.014223489401131002,2
51,track_0038657,artist_005422,club|dance|easylistening|electronic,0.027288595161456302,0.0213582689692455,0.0008756682165804536,2
52,track_0040026,artist_005669,pop|rock,-0.009335522810285641,0.01607899809061848,-0.0006374190597586785,1
53,track_0040157,artist_005634,,0.012675355543972205,-0.027630975558642672,-0.016722074016321524,2
54,track_0040159,artist_005634,,0.0242732274500223,-0.02165751893103835,-0.009722752022400102,2
55,track_0040638,artist_004729,newage|world,-0.007725521127687441,-0.0022890943462942643,-0.0029605227986491144,1
56,track_0042765,artist_005935,ambient|electronic,0.009618736928451058,-0.009071775154990813,0.0019139668544422427,2
57,track_0043038,artist_005385,alternative|ambient|electronic|experimental|industrial,0.008077617822129774,-0.013659668991758626,-0.008539870959062128,2
58,track_0043042,artist_005385,alternative|ambient|electronic|experimental|industrial,-0.001132388571948908,-0.0015422966436424818,-0.00808743083111662,1
59,track_0046190,artist_003687,ambient|easylistening|newage,-0.027023143923163514,0.008116212514743329,0.012534642271110093,1
60,track_0046565,artist_002816,ambient|folk|psychedelic,-6.580791419630308e-05,-0.003395630742040471,-0.004286504880412683,1
61,track_0047390,artist_005721,classical|orchestral|soundtrack,-0.01727672880570275,-0.013270466793076563,0.0014539281863224208,1
62,track_0047457,artist_006573,alternative|ambient|experimental,-0.007539759090993857,0.03694767407940137,-0.0003661568578729441,1
63,track_0047459,artist_006573,alternative|electronic|experimental,-0.002839654603237528,-0.02306502694505344,-0.009027529631028671,1
64,track_0048165,artist_006741,pop,0.010001563215737247,-0.002430734080239987,0.003868026169374748,2
65,track_0048379,artist_005126,ambient|electronic|techno|trance,-0.0030668725504318156,0.005919632746442216,-0.005383264739428128,1
66,track_0048726,artist_000696,ambient|jazz,-0.002573913251889608,-0.0018514915735117269,-0.002446934208584815,1
67,track_0048979,artist_005801,ambient|easylistening,-0.037535689193649246,-0.006469855325136759,0.013501476032005421,1
68,track_0049038,artist_006905,classical|orchestral|soundtrack,0.016662067916366187,0.0032310236218117557,0.0038969971874849648,2
69,track_0064073,artist_007211,electronic|techno,0.03925886682668083,0.012342437964695566,0.0047433927807421835,2
70,track_0066942,artist_007063,easylistening|folk|pop,0.0013315905278733773,0.014769291470177666,-0.00499706286732907,2
71,track_0066954,artist_007063,easylistening|folk|pop,-0.005571363904071469,0.011443025793406099,-0.007451437732053376,1
72,track_0072638,artist_004347,electronic|trance,0.006434739218688347,0.015344990609413581,-0.0005298407485945432,2
73,track_0072838,artist_007320,blues|chanson|pop,0.013748453125080103,-0.014605287420156729,-0.011550213723816281,2
74,track_0073073,artist_007362,electronic|electropop,0.029560519599940827,0.005731282450748037,0.012070542779387896,2
75,track_0073157,artist_007063,industrial|pop|rock,0.020133857435618692,-0.01798006256957619,-0.022822854062729398,2
76,track_0073159,artist_007063,industrial|pop|rock,0.011647525887379922,-0.009760543653220988,-0.012855313579985171,2
77,track_0073990,artist_005240,easylistening|jazz|soundtrack,-0.0070358495788065,0.03519876678873096,-3.125856438922234e-05,1
78,track_0074654,artist_007379,alternative|electronic|experimental|industrial,0.02138085005274229,0.031872537546578476,-0.003836199722972969,2
79,track_0076990,artist_007840,pop|rock,0.009072603958502918,-0.01919311613684694,-0.01032286133420518,2
80,track_0078313,artist_007872,alternative|electronic|hard|indie|pop|rock,-0.006198086912078828,0.007655541237417585,-0.003809638540754232,1
81,track_0078726,artist_007872,folk|indie|pop|popfolk|rock,-0.0212145988097782,0.035894197735741054,0.001437263054005818,1
82,track_0078957,artist_006278,ambient|electronic|soundtrack,-0.006897761885098772,-0.01525798317980251,-0.0027440051722565223,1
83,track_0079750,artist_008094,electronic,-0.034874694960459064,0.005201835411564578,0.010609506265433414,1
84,track_0079754,artist_008094,electronic,-0.006941257669782111,-0.016509109466743263,-0.007374533869600758,1
85,track_0079757,artist_008094,electronic,-0.013363744169004672,-0.018934084521981462,3.37168589734161e-06,1
86,track_0079759,artist_008094,electronic,-0.007083581656477032,-0.015058293508846741,-0.0006685942419031483,1
87,track_0080138,artist_001365,ambient|classical|contemporary|electronic,-0.04279937445218846,0.013865580808039011,0.015706532679782403,1
88,track_0080890,artist_004812,,0.0022507646974806008,-0.013929324451131637,-0.005660323256678919,2
89,track_0080979,artist_005126,ambient|trance,0.014729620205968342,0.017061876637591414,-0.0008214110435213443,2
90,track_0081365,artist_005777,alternative|electronic|experimental|rock,0.003921796067759998,0.046772146126236945,-0.001504758645970032,2
91,track_0082350,artist_005385,alternative|electronic|experimental|industrial,0.013462388097832305,-0.00595728744040728,-0.0019790897871495516,2
92,track_0082354,artist_005385,alternative|electronic|experimental|industrial,-0.016811218070101233,0.06420248285341118,-0.008389162686613987,1
93,track_0082357,artist_005385,alternative|electronic|experimental|industrial,0.0076299725499036535,-0.010414837833558998,-0.009852169989967024,2
94,track_0082359,artist_005385,alternative|electronic|experimental|industrial,0.005536999011546887,-0.013659070145539031,-0.009026867765323384,2
95,track_0082365,artist_005385,alternative|electronic|experimental|industrial,0.04130309056724303,0.006063566422825731,0.014599409027805278,2
96,track_0086742,artist_004812,easylistening,-0.0031868539271479755,0.02734025099381872,-0.004965785941184594,1
97,track_0087473,artist_004545,ambient|electronic|world,0.018133098970284943,-0.02209241532319575,-0.011898621934059054,2
98,track_0087479,artist_003177,easylistening|electronic|newage,-0.003996760566338546,0.05528739148391617,-0.0019566689266787137,1
99,track_0089326,artist_004851,alternative|indie|pop|rock,0.00781905474740908,-0.03966812818453436,-0.022628372659796298,2
100,track_0091373,artist_007969,bossanova,-0.0012158118232837708,-0.04277209545684395,-0.023823153802968774,1
101,track_0091826,artist_002222,ambient|classical|electronic,0.008451525932098814,-0.0202684953673523,-0.012738138434795213,2
102,track_0094750,artist_007063,industrial|pop|rock,0.009775627587628333,0.03005901528844426,-0.005193962367645194,2
103,track_0095413,artist_000675,alternative|funk|fusion|pop|rnb|rock,0.007781899891140514,0.01708003182766904,-0.006731777920192657,2
104,track_0095538,artist_005361,soundtrack,0.003654066690029333,0.01395765643484114,-0.0016238110977597122,2
105,track_0095713,artist_336764,electronic,-0.0003613641605528897,0.019495330856862846,0.00031050169389731886,1
106,track_0098542,artist_336896,ambient|easylistening|folk|instrumentalpop,-0.017988562175563213,-0.0035824488363758525,0.002036966680545959,1
107,track_0100642,artist_336984,country|rocknroll|soundtrack,0.0001057381491505998,0.03968862278754094,-0.00392818456921537,2
108,track_0103690,artist_000087,ambient|downtempo|electronic|lounge,0.025137157792622232,-0.0017835664686197226,0.012521771512627393,2
109,track_0104259,artist_337114,club|dance|electronic|pop|world,0.017842854345540674,-0.0032042156710921214,0.006281647206705589,2
110,track_0106559,artist_008021,instrumentalpop|rock|soundtrack,-0.003076798470752619,0.034551382081201114,-0.0016134363087472678,1
111,track_0106765,artist_008021,alternative|electronic|experimental|soundtrack,-0.0020784324090400356,0.041875014506749755,-0.003444595571766386,1
112,track_0106838,artist_008021,alternative|electronic|experimental|soundtrack,-0.003826532852461597,0.04479087539965019,-0.004548185355418947,1
113,track_0106859,artist_008021,electronic|experimental|soundtrack,-0.007821254800382708,0.042305206174260146,-0.005019110286240502,1
114,track_0108459,artist_337284,celtic|metal,0.004153838728639361,0.002298501121266431,-0.0018165081431476906,2
115,track_0109226,artist_337307,soundtrack,-0.07620112454619216,0.009567839014111236,0.027055975746052396,1
116,track_0110642,artist_000811,alternative|experimental|soundtrack,-0.020714255029292417,-0.0012063085740624338,0.005716848116155905,1
117,track_0110657,artist_000811,soundtrack,0.004254711930743123,-0.00591817797576336,0.0012542854752790591,2
118,track_0111026,artist_004116,chillout|electropop|pop,0.02264331863998628,-0.005020477378181336,0.008416354318073794,2
119,track_0114765,artist_337503,jazz,0.010404066115336286,0.004179074037365248,-0.000888016191800029,2
120,track_0117550,artist_003769,electronic|pop,0.010311258056956913,-0.024515234464662077,-0.015695528154641317,2
122,track_0120750,artist_004864,electronic|instrumentalpop,-0.04072987041288841,0.01691328452758755,0.013245728723980183,1
123,track_0120754,artist_004864,electronic|instrumentalpop,-0.02851762811144831,-0.009284353167528204,0.010061573526704547,1
124,track_0124826,artist_005390,electronic|experimental|pop|techno,0.0428690005584563,0.0355638009875965,-0.00029561237131328324,2
125,track_0126042,artist_337741,alternative|ambient|experimental|progressive|psychedelic|worldfusion,0.025465715863592284,-0.01338791319182292,-0.0039001013766288345,2
126,track_0126126,artist_337741,ambient|easylistening|progressive|psychedelic|worldfusion,0.01082377995519191,-0.006047101244890805,-0.006646884412972193,2
127,track_0126142,artist_337741,ambient|easylistening|progressive|psychedelic|worldfusion,0.017563916462388123,-0.004079932056750787,0.0038451021991124934,2
129,track_0127890,artist_004812,chillout|electronic,-0.0058043334981680295,-0.010060312750897483,-0.0007846227783367371,1
130,track_0128313,artist_337907,ambient|soundtrack,-0.010343924637160383,-0.008505803067441033,0.0028374771122329227,1
131,track_0133654,artist_007063,electronic|industrial|pop|rock,0.018740058935229356,-0.013904595144543617,-0.007613672639900586,2
132,track_0133657,artist_007063,electronic|industrial|rock,0.02657510158274109,0.01325942739659221,-0.008472332541745325,2
133,track_0134738,artist_337989,country|folk|singersongwriter,-0.022733743104764823,0.014975195709344967,0.0028079145893773988,1
134,track_0134754,artist_337989,country|folk|singersongwriter,0.002510371860416099,-0.027743575281865995,-0.013006912911388611,2
135,track_0140638,artist_338395,alternative|easylistening|soundtrack,0.005099990418142096,0.02472245791395935,-0.002995740597945832,2
136,track_0140642,artist_338395,alternative|easylistening|soundtrack,0.0037235132290226363,-0.018264101338645537,-0.00741870372953883,2
137,track_0144654,artist_338563,darkwave|indie|popfolk|psychedelic|rock,0.01628592465821277,-0.012942257856995956,-0.013368433825185579,2
138,track_0148526,artist_338660,electronic|experimental|soundtrack,-0.024755148613607485,0.0063975350821810625,0.008596246591757162,1
139,track_0149779,artist_338660,electronic|experimental|soundtrack,-0.010888163519797062,0.010171811619902457,0.003518609888769096,1
140,track_0149790,artist_338660,electronic|experimental|soundtrack,0.018641101546036848,-0.01818749561723634,-0.0112641238044242,2
141,track_0152542,artist_338900,alternative|electronic|experimental|idm|soundtrack,0.038027117030913105,-0.0037101948040203407,0.0030697297959483864,2
142,track_0152713,artist_338660,electronic|experimental|soundtrack,-0.00561417352880517,-0.0197361754353117,-0.006019120465569916,1
143,track_0152754,artist_338660,electronic|experimental|soundtrack,-0.03382361857738915,-0.0061421385599619,0.011602521592800641,1
144,track_0153865,artist_339263,,0.003939401283269089,0.0030925742329043202,-0.008399536475028904,2
145,track_0155513,artist_338660,electronic|experimental|soundtrack,-0.00789497985010703,0.009043936664536968,-0.0024432137493494797,1
146,track_0156873,artist_339104,,-0.024803255648148868,0.04134971405054741,0.004995133700351285,1
147,track_0158613,artist_338660,electronic|experimental|soundtrack,0.01392459018080581,-0.027286576148096993,-0.01672538767443191,2
148,track_0158626,artist_338660,electronic|experimental|soundtrack,-0.004152284877152207,-0.019557193465131757,-0.006869811782591546,1
149,track_0159450,artist_339226,dance|electronic|techno,0.026137905833602173,0.00272182836249836,0.004118700159418647,2
150,track_0159850,artist_338660,electronic|experimental|soundtrack,0.00643105702474896,-0.018255528470534625,-0.010521153481941124,2
151,track_0159854,artist_338660,electronic|experimental|soundtrack,-0.024678576602969963,-0.01713320712268608,0.0017648043663141986,1
152,track_0159857,artist_338660,electronic|experimental|soundtrack,0.010465901358960101,-0.0017103138292300197,-0.0060177574145406105,2
153,track_0159859,artist_338660,electronic|experimental|soundtrack,-0.0038677653213183365,-0.007840667777551422,-0.00376388776540328,1
154,track_0162026,artist_007872,folk|pop|rock|soundtrack,-0.029275641046233248,-0.03338455060393931,0.005613097182856449,1
155,track_0162038,artist_007872,chillout|folk|pop|popfolk|singersongwriter|soundtrack,-0.017649008128546882,-0.011792775995122129,0.0012215601209477915,1
156,track_0162042,artist_007872,chillout|folk|pop|singersongwriter|soundtrack,-0.011046562981158694,-0.004397903646220175,-0.0010740900488758014,1
157,track_0162226,artist_338660,electronic|experimental|soundtrack,0.0022836136627751545,0.010186093345058985,-0.0005304804956147474,2
158,track_0162579,artist_338660,electronic|experimental|soundtrack,-0.004671413953314737,0.018456528739598237,-0.0022934040529297515,1
159,track_0162590,artist_338660,electronic|experimental|soundtrack,0.0013385555495561876,0.006682935132640347,-0.007845247039986621,2
160,track_0166613,artist_339527,alternative|blues|popfolk|rock,0.012034338107562974,-0.019517543241230007,-0.011960903464430536,2
161,track_0168813,artist_338660,electronic|experimental|soundtrack,-0.008517289607359037,-0.011375178158180597,-0.004137555963501287,1
162,track_0169257,artist_338660,electronic|experimental|soundtrack,-0.0015111170634837243,-0.00850306633277962,-0.005900443039229593,1
163,track_0169259,artist_338660,electronic|experimental|soundtrack,-0.023596899316825702,0.009690382426642085,0.009075188643906896,1
164,track_0169265,artist_338660,electronic|experimental|soundtrack,-0.007284276340950183,-0.01427776499925144,-0.002436533358210094,1
165,track_0169273,artist_338660,electronic|experimental|soundtrack,-0.01038434051314523,0.0007321806707717307,0.0036648447388219012,1
166,track_0169990,artist_338660,electronic|experimental|soundtrack,-0.022100358268350006,-0.014722853574002406,-0.0022750108981190596,1
167,track_0170059,artist_338660,electronic|experimental|soundtrack,-0.022969017334008177,0.0005379535188607101,0.0057166841939622435,1
168,track_0172326,artist_337897,pop|popfolk,-0.02163982559196827,-0.004983419847226994,0.0031228530645548216,1
169,track_0173759,artist_339169,ambient|experimental,-0.030390757959750485,-0.01561384769235039,0.004988980514453128,1
170,track_0178638,artist_340076,ambient|gothic,-0.01728574101441332,-0.01679707468560626,-0.0002606544314292835,1
171,track_0178665,artist_340076,gothic,0.0069706720510438165,-0.020086981169279247,-0.011584943425718744,2
172,track_0181854,artist_004965,,-0.02814775611693147,-0.013182837305696183,0.004558931546705597,1
173,track_0184242,artist_340347,newage,-0.05234838109392247,0.01855098651350643,0.019524559144702566,1
174,track_0196250,artist_340652,classical,-0.04211530370833882,0.003636097193312249,0.01438192169240011,1
175,track_0196257,artist_340652,classical,-0.02725314534433822,-0.008534342080894791,0.0031496738776107727,1
176,track_0196259,artist_340652,classical,-0.04134300569799019,-0.016974490176475548,0.006594668415546231,1
177,track_0196542,artist_004118,alternative|electronic|experimental|soundtrack,-0.011793839538233174,0.00015958402174871806,0.0016869943985763154,1
178,track_0196550,artist_004118,alternative|electronic|experimental|soundtrack,-0.02236402687076624,-0.012022001289845926,0.001315533060389476,1
179,track_0196554,artist_004118,electronic|experimental|pop|soundtrack,0.021323034640184188,-0.02671091928046292,-0.016747302091368262,2
180,track_0196850,artist_339563,classical|contemporary|soundtrack,-0.03019336260726581,0.027717098210943387,0.007249019435915122,1
181,track_0201479,artist_004118,alternative|electronic|experimental|soundtrack,-0.007223708242526484,0.011724446266543063,-0.0008850712145469019,1
182,track_0201490,artist_004118,alternative|electronic|experimental|soundtrack,0.0009707498005872704,-0.012500291389550122,-0.00698908669071577,2
183,track_0202213,artist_008094,electronic,-0.021538886868600487,-0.006779568702487903,0.004261669724395975,1
184,track_0202657,artist_337114,atmospheric|club|dance|electronic,0.04306850894275035,-0.0031358879418144792,0.008374473475738978,2
185,track_0205438,artist_004965,,0.011509055898420252,-0.009720757304701714,-0.007298774341150982,2
186,track_0206073,artist_341323,ambient|chillout|downtempo|easylistening,-0.025640222712527038,0.014338287194437761,0.007498910559706959,1
187,track_0207490,artist_341393,indie|poprock|rock,-0.0025155446575337494,0.002698444049043926,-0.010322609889887707,1
188,track_0208938,artist_341459,ambient|easylistening|instrumentalpop,-0.004659703853213061,0.040234452493758045,-0.0011681216919056916,1
189,track_0209073,artist_341393,folk|pop|popfolk,0.007617726244955116,-0.016771855674950396,-0.01262287112759498,2
190,track_0210038,artist_004118,electronic|experimental|rock|soundtrack,0.00320477838604323,0.02622342969583369,-0.00389501320945219,2
191,track_0210042,artist_004118,easylistening|electronic|experimental|soundtrack,-0.019231686952377994,-0.012570989282293532,0.0011350965586569067,1
192,track_0218559,artist_341999,pop,0.013221720372471085,-0.0031556838863689546,-0.0008903104056959989,2
193,track_0239950,artist_004965,,0.029049057816699506,0.004575899313474927,0.013146249377065045,2
194,track_0242738,artist_343767,folk|pop|popfolk|singersongwriter,-0.010170064057364016,0.016980118411044264,0.004074051516687581,1
195,track_0244938,artist_000811,classical|contemporary|electronic|soundtrack,-0.0034737291726613206,0.011750358228752252,-0.0044883550678039,1
196,track_0244954,artist_000811,electronic|soundtrack,0.031755353836827274,-0.003369839908423723,0.00951071351310846,2
197,track_0245350,artist_337114,dance|electronic|pop|techno,0.028259147838914596,0.007676586632900259,0.003811794323219286,2
198,track_0248259,artist_002444,electronic|minimal|techno,0.02994174756663097,0.004362686185114528,0.013687765596839825,2
199,track_0250990,artist_004965,,-0.029566868786772112,-0.02832176616695202,0.0015489049517188893,1
200,track_0251379,artist_337391,easylistening|electronic|lounge,-0.004828772415372507,0.03519140012593308,-0.0044247065223909044,1
201,track_0253542,artist_005644,darkambient|electronic|tribal,-0.0024226385669574766,0.003716501248809126,-0.0015854692134442674,1
202,track_0257059,artist_006821,pop,0.006471972814668455,0.001075577652716671,-0.005369720273826101,2
203,track_0257173,artist_003786,classical|newage,-0.07612717962236969,0.001092595948392953,0.02756958896656749,1
204,track_0257179,artist_003786,classical|easylistening,-0.036378014988519086,0.007074572985693764,0.012560615849428785,1
205,track_0258090,artist_337741,ambient|atmospheric|psychedelic|world,0.009961532151133387,0.0012484723231572879,-0.0023520166465178147,2
206,track_0259559,artist_339590,electronic|gothic|industrial|techno,0.00605673627737465,-0.004782550420881487,-0.0045677884860784,2
207,track_0264390,artist_007625,ambient|electronic,0.0036863434418980003,0.014382164883807672,-0.0018159118564237426,2
208,track_0268259,artist_004118,electronic|experimental|rock|soundtrack,-0.0014980032877786415,0.05586434117750081,-0.0026174668847609383,1
209,track_0268290,artist_004118,electronic|experimental|rock|soundtrack,-0.0021059085289591656,0.04402189191210535,-0.0018332277628510915,1
210,track_0268313,artist_004118,electronic|experimental|pop|soundtrack,0.010391283205529258,-0.01863820069389978,-0.008503045158264588,2
211,track_0278357,artist_344764,classical|orchestral|symphonic,-0.04369587062911062,-0.008738780895953563,0.014210778921313961,1
212,track_0278359,artist_344764,classical|orchestral|symphonic,-0.039421945668149425,-0.01407073015658232,0.008366307522254153,1
213,track_0280913,artist_007886,,0.02128142512967359,0.012208016996506936,-6.477164668823056e-05,2
214,track_0282626,artist_347536,easylistening|ethnicrock,0.0015656184978166444,0.030299570532546994,-0.005095049502676619,2
215,track_0283090,artist_003687,ambient|easylistening|newage,-0.014728262879181983,-0.0080941669561991,0.0012314910384059888,1
216,track_0283765,artist_337114,dance|easylistening|electronic|pop,0.008481085045222018,-0.012211024915080828,-0.01163850967872674,2
217,track_0284365,artist_003687,ambient|easylistening|newage,-0.03307857278331451,-0.006839014208428464,0.008215946758682572,1
218,track_0285042,artist_337114,atmospheric|electronic,0.012371268919344036,-0.007411635777118472,0.0010584128890405887,2
219,track_0287979,artist_007362,ambient|electronic,0.010048919975847684,0.014052684855498274,-0.005875622392350921,2
220,track_0290859,artist_005324,ambient|poprock|progressive,-0.04269474858599804,0.008363828884603538,0.06858876719810769,1
221,track_0306438,artist_348501,classical|classicrock|newage,-0.021787330615264153,-0.02141871496401241,0.005341240856802645,1
222,track_0313013,artist_002189,ambient|atmospheric|chillout|easylistening|newage,-0.013633605506913568,-0.005794197961651151,0.0027663394777170426,1
223,track_0313779,artist_338437,electronic|idm|triphop,0.005469730238500925,-0.0051888826346649115,-0.004032392718412127,2
224,track_0317054,artist_337114,electronic,-0.0021565840578060117,-0.029422595363483278,-0.014642753354316954,1
225,track_0319313,artist_345704,chillout|easylistening|electronic,0.01949845698904267,-0.005534780634154223,0.006292494551864695,2
226,track_0321238,artist_005681,industrial|techno,-0.018658750556791132,0.042157719190823534,0.0009971906298675327,1
227,track_0322342,artist_343489,ambient|electronic|trance,0.025411700375669536,-0.02230913687747621,-0.010003538677285482,2
228,track_0324413,artist_338582,jazz|progressive,-0.010550795467644024,-0.009756287455433815,-0.0031112657433413687,1
229,track_0324613,artist_336871,jazz,-0.003945989227360334,-0.024682737709198183,-0.008349383345483893,1
230,track_0339038,artist_350059,rnb,0.005155915950809544,-0.02832291965398856,-0.012825006207485997,2
231,track_0340879,artist_350154,downtempo|easylistening|instrumentalpop,-0.007530690150940308,-0.022310880425127737,-0.007042244430157093,1
232,track_0341550,artist_350154,chillout|indie|instrumentalrock|pop,0.0044688053322379665,0.004870113959384679,0.00014847835625038402,2
233,track_0342254,artist_005240,classical|soundtrack,-0.055470094400335956,0.005564962318912013,0.018640013548201065,1
234,track_0342257,artist_005240,classical|soundtrack,-0.0618376817710052,0.005711923228648728,0.022889386101481102,1
235,track_0342259,artist_005240,classical|soundtrack,-0.02624280244110655,-0.017104527410149076,0.002491281666999843,1
236,track_0343379,artist_007862,ambient|electronic|minimal|techno,0.0127841157732338,0.0005926101461271956,-4.30490149836146e-05,2
237,track_0344326,artist_350222,electronic|newage,-0.016750574702823384,0.012483544486289078,0.003413540085858553,1
238,track_0345913,artist_336871,jazz,-0.011184385099321646,0.003019860044375248,0.0013397029849489814,1
239,track_0347557,artist_341393,folk|pop|popfolk,-0.0016903989167607525,-0.058576998729009254,-0.032321250387616136,1
240,track_0347638,artist_341393,folk|pop|popfolk,-0.001024749245668632,-0.02754708921141453,-0.009309515368607012,1
241,track_0347859,artist_340710,pop|rock,-0.01101123172824818,0.047214957980451305,-0.0028455397997018657,1
242,track_0347879,artist_340710,pop|rock,0.011083835649268856,-0.024191671071790766,-0.01317597660827518,2
243,track_0355479,artist_350813,jazz,0.0018111827660639423,-0.00020300664916727298,-0.0042553376517512264,2
244,track_0356426,artist_340710,indie|rock,-0.021559431490069017,0.046834178862771546,0.0011492688590550356,1
245,track_0360990,artist_340947,orchestral|soundtrack|symphonic,-0.03557764777359614,0.013084236035938675,0.011561880004642606,1
246,track_0361542,artist_351032,electronic,0.012273091223611397,-0.019135134223534352,-0.011571094113884293,2
247,track_0361554,artist_351032,electronic,0.006344982392643479,-0.017624946837454372,-0.010258077771134572,2
248,track_0361979,artist_347359,pop|popfolk|singersongwriter,-0.007755680936241971,0.02347476193849281,0.000540739777961507,1
249,track_0361990,artist_347359,pop|popfolk|singersongwriter,-0.020134183362739363,-0.012411265323388888,0.002712556691800682,1
250,track_0362638,artist_340947,orchestral|soundtrack|symphonic,-0.01049746975237102,0.002285900713599826,-0.002357917724438779,1
251,track_0364090,artist_007063,electronic|folk|pop|rock,0.03069551509743413,-0.020727451766471495,-0.01162222774030796,2
252,track_0368150,artist_351312,,-0.027278852540052592,0.008601684342146898,0.009256455959091817,1
253,track_0369913,artist_004934,chillout|easylistening|triphop,0.005881390370139022,-0.009767184061711684,-0.005701076695531753,2
254,track_0372157,artist_350722,gothic|psychedelic,-0.006937511924649939,5.971646274928009e-05,-0.013099526264462006,1
255,track_0373165,artist_351494,grunge|rock,0.004375376605364259,-0.007210512667031631,-0.00988867488682575,2
256,track_0382590,artist_002034,ambient,-0.027908323916335413,0.010312311342472645,0.009745507894741856,1
257,track_0383573,artist_341278,hiphop|rap,0.013784668635849252,-0.017629018112316132,-0.008547430940206276,2
258,track_0383990,artist_007597,ambient|electronic|soundtrack,-0.0036522338068935103,0.022483004920826152,5.884694805944392e-05,1
259,track_0384150,artist_337391,alternative|electronic|lounge,-0.006010818657492936,-0.011847450417657205,-0.0014381349531808138,1
260,track_0385550,artist_005801,ambient|chillout|electronic,0.012705847298257324,-0.019599842053513394,-0.00988586657796926,2
261,track_0385559,artist_005801,ambient|electronic,-0.0852244861971891,-0.02066715209998273,0.029820611079283854,1
262,track_0387438,artist_003944,easylistening|groove|lounge,-0.0007945793432343523,-0.0015266395083681269,-0.0074410541661018206,1
263,track_0387513,artist_352042,classicrock|instrumentalrock|metal|rock,0.007304479533468334,-0.015357650410368729,-0.013437672799946353,2
264,track_0388473,artist_352130,metal|rock,0.002888775597229197,0.012904697536668808,-0.013335677013314565,2
265,track_0389479,artist_352130,metal|rock,0.0004451406236279387,0.009888318354058678,-0.010981305044025821,2
266,track_0391373,artist_004965,,-0.0019427077870495283,-0.020935689533547942,-0.008552374350366305,1
267,track_0393390,artist_350154,easylistening|jazz|lounge,0.002393796090287243,0.0007515455273842421,-0.005063943485853346,2
268,track_0396938,artist_002741,easylistening|lounge,0.008512926416719073,-0.017310526426354913,-0.008536371230411012,2
269,track_0398173,artist_338447,ambient|soundtrack,-0.018085029949157377,0.004279696934938981,0.004212975149338621,1
270,track_0398179,artist_338447,ambient|easylistening|pop|soundtrack,0.01330951384750998,-0.033931399794089975,-0.017695701220546974,2
271,track_0398190,artist_352428,pop|singersongwriter,-0.007646577645681606,-0.01608823644797156,-0.006760580796885586,1
272,track_0399350,artist_008094,electronic,-0.04199943942214829,-0.007042775609022999,0.008082547879777469,1
273,track_0399359,artist_008094,electronic,-0.024451060701909767,0.023406220849841,0.005726366361305093,1
274,track_0399465,artist_008094,electronic,-0.03902760399474991,-0.01704397141265539,0.00806877373881128,1
275,track_0399526,artist_008094,electronic,-0.0367339378100393,-0.013269302494487802,0.012048452235133695,1
276,track_0399926,artist_351221,electronic|progressive|trance,0.029694431033984846,0.02225592972493694,0.0021649642081687168,2
277,track_0400857,artist_004934,ambient|easylistening|electronic,0.007825382998303177,-0.020848000177229587,-0.009144255869231347,2
278,track_0400865,artist_004934,easylistening|electronic|lounge,0.015851563896617172,-0.01958685201907738,-0.007054689631001737,2
279,track_0400873,artist_004934,easylistening|electronic|lounge,0.01910831876544154,-0.016672084991998647,-0.005463819011352146,2
280,track_0402057,artist_002740,easylistening|soundtrack,-0.06602963024183543,-0.018061291717318132,0.025745058405452898,1
281,track_0414050,artist_003786,classical|easylistening,-0.043738544838259154,0.009631025150354976,0.016008689843688553,1
282,track_0416873,artist_337741,alternative|ambient|atmospheric|darkambient|experimental|psychedelic,0.011967623258032712,-0.01184998013602657,-0.006284630301587232,2
283,track_0417579,artist_361044,easylistening|newage,-0.01218895270320855,-0.00073346000376763,0.005712747836537829,1
284,track_0417626,artist_361044,folk,-0.012376749928455255,0.024315822172915,0.0019291459833234556,1
285,track_0425626,artist_005721,dance|electronic|trance,0.026516010481272046,0.02031975890667053,-0.0031797577843812375,2
286,track_0425765,artist_348064,classical|electronic,0.029458316161029813,-0.0031026233549691536,0.00298244737664852,2
287,track_0432813,artist_353741,dance|oriental|techno,0.05307337489531263,0.009192091994191126,0.03056148847103981,2
288,track_0433642,artist_337741,ambient|atmospheric|electronic|newage|psychedelic,0.007418698793710529,-0.02390777658707514,-0.012564769461372924,2
289,track_0433650,artist_337741,alternative|ambient|atmospheric|experimental|newage|psychedelic,-0.032177831372309916,-0.0031260320616720016,0.01187740757895853,1
290,track_0442226,artist_003786,easylistening|newage,-0.02181755695034044,0.015602377831607188,0.00758959425736917,1
291,track_0442257,artist_003786,classical|easylistening,-0.03729495548438969,0.0008593575437755436,0.013794318664864195,1
292,track_0450990,artist_007063,electronic|industrial|pop|rock,0.018724909442873264,0.0271423893520745,-0.008096968606238443,2
293,track_0457238,artist_338779,folk|soundtrack,-0.004855550352912601,-0.01947375483834367,-0.006063772723193619,1
294,track_0459442,artist_352860,ambient|easylistening,-0.01408936600516988,0.024428312626454684,0.0018232741067423746,1
295,track_0461013,artist_352042,ambient|instrumentalrock|metal|rock,-0.004790928511027113,0.02082636856576997,-0.0023305114107259927,1
296,track_0466290,artist_341968,atmospheric|instrumentalrock|jazzfusion|pop,-0.008208959385879674,0.03343445394668706,0.0007527835741445803,1
297,track_0467954,artist_007506,electronic|techno|trance,0.008994825296645614,0.030931474668943394,-0.005595716521569068,2
298,track_0467990,artist_348313,blues|instrumentalrock,-0.016982022694466064,0.0326601442276399,0.0028629746164575104,1
299,track_0477313,artist_355362,orchestral|soundtrack|world,-0.03549007380393831,-0.013701366763662395,0.004735253717564204,1
300,track_0489238,artist_005801,folk|newage,-0.0008501612887948559,-0.017729443732821943,-0.007083571111713282,1
301,track_0492313,artist_338108,ambient|classical|orchestral,-0.03472706631736904,-0.0021404275995323013,0.004606376209975803,1
302,track_0493957,artist_352844,classical|easylistening,-0.028748763127600042,-0.010884816275569711,0.005699166880663763,1
303,track_0502326,artist_002189,ambient|chillout|easylistening,-0.0018513925366861106,0.0057078711786714715,0.00258507187187369,1
304,track_0506957,artist_356482,alternative|choir|experimental|orchestral,-0.02030827970059997,-0.01842361468015132,0.0012640102525761652,1
305,track_0513479,artist_356880,electronic|electropop,0.028667098059158437,-0.006717166621745124,0.004385125031620284,2
306,track_0516738,artist_353520,ambient|electronic,-0.002149365787747107,-0.016518155660752955,-0.007301280833485351,1
307,track_0516742,artist_340121,ambient|atmospheric|newage|soundtrack,-0.03401238574861149,-0.010911974096017107,0.006233790375574499,1
308,track_0516750,artist_340121,ambient|atmospheric|electronic,-0.03139171175844865,0.013660692899243454,0.010035818322548507,1
309,track_0519565,artist_356877,electropop|pop|synthpop,0.0030731416696295117,-0.021170866593437573,-0.007649896692422148,2
310,track_0520926,artist_357359,electropop|hiphop|pop,0.021058837063373408,-0.01850545317357868,-0.007169705733109346,2
311,track_0523750,artist_355889,ambient|chillout|easylistening|electronic,0.010065278102562839,-0.029510206753683457,-0.012149190608732586,2
312,track_0523754,artist_355889,ambient|chillout|easylistening|electronic,0.005901496924637876,-0.013399113966984504,-0.005421787473966574,2
313,track_0523757,artist_355889,ambient|chillout|easylistening|electronic,-0.01973318978607981,-0.00995765678067056,0.0012063851468860083,1
314,track_0530326,artist_357887,ambient|dub|triphop,-0.013997797918367241,0.029146641333915965,0.0005543669014880812,1
315,track_0536673,artist_341968,ambient|classical|latin,0.02400664983460751,-0.007743920697517297,-0.003442134561089618,2
316,track_0541013,artist_358348,ambient|gothic,-0.020764117953431242,-0.014251132125895542,-0.001358721022601572,1
317,track_0541038,artist_337114,pop,0.029638703441321,-0.003329137300235875,0.005056074617289729,2
318,track_0556950,artist_358348,ambient|gothic,-0.010044519971570763,-0.0097246885647433,-0.0014371826383408567,1
319,track_0568126,artist_359452,dance|disco|electronica|eurodance,0.003985532893743799,0.004040387347349837,0.005786235235170095,2
320,track_0572373,artist_351213,alternative|singersongwriter|symphonic,-0.022492354345001603,0.011546027376091854,0.004610405977192053,1
321,track_0575226,artist_004116,folk,-0.006742894584826912,-0.00981533816048986,-0.007054973665522159,1
322,track_0575457,artist_347359,pop|popfolk|singersongwriter,-0.0004926140014495048,-0.03580689680793231,-0.018292043581496286,1
323,track_0575750,artist_359735,rap,0.007353592727461554,-0.019003843124109552,-0.009057598786845433,2
324,track_0577965,artist_359828,trance,0.04202825414692399,0.03361772267803445,-0.0019486000221091548,2
325,track_0579642,artist_007063,folk|pop|rock|soundtrack,0.016412217157657498,-0.005558231148112905,-0.012380190390350149,2
326,track_0579913,artist_007063,folk|pop|rock,0.019708099166487993,-0.008300613542455778,-0.014688092097975457,2
327,track_0589242,artist_002740,orchestral|soundtrack,0.00726053606123291,0.008326502597139884,-0.004420953940154904,2
328,track_0589338,artist_359735,,0.015453959635523677,-0.01476302202212503,-0.0043924012439023295,2
329,track_0589413,artist_355362,orchestral|soundtrack|world,-0.031919143669363347,-0.025258119123810954,-0.0062537312814741845,1
330,track_0590279,artist_353741,gothic|metal|symphonic,0.010915257363844822,-0.023671035360016718,-0.01563424202062956,2
331,track_0592190,artist_350716,industrial,-0.028309800123672103,-0.022079692714487398,0.008257516058928173,1
332,track_0594259,artist_358060,downtempo|folk|soundtrack,0.005159606981620014,0.01350588855868225,-0.0023389053829776375,2
333,track_0594265,artist_358060,downtempo|folk|soundtrack,0.007458563065094981,-0.0019438064176774204,-0.006702449280090043,2
334,track_0594465,artist_003786,chillout|easylistening,-0.005403199674107776,-0.015458885379304963,-0.006021616680718425,1
335,track_0597313,artist_001336,ambient|easylistening|electronic,-0.003562148050234129,0.05833168899865077,-0.020745034781856662,1
336,track_0600059,artist_341323,atmospheric|chillout|easylistening|newage,-0.0066489112610373146,0.04336168162717904,-0.00478193819426772,1
337,track_0608913,artist_361274,chillout|easylistening|lounge,-0.03672026885867931,-0.025814385645374582,0.008811282097228293,1
338,track_0618542,artist_361694,orchestral|soundtrack,-0.05005736344169581,-0.014268124912323328,0.017058898804185124,1
339,track_0618550,artist_361694,orchestral|soundtrack,-0.049161232713367746,-0.006383139330065353,0.016158190907816127,1
340,track_0620613,artist_002189,ambient|easylistening|electronic|lounge,0.016095031654783806,-0.017544319875634887,-0.00628523930342762,2
341,track_0625038,artist_354405,ambient|experimental|orchestral|soundtrack,-0.020441202388870098,-0.025085323311069423,-0.0020418879205500616,1
342,track_0628550,artist_352130,metal|rock,-0.000422899062745045,0.005665252282770406,-0.007141840572373911,1
343,track_0628865,artist_343151,progressive|techno|trance,0.0322913707222608,0.006614357073212996,0.019170701207274588,2
344,track_0635242,artist_337741,ambient|atmospheric|electronica|newage,0.01902289050674301,-0.02077321132331178,-0.009736114461353534,2
345,track_0636313,artist_344764,classical|orchestral|symphonic,-0.02196115916976219,-0.008014377314811402,0.002458447917138423,1
346,track_0638065,artist_343433,club|trance,0.03234212606316696,0.026656205168364866,-0.001339405661391393,2
347,track_0647257,artist_347673,poprock|psychedelic|soundtrack,-0.003246035576704522,0.1461934065057371,-0.04438315907598435,1
348,track_0647259,artist_347673,poprock|psychedelic|soundtrack,-0.005931782929198159,-0.015043646457370408,-0.004262460519017955,1
349,track_0647538,artist_359034,hiphop|triphop,0.0025861267185023984,0.009577831030752602,-0.0008851593896668849,2
350,track_0647559,artist_359034,hiphop|triphop,0.010987712572366212,-0.009882126391166625,-0.007267205597119719,2
351,track_0653313,artist_363229,ethno|newage|world,-0.0023480704955336864,0.017883107859518882,-0.00033933779803310986,1
352,track_0659890,artist_359034,experimental|hiphop|triphop,0.004215085235390075,0.02102712366015759,-0.001142165008843645,2
353,track_0660442,artist_008094,,-0.02698749799801296,-0.0060835732958488,0.00775370891166841,1
354,track_0660454,artist_008094,,-0.04062375801642967,-0.011560168946923573,0.014033319554872204,1
355,track_0660479,artist_008094,,-0.016592554273429806,0.0219680731850724,0.003089814855848157,1
356,track_0661313,artist_008094,electronic,-0.029891040772368645,-0.022024091427047247,0.0023603915619526527,1
357,track_0661542,artist_362501,jazzfunk|pop,0.02510613454804496,-0.0217591355434925,-0.00710159925636219,2
358,track_0661754,artist_363592,hiphop|jazz|swing,0.0009574719216055627,0.008265658061085696,-0.004801074723710939,2
359,track_0661757,artist_363592,hiphop|jazz|swing,0.015224352419327675,-0.02578367651342744,-0.011437408179593437,2
360,track_0662050,artist_362501,70s|jazzfunk|pop,0.058598027561956964,-0.0494991139725806,-0.015896885146309804,2
361,track_0662054,artist_362501,70s|acidjazz|funk,0.029252116669766667,-0.029566344029333818,-0.010026301518963296,2
362,track_0662057,artist_362501,70s|latin|pop,0.015461773234354428,-0.00388143272891877,-0.006975520228982781,2
363,track_0662059,artist_362501,60s|jazz|pop,0.023102988803422916,-0.011062054364330264,-0.004534367498013834,2
364,track_0662090,artist_362501,70s|funk|pop,0.03996790258207904,-0.01098990099480563,-0.004995119997042029,2
365,track_0662190,artist_362501,70s|latin|pop,-0.010954744172713738,0.0683841508489335,-0.0015412431190842694,1
366,track_0662442,artist_008094,electronic,-0.017429724555114826,-0.017399243652584995,-0.00039907270451764446,1
367,track_0665113,artist_341642,chillout|downtempo|electronic,0.005704707628748885,-0.0060455614617955095,-0.00022236047345508748,2
368,track_0666759,artist_008004,ambient|chillout|easylistening|electronic|triphop,0.011804497794903961,-0.0008144284668931048,-0.002296871383539003,2
369,track_0671173,artist_362935,ambient|easylistening|experimental,0.010090069291171738,-0.02347044336600077,-0.012755128252487874,2
370,track_0671179,artist_362935,ambient|easylistening|experimental,-0.02486113812386428,0.006121632322129661,0.014154834715932171,1
371,track_0678073,artist_355460,electronic,0.03068871641525111,0.0067645195933937795,0.009807414565746667,2
372,track_0682338,artist_340121,ambient|classical|orchestral|soundtrack,-0.03264935987404083,-0.009904702520485717,0.008743423679138055,1
373,track_0682365,artist_340121,choir|classical|orchestral|soundtrack|symphonic,-0.03479836116871764,-0.03142056561626952,0.002771245414567727,1
374,track_0685850,artist_357317,90s|dance|electronic|eurodance|trance,0.008835046783956845,0.004885884299483757,-0.00014532787233312956,2
375,track_0686357,artist_351437,ambient|chillout|electronic|lounge,-0.0024835034878659124,-0.013138057205211304,-0.0027678991355961913,1
376,track_0686359,artist_351437,ambient|chillout|electronic|lounge,-0.04408764777077818,-0.003250933101220083,0.015088865721441906,1
377,track_0692954,artist_356877,80s|electropop|pop,0.040443250093339635,-0.0008942573304207716,0.017841061626628633,2
378,track_0693473,artist_357317,90s|dance|electronic|hard|techno,0.03437566029876206,-0.000938430262815751,0.009666638264192343,2
379,track_0693479,artist_357317,90s|dance|electronic|eurodance,0.010174095188209721,0.02122382701810541,-0.00016478172927350958,2
380,track_0694450,artist_005721,dance|electronic|pop,0.016232682113530447,-0.0036008670778872485,-0.0019858842552241086,2
381,track_0698138,artist_356877,funk|pop|rap,0.031205916221214422,-0.027846211938089113,-0.009840093909356553,2
382,track_0699090,artist_351032,electronic,0.007115342166836487,0.031135099354694554,-0.003084475965926418,2
383,track_0700573,artist_352114,easylistening|minimal,-0.02295956034881825,-0.0126781167513775,0.005897390311458909,1
384,track_0701779,artist_003581,disco|electronic|funk,-0.0005227693161441295,0.003336473527898649,-0.0037285520123764996,1
385,track_0703954,artist_340121,classical|orchestral|soundtrack|symphonic,-0.090672655246227,-0.005131890653650083,0.0281792776110068,1
386,track_0704157,artist_352844,classical,-0.02693365824431262,-0.010905615491205813,0.00822919047744197,1
387,track_0704838,artist_357317,dance|electronic|techno,0.018573113914471636,0.021191106607240703,0.0001924709306299663,2
388,track_0704842,artist_357317,dance|electronic|eurodance|house,0.013055004271771264,0.017783353690004573,-0.005858847572107268,2
389,track_0707473,artist_356678,celtic|classical|medieval|symphonic,-0.006508384336737377,0.006456820995655039,-0.003860541478874482,1
390,track_0708459,artist_341323,ambient|easylistening|newage,0.008034385276312245,-0.006282131464104211,-0.0049985205559897735,2
391,track_0715554,artist_002656,pop|poprock|soundtrack,0.015263707538858992,-0.008214185030112661,-0.010143718062785653,2
392,track_0715557,artist_002656,lounge|newage|soundtrack,-0.011133408347710958,-0.008724511141154754,0.0035683564152087614,1
393,track_0719759,artist_356877,ambient|classical|orchestral,-0.02015758181600574,0.0013960250970355813,0.0068712596054032555,1
394,track_0719850,artist_366162,fusion|improvisation|jazz|rnb,0.03100175230599646,-0.026967573187774367,-0.00814842501803806,2
395,track_0719854,artist_366162,jazz,0.0015336174490408428,-0.0003369082446317947,-0.004719907539212692,2
396,track_0725213,artist_366456,ambient|chillout|lounge|newage,0.021397744210157516,-0.03751833601673762,-0.017027098950966796,2
397,track_0728926,artist_004934,club|deephouse|disco,0.03204791044555519,0.01941088818636278,0.005522677786807106,2
398,track_0733157,artist_366701,ambient|jazz|soundtrack,-0.009529278394460047,0.00924601910732932,0.0007933311282109219,1
399,track_0736790,artist_355362,soundtrack,-0.055977101846634444,-0.013960647383487177,0.018032150051365194,1
400,track_0742879,artist_341355,orchestral|soundtrack,-0.006959307000173862,0.022269792219808064,-0.0032915912642131192,1
401,track_0743013,artist_337281,house|progressive,0.04064841702664547,0.007201266919689071,0.021173056781477642,2
402,track_0743965,artist_338582,jazz,-0.02925953860314978,0.0062944057565119185,0.008061030540928181,1
403,track_0747438,artist_337741,ambient|newage|progressive|psychedelic,0.03184113156720262,-0.02946031941531082,-0.014510581370486435,2
404,track_0747442,artist_337741,ambient|newage|progressive|psychedelic,0.01953897489818888,0.003640475201764805,-0.0011800542347078892,2
405,track_0749613,artist_357317,90s|dance|electronic|eurodance,0.024099449462697698,0.0212325372690279,0.00015170522083381567,2
406,track_0750679,artist_363229,ambient|newage|soundtrack|world,0.001183027425507596,0.019438086505363647,3.778794817042456e-05,2
407,track_0751965,artist_367696,classical|improvisation,-0.0251613211738459,-0.01130598885282866,0.005508674183965048,1
408,track_0753526,artist_351712,atmospheric|easylistening|soundtrack,-0.017816701334047447,0.005568625621324742,0.0025614812521909626,1
409,track_0756226,artist_002189,downtempo|electronic,-0.005240615165982221,0.0007254347051904727,-0.006973785185198251,1
410,track_0759290,artist_350333,soundtrack,-0.0013532577729356403,0.0024278750289121543,-0.009078804225401381,1
411,track_0759338,artist_367988,ambient|chillout|orchestral,-0.025462500048806624,-0.001072870911927848,0.007831953467484717,1
412,track_0759342,artist_367988,ambient|chillout|orchestral,-0.008936003682518743,-0.0031898361507746026,0.004109094462838206,1
413,track_0759750,artist_363229,ambient|newage|soundtrack|world,-0.012664250758175219,0.014872400675859614,-0.0016233988225449194,1
414,track_0769426,artist_363229,folk|newage|soundtrack|world,0.01274074900420759,-0.011282867314006208,-0.005802235474541131,2
415,track_0769790,artist_366613,classical|improvisation,-0.03943848824056598,-0.012167808774099967,0.010893298512006896,1
416,track_0770973,artist_367334,,-0.021631593920136458,-0.009832718545681574,0.003838265368513276,1
417,track_0771290,artist_359034,chillout|electronic|experimental|hiphop,0.014906422171761654,-0.014487555806967265,-0.00589688909288054,2
418,track_0774865,artist_005240,dance|electronic|lounge,0.02616600521099764,-0.01601677892513272,-0.011212928243076563,2
419,track_0778565,artist_366613,classical|orchestral|soundtrack,-0.05620420746686319,-0.013960800645638679,0.019959589672332873,1
420,track_0783250,artist_369008,ambient|easylistening|orchestral|soundtrack,-0.018825077123522594,0.0071467754800228715,0.0037463796874828265,1
421,track_0783626,artist_369019,orchestral|soundtrack,0.014093040591448993,-0.009388956952078741,-0.0018225660857173677,2
422,track_0784526,artist_002189,ambient|downtempo|electronic,0.011283930921389617,-0.019343261735497993,-0.01470629131059208,2
423,track_0785413,artist_007805,folk|lounge|soundtrack,-0.018115485816021983,0.04852395216060685,0.0021824041249165656,1
424,track_0785642,artist_007805,folk|popfolk,-0.016579829924872534,-0.005941125755832092,0.0017752620760905272,1
425,track_0785650,artist_007805,ambient|folk|soundtrack,0.010329370997964495,-0.014146965175442342,-0.006599379466826881,2
426,track_0786779,artist_369180,ambient|electronic|soundtrack,0.0007569176431228814,-0.015415209215343922,-0.0058741599170132885,2
427,track_0789879,artist_007597,ambient|electronic|soundtrack,0.00285609293595013,-0.015033303381520124,-0.005462972493077838,2
428,track_0790654,artist_364644,soundtrack,-0.021281831330136974,-0.010731132556022281,0.0070103105831123115,1
429,track_0790657,artist_364644,soundtrack,-0.04798232090006099,-0.0010140330298864378,0.01613871993861313,1
430,track_0790659,artist_364644,soundtrack,-0.00574954230858696,-0.005081498551937588,-0.005095545851348595,1
431,track_0791690,artist_364644,hiphop|soundtrack,0.013396395930717515,-0.022548410749089746,-0.014760644502066838,2
432,track_0792442,artist_361501,atmospheric|chillout|downtempo|electronic,0.006012237037686918,0.003731820178995649,-0.002259340792597308,2
433,track_0795726,artist_369534,ambient|atmospheric|soundtrack,-0.005854545478401108,0.04726617494618471,-0.006580561557287147,1
434,track_0799226,artist_370191,celtic|classical|medieval|orchestral|soundtrack,-0.03024705521021343,-0.014665509326546877,0.006370304344863397,1
435,track_0801459,artist_347916,alternative|indie|pop|rock,0.02130372853901817,-0.0007930101206456823,0.005124864685291173,2
436,track_0802279,artist_359034,hiphop|jazz|rap|triphop,0.02593313620918761,-0.03460181119764862,-0.016677721173069246,2
437,track_0802326,artist_359034,hiphop|rap,0.010900933357309385,-0.02567799206966863,-0.016101013872203186,2
438,track_0806979,artist_370314,80s|hardrock|rock,-0.00175950774901972,0.007578338267577872,-0.010951238272746721,1
439,track_0809473,artist_006899,ambient|electronic|ethnicrock|newage,0.003481179767039754,0.007078323678440934,-0.00919435071409305,2
440,track_0811126,artist_356592,orchestral|soundtrack,-0.0075862437827000926,0.002574642421220916,-0.00394182193354975,1
441,track_0811238,artist_344764,classical|orchestral|symphonic,-0.008883057346754764,-0.0030971338334731115,-0.002715738513281276,1
442,track_0811242,artist_344764,classical,-0.01929070833971366,-0.01448816832182255,0.004667397212221556,1
443,track_0812226,artist_370759,newage,-0.031125346018407624,0.002368776007240176,0.010172824916936423,1
444,track_0812326,artist_370759,newage,-0.03618100031326299,-0.007943844552298398,0.012076747982527386,1
445,track_0816750,artist_370714,ambient,-0.020350408799017315,-0.01696557486136981,0.0017071599326045767,1
446,track_0817326,artist_340262,fusion|world,0.02179799543629645,0.0029035282882345984,-0.004671320469788087,2
447,track_0817638,artist_363229,newage,0.008022164867575421,-0.0050617280292996275,-0.005957243012016129,2
448,track_0818613,artist_002740,easylistening|soundtrack,-0.0028903504679803696,-0.01744624717430557,-0.005450350918623591,1
449,track_0827326,artist_002656,ambient|soundtrack|trance,-0.008625121181771354,0.005797598494218045,-0.0004222504511070924,1
450,track_0833459,artist_371031,electronic|pop|rnb|trance,-0.000273632198779052,0.02110680164785683,-0.0010856561320714303,1
451,track_0834579,artist_002741,easylistening|electronic|newage,0.007265875448333556,-0.021388652675907435,-0.010728934120789296,2
452,track_0836526,artist_352870,pop|poprock|rock,-0.022363749093268596,0.037950178746536174,0.003312253939146214,1
453,track_0840573,artist_371727,ambient,0.022408176792128243,-0.04120085959866236,-0.02793034518975968,2
454,track_0843213,artist_363229,folk|newage|orchestral|world,-0.001509689375921845,0.0052502956905998155,-0.006458422151205532,1
455,track_0844690,artist_002323,ambient|electronic|rock,0.011815011012495179,0.02711096759563587,-0.004543393643443491,2
456,track_0856979,artist_004812,breakbeat|electronic,0.045155952235155915,-0.001126575497885867,0.007467886673492614,2
457,track_0857157,artist_373002,ambient|chillout|downtempo|lounge,0.007362910691571927,-0.01790855075503698,-0.007558891394012231,2
458,track_0858538,artist_342854,classical,-0.034192955918886,-0.012865871287898891,0.007005252820352245,1
459,track_0858542,artist_342854,classical,-0.030408296514008122,0.026495205882590984,0.005630541210102347,1
460,track_0858550,artist_342854,classical|soundtrack,-0.037324479319325594,-0.006019281628419573,0.011175996352738311,1
461,track_0858779,artist_373214,classical|electronic|soundtrack,0.02521235809149651,-0.02679519199654352,-0.013251708168145209,2
462,track_0859973,artist_337741,ambient|newage|psychedelic,0.01821873251492101,-0.0006614221002867548,-0.004202442471431436,2
463,track_0865438,artist_371727,ambient|pop|psychedelic,-0.02390897334705393,-0.01064814572065315,0.005272804789396625,1
464,track_0866765,artist_369180,easylistening|electronic|soundtrack,-0.03786119633888593,0.009873738813664865,0.01440957118526008,1
465,track_0868290,artist_357359,hiphop|pop|rap,0.02246217044465257,0.03293835421487302,0.0009785733352711036,2
466,track_0871050,artist_002034,ambient,-0.028117326212726484,-0.01605639331467306,0.00597237067102169,1
467,track_0873138,artist_347673,classical,-0.056467858614947096,0.0014750301446611333,0.013376039327051515,1
468,track_0873154,artist_347673,classical,-0.03320992902232586,0.03186953919969268,0.009198916635096074,1
469,track_0873554,artist_366162,fusion|improvisation|jazz,0.026717392662655638,-0.009436251822414818,0.00038899552621031555,2
470,track_0873559,artist_366162,fusion|improvisation|jazz,0.030140705486960805,-0.012594743855474263,-0.0006697755466513639,2
471,track_0873565,artist_366162,fusion|improvisation|jazz,0.036020241554236936,-0.010110256168806437,0.0015694216405773224,2
472,track_0873613,artist_338447,ambient|easylistening|orchestral|soundtrack,-0.01115396022343861,-0.020025899544306478,-0.0034158872761188256,1
473,track_0874650,artist_338582,classical|soundtrack,-0.042265203745681705,-0.0027225395613793618,0.013433906496256181,1
474,track_0874890,artist_357317,90s|dance|electronic|trance,0.037419694559988316,0.03176996242692363,-0.0005190495785019765,2
475,track_0875373,artist_337741,ambient|electronic|newage|psychedelic,0.024112430240834384,-0.010554511961775363,-0.000356229701328945,2
476,track_0875379,artist_337741,ambient|electronic|newage|psychedelic,-0.011074485696873979,0.037286830118142725,0.0001390337763732016,1
477,track_0877426,artist_366067,newage,0.014531282789950646,-0.017941788368208336,-0.010360656646501959,2
478,track_0879142,artist_375104,dance,-0.002570502946849293,0.036511423182565,-0.0011011712060033972,1
479,track_0879150,artist_375104,dance,0.09375035923595823,0.013934406214694996,0.4957411632967263,2
480,track_0880665,artist_357317,dance|electronic|trance,0.04432974229549446,0.04031163609771735,0.0014327527317818185,2
481,track_0880865,artist_006278,ambient|soundtrack,-0.001287578198780507,-0.007181012611362193,-0.0002483686647315204,1
482,track_0884126,artist_373067,pop,-0.020525466343101022,0.019589479154606168,0.0008867765588757708,1
483,track_0884659,artist_357291,progressive|psychedelic|soundtrack,-0.0030219438821778525,-0.01473281516365291,-0.006396860010338613,1
484,track_0884865,artist_363229,newage|world,-0.015472915739210601,-0.013497752544844215,-0.0002613702435913323,1
485,track_0887659,artist_002816,electronic|hiphop|rap,0.01766786999332223,-0.01957287665164116,-0.013730350980811231,2
486,track_0888290,artist_357317,90s|dance|trance,0.01922945114364986,0.011432207999581393,-0.004487245698296569,2
487,track_0889265,artist_007862,deephouse|electronic|house|lounge,0.02979261093303568,-0.015002059805944686,-0.0057785404049169155,2
488,track_0890459,artist_340121,ambient|atmospheric|classical|electronic|orchestral|soundtrack,-0.0441809124840999,-0.0055712280563165965,0.015628828689534885,1
489,track_0890465,artist_340121,ambient|atmospheric|classical|electronic|orchestral|soundtrack,-0.050506102890854915,-0.009447778108645683,0.018143363631576002,1
490,track_0890565,artist_340121,ambient|choir|classical|darkwave|electronic|soundtrack,-0.04268655787852199,0.05734638310010714,0.006075770826510533,1
491,track_0890979,artist_362390,jazz,-0.010129729233338765,-0.008144559512343066,-0.0049353169210388185,1
492,track_0891038,artist_362390,jazz,-0.021038348437754192,0.027373653303629245,0.0034071626163399925,1
493,track_0893426,artist_356592,classical|soundtrack,-0.005623630782204985,-0.0015288472013741258,0.0021649664750582084,1
494,track_0900242,artist_005240,classical|orchestral|soundtrack,0.0021826543329826467,0.01730480668978008,0.00010918346388769838,2
495,track_0900713,artist_378701,ambient,0.009268971205126236,0.009694081590348663,0.0006173855664788676,2
496,track_0900726,artist_378587,newage|soundtrack,-0.03692566125257337,0.04030483091050198,0.006572802593155569,1
497,track_0902079,artist_341542,alternative|indie|pop|soundtrack,0.008807259593980571,-0.003174746469747633,-0.00749228050115105,2
498,track_0902226,artist_339527,alternative|blues|country|folk|singersongwriter,-0.012088441239034452,0.0017307506496275907,-0.00020763590788697544,1
499,track_0902713,artist_001885,rock,0.0007331933157452994,0.011750182634137721,-0.004620977757835675,2
500,track_0903590,artist_347673,classical|easylistening,-0.02145417335950853,-0.009406870046643416,0.0025527617793914595,1
501,track_0908059,artist_365142,ambient|chillout|soundtrack,0.00517543799613975,0.016153764453079762,-0.0030845819635773753,2
502,track_0908090,artist_365142,newage|soundtrack|world,0.014330411414835341,-0.01826894397524847,-0.008647703426809544,2
503,track_0911357,artist_369180,electronic|techno|trance,0.03073099311090384,0.006169184972384675,0.006032892552956002,2
504,track_0911679,artist_345894,african|dance|tribal|world,-0.01997779256874447,-0.0011168623660083653,0.004859956346975569,1
505,track_0912259,artist_355362,orchestral|soundtrack|world,-0.016377183068192004,-0.014637545882311222,-0.004018170175044056,1
506,track_0912573,artist_349009,dance|electronic|rock,0.00842458684575154,-0.002406369822130737,-0.007306956400265809,2
507,track_0913290,artist_007063,electronic|pop|rock,0.011281811426083643,-0.018506132461855517,-0.008879645229601172,2
508,track_0914550,artist_341542,alternative|indie|pop,-0.001014594637939774,-0.0041930799651070496,-0.009406210713252226,1
509,track_0915579,artist_341393,blues|experimental,0.011516535488138116,-0.023114412696989446,-0.009964686107948699,2
510,track_0915738,artist_341393,blues|experimental,0.0020149425477359937,0.025170015035447253,-0.0010355286883693001,2
511,track_0916090,artist_362935,choir|electronic|orchestral|soundtrack,0.015264417872758894,-0.009676717022965535,-0.011922055200100262,2
512,track_0916173,artist_002208,easylistening|electronic|experimental,0.023109469794960293,-0.001084039943282619,-7.057373140642321e-05,2
513,track_0916879,artist_007584,ambient|chillout|electronic,-0.010491889190731166,0.0549279918493339,-0.008820960197620442,1
514,track_0919938,artist_352814,drumnbass|electronic,0.023980349547624315,-0.02336845945193762,-0.008058789210344931,2
515,track_0919942,artist_352814,drumnbass|electronic,0.027060864344177944,-0.03326900996784128,-0.014839283355743112,2
516,track_0921757,artist_419285,experimental|folk|newage|soundtrack,0.009024254554387517,-0.01707870621231741,-0.010381923966444346,2
517,track_0922938,artist_362433,jazz|swing,0.01632973037577462,-0.0021981162422315946,0.0033494699127388575,2
518,track_0925526,artist_347673,classical,-0.015306515676220135,-0.015864273650602605,0.0038302970631563585,1
519,track_0934042,artist_007805,folk|popfolk,0.005604599206476121,-0.008859803230513967,-0.014732792340622665,2
520,track_0934050,artist_007805,folk|popfolk,0.004951139744495555,-0.011458739907830407,-0.008748741460648007,2
521,track_0935513,artist_007584,postrock|rock,-0.005104624460871933,-0.017845867448258057,-0.006254715419623052,1
522,track_0938065,artist_007805,folk|popfolk,0.0180139498920526,-0.024447946665363325,-0.016798891827638506,2
523,track_0938079,artist_366415,ambient|instrumentalpop|pop,-0.004078714779883189,-0.020444986570884265,-0.00850501309826624,1
524,track_0938326,artist_355753,alternative|poprock,-0.021473521318600523,0.023588196441420396,0.006361576356069438,1
525,track_0941154,artist_343767,folk|pop|popfolk|singersongwriter,-0.025065763048881418,0.02016228006136261,0.0038832919543983053,1
526,track_0941157,artist_343767,folk|pop|popfolk|singersongwriter,-0.0021944797492075927,0.02195078238606668,-0.0023749671165478655,1
527,track_0941159,artist_343767,folk|pop|popfolk|singersongwriter,-0.051471401132875065,0.0010707170264961606,0.013092430888109881,1
528,track_0941854,artist_366549,dance|electronic,0.025101402407648916,-0.0063043931064637355,0.005477970533675152,2
529,track_0941857,artist_366549,dance|trance,0.027758949517456846,0.02575065329103101,-0.001132534071200599,2
530,track_0944926,artist_338779,folk|soundtrack,-0.00550215647996289,-0.002896255341157826,-0.002389144417144049,1
531,track_0944979,artist_341049,ambient|easylistening,0.0017772440101739386,7.223829369714299e-05,0.0029686403058604375,2
532,track_0945026,artist_355362,orchestral|soundtrack|world,-0.03283531540520747,0.02541156847844823,0.010146787405663424,1
533,track_0946413,artist_005240,dance|disco|techno,0.02222753058689147,0.002394534415325943,0.0016701366053107772,2
534,track_0949226,artist_005240,classical|soundtrack,-0.025551271155828607,0.004846600603166753,0.009464361492332077,1
535,track_0950579,artist_340262,ambient|classical|newage,-0.02256926076995684,-0.015833119377686822,0.0021601262646744994,1
536,track_0951879,artist_347673,classical|popfolk|poprock|progressive,-0.04850980584925409,-0.022808728062625048,0.0053437917102225575,1
537,track_0951890,artist_347673,classical|popfolk|poprock|progressive,-0.028873270619110283,-0.0028809848613510006,0.007237288078868398,1
538,track_0952490,artist_361044,celtic|easylistening|newage,0.0160085678687207,-0.013737568399955425,-0.013124888652370366,2
539,track_0952690,artist_341323,acidjazz|ambient|chillout|funk|fusion|groove|lounge,0.026939478390292072,0.004182793011698326,-0.004609375171327343,2
540,track_0955654,artist_363229,ambient|newage|world,0.0008668863463619215,-0.023168806799909337,-0.012618410317326662,2
541,track_0956242,artist_369472,classical|orchestral|soundtrack,-0.026418495490324267,-0.013477833315182961,0.003686419073354427,1
542,track_0956550,artist_366613,classical,-0.05060592317435593,-0.027923121663206922,0.01693905826778233,1
543,track_0957413,artist_363229,folk|newage|world,0.003853206106530801,-0.01380392968909998,-0.009502057348187458,2
544,track_0957754,artist_005801,classical|minimal|newage,-0.03483428748404265,0.021201866740663367,0.009471378483425032,1
545,track_0957938,artist_420364,ambient|electronic|rock|techno,-0.0019218029460439793,0.004607470250881298,-0.002145070053514062,1
546,track_0958479,artist_005801,classical|newage|soundtrack,-0.03242855851159189,0.022800664427556027,0.009842479498407355,1
547,track_0958857,artist_340947,orchestral|soundtrack|symphonic,-0.03904664279128168,0.024166715481567253,0.012167705995222624,1
548,track_0959154,artist_366613,ambient|classical|soundtrack,-0.053131070227900215,-0.025814397832853258,0.016773063705865666,1
549,track_0959157,artist_366613,ambient|classical|soundtrack,-0.05412409086188606,-0.03253565092355548,0.016421483188006514,1
550,track_0961259,artist_356592,classical|orchestral|soundtrack,0.002357119585210437,-0.027317096528817794,-0.01088028019293324,2
551,track_0961954,artist_423996,experimental,-0.035627931400962154,-0.007868702270937757,0.013703762999768002,1
552,track_0963790,artist_348254,electronic,-0.0013372561250177553,0.12825220915955865,-0.040330727607950985,1
553,track_0964538,artist_424916,electropop|jazz|pop,0.013559009345441539,0.014475953097335218,0.001038838913132186,2
554,track_0964542,artist_424916,jazz|pop,0.021753896051814773,-0.01208117794817467,-0.011267231651344524,2
555,track_0965313,artist_367887,classical,-0.01364210421371184,-0.0148986117398803,-0.0012274006289988636,1
556,track_0965438,artist_367887,classical,-0.023004903076184594,0.02559649804166402,0.0018019275503659382,1
557,track_0965442,artist_367887,classical,0.002808811105453997,-0.021980047746545106,-0.008688501473660806,2
558,track_0965450,artist_367887,classical,0.005702271177809051,-0.031361655444846294,-0.013242937049191519,2
559,track_0965790,artist_423996,experimental,0.006351798490713283,0.00014603608641451882,-0.003959665363438541,2
560,track_0966113,artist_005801,electronic|progressive,-0.010806692478447165,0.012521266605075836,-0.009414892218114543,1
561,track_0966857,artist_425159,ambient|darkambient|soundtrack,-0.010486149061896878,-0.015582646674478218,-0.003387569069255302,1
562,track_0967238,artist_350774,blues|reggae|world,0.007963428932614184,-0.018045224436514892,-0.009782135747991716,2
563,track_0967242,artist_350774,world,-0.012584181859550297,0.05046018768889404,-0.0011580716437298512,1
564,track_0967573,artist_342854,classical,-0.06248524093739801,0.02001828407543653,0.021287608177275496,1
565,track_0968979,artist_336621,hardrock|progressive|rock,-0.0024405643666632827,0.013132359580728292,-0.008869575462356961,1
566,track_0970850,artist_004729,newage|world,0.005462985509053238,-0.01793340259191312,-0.008433623528387446,2
567,track_0970879,artist_004729,newage|world,-0.006574832936240579,-0.01641780352773767,-0.0004395953649435259,1
568,track_0972173,artist_366613,classical|orchestral|soundtrack,-0.03597513754510398,-0.010500585294508917,0.008524863301620233,1
569,track_0972626,artist_005240,instrumentalpop|pop|soundtrack,0.016548471294335995,-0.022985552381727524,-0.007919306158911925,2
570,track_0973250,artist_000560,orchestral|soundtrack,0.0018402046242922327,0.009814095533310823,-0.005587843647866833,2
571,track_0973254,artist_000560,soundtrack,-0.017077882751668876,-0.016119796427465687,0.0006371108000202388,1
572,track_0973754,artist_375104,,0.07651208136902689,0.01153866791165815,0.4142296431194827,2
573,track_0973757,artist_375104,,-0.004055098615380055,0.027815424850157627,-0.00031295282223226597,1
574,track_0974965,artist_006987,blues,0.023561483427222543,-0.01459427123490434,-0.00274951560851885,2
575,track_0975526,artist_365142,choir|orchestral|soundtrack,-0.013720395313552455,-0.008764952678328154,-0.0042523170142800435,1
576,track_0976713,artist_347673,celtic|classical,0.006833171440141456,-0.00828782460158261,-0.008730227361807437,2
577,track_0976779,artist_421686,electronic|jazz|lounge,0.016498214283189025,0.04009093015468786,-0.0033638010347253945,2
578,track_0976790,artist_421686,electronic|jazz|lounge,0.028812936406503235,-0.0191511681080287,-0.005360683362163786,2
579,track_0979838,artist_427108,ambient,-0.045612543838252945,0.00028074268390602936,0.015911637407884267,1
580,track_0979842,artist_427108,ambient,-0.056792997096244385,-0.0038998661002059526,0.021355356296507286,1
581,track_0979850,artist_427108,ambient,-0.06068654619871678,-0.013273351112928024,0.021454704562805862,1
582,track_0979854,artist_427108,ambient,-0.043071485744188835,-0.0024406081073514076,0.016524257189223433,1
583,track_0979857,artist_427108,ambient,-0.03172002126526625,-0.008657024092207895,0.00797699047613209,1
584,track_0979859,artist_427108,ambient,-0.04393132591884708,-0.01045390570790701,0.01501988449105751,1
585,track_0979865,artist_427108,ambient,-0.038580356982442554,-0.0044288104900385055,0.014644806045080916,1
586,track_0980765,artist_365142,classical,-0.02831447256700696,-0.006822518199020688,0.005651313308876001,1
587,track_0981257,artist_375935,classical|soundtrack,-0.04186164542484863,-0.002521368624710771,0.013344173550132364,1
588,track_0981913,artist_007584,folk|progressive|rock,-0.01341134364654328,-0.0027303617264541067,7.727765527833295e-05,1
589,track_0982390,artist_364878,bossanova|easylistening|jazz|latin,-0.0013428311280909275,0.011160467024602222,-0.005074858965740501,1
590,track_0983938,artist_370822,electronic|industrial|soundtrack,0.013198072989933954,-0.027655983481694655,-0.013598201132562939,2
591,track_0984513,artist_368880,downtempo|electronic|electropop|experimental|soundtrack,0.02597757507130973,-0.015074769923473483,-0.002099917851720172,2
592,track_0984754,artist_007584,ambient|electronic|triphop,-0.029026926261716966,-0.007014638952129908,0.00975611705857529,1
593,track_0984990,artist_428049,alternative|poprock,-0.005908789004509598,0.008802977844462696,-0.0029328101892390113,1
594,track_0986590,artist_007805,chanson|folk|popfolk,-0.020634176851274305,0.019872003943957436,0.00410006282091219,1
595,track_0989065,artist_000560,orchestral|soundtrack,-0.010054613845899965,-0.012471985688495741,-0.005730834853386323,1
596,track_0989073,artist_000560,orchestral|soundtrack,-0.03452343236135235,-0.03928326204971784,6.604867254662252e-05,1
597,track_0989713,artist_347673,classical,-0.0009055244254734945,-0.009160972675232583,0.002101087003327346,1
598,track_0989850,artist_006905,classical|orchestral|soundtrack,0.0036637037513228077,-0.007294616373163822,-8.030503384423493e-05,2
599,track_0989879,artist_357359,electronic|hiphop|pop,0.01851236701371629,-0.005206878053339929,0.0011215620644555945,2
600,track_0993757,artist_428971,electronic|hard,0.019916521099850846,0.009981793351548343,0.002033839779817567,2
601,track_0993759,artist_428971,electronic,0.025898712837923527,0.004289120682535279,0.0034418648682769198,2
602,track_0993765,artist_428971,electronic|synthpop,0.012912474560244462,-0.006123916041886703,-0.003770193271411168,2
603,track_0997273,artist_428971,electronic|techno,0.02089714436307249,-0.0003468729872118484,0.0026030192405044348,2
604,track_0997279,artist_428971,ambient|electronic,0.0036761457696507043,0.012637036960964645,-0.0031591072855260845,2
605,track_0997879,artist_375935,dubstep|electronic,0.019171080051240318,-0.01570439958333309,-0.0040694210670287785,2
606,track_1000113,artist_355362,soundtrack|symphonic|world,-0.006120455546118714,0.028621243213791416,-0.002317465267223228,1
607,track_1003073,artist_355274,metal,-0.011860348237984012,-0.007633860906865547,0.00033829066578438155,1
608,track_1006557,artist_337741,ambient|atmospheric|progressive,0.004777938119128355,0.023834764003370482,-0.0006869580083438823,2
609,track_1009350,artist_367979,alternative|grunge|rock,0.0014616376077500454,0.007393170826913925,-0.013338416325692931,2
610,track_1009354,artist_367979,alternative|grunge|rock,-0.027018724908270772,0.08941630356872725,-0.0025385063763009173,1
611,track_1009673,artist_007063,folk|pop|popfolk,0.0076524883050028214,0.009911098574382446,-0.007987167030071202,2
612,track_1010665,artist_002034,electronic,0.02647952147617129,0.011486385654179095,0.0019566549914266204,2
613,track_1010826,artist_000560,soundtrack,0.02144513101473983,-0.027274306804646764,-0.021108519206994872,2
614,track_1010979,artist_007584,ambient|electronic|soundtrack,-0.02612952838654601,0.004718117626404164,0.036643351198193196,1
615,track_1011650,artist_431049,downtempo|electronic|triphop,0.01606802313192578,-0.029248513940013647,-0.014831445847294459,2
616,track_1011950,artist_002054,atmospheric|classical|soundtrack,0.009996853511749807,-0.023255519088438457,-0.012638965900747734,2
617,track_1011954,artist_002054,atmospheric|classical|soundtrack,-0.02785067911552951,-0.015891338382060652,0.0035362205456849114,1
618,track_1011957,artist_002054,atmospheric|classical|soundtrack,-0.031203816543045815,-0.005408633460682013,0.00990484842502135,1
619,track_1011959,artist_002054,atmospheric|classical|soundtrack,-0.0024991615229635416,0.11433261165881699,-0.03729842649923491,1
620,track_1011965,artist_002054,ambient|atmospheric|soundtrack,-0.02370275433675046,-0.012801810262488977,0.0023323509441551477,1
621,track_1012513,artist_431049,indie|pop|triphop,-0.0024129049455601796,0.0526042042488707,-0.002581441976720302,1
622,track_1012642,artist_431325,classical|orchestral|soundtrack|symphonic,-0.03551223096466598,-0.016070487447354165,0.010126635142346095,1
623,track_1016179,artist_004934,darkambient|electronic|triphop,0.01616083786185048,-0.020606697003993563,-0.01116395263247361,2
624,track_1020438,artist_373547,dance|funk|jazz,-0.006672035818434582,0.03387845010764983,-0.0007726301067987596,1
625,track_1021750,artist_428971,easylistening|popfolk|poprock,0.012941345861844979,-0.01027802891204069,-0.007008614196633797,2
626,track_1021754,artist_428971,easylistening|funk,0.021145906695082806,-0.0025783428579718294,-0.0038725759513194994,2
627,track_1021913,artist_002741,easylistening|electronic|newage,0.015475197594587162,-0.02795578414036529,-0.01617220782513845,2
628,track_1022250,artist_432521,ambient|darkwave|newage,-0.017155583114858305,0.017167927925356867,0.00031228644471018827,1
629,track_1022254,artist_432521,ambient|darkwave|newage,-0.02210147843319012,-0.01967768018523122,0.0003163259412363116,1
630,track_1022638,artist_007584,postrock|rock,-0.03196697153435719,-0.02337737029983558,0.006538621804247606,1
631,track_1023138,artist_340121,pop|rock,-0.03475015264529274,-0.0025736286196299026,0.007694820306130746,1
632,track_1023265,artist_432273,classical|soundtrack,-0.030469149348132003,-0.010108581260308343,0.010043832024599433,1
633,track_1023273,artist_432273,classical|orchestral|soundtrack,-0.02715625017336375,-0.002351899698983706,0.006114819498105571,1
634,track_1023279,artist_432273,jazz|soundtrack,-0.021718627191504088,0.008031305322123386,0.009252952233444287,1
635,track_1026090,artist_366162,easylistening|pop,0.02321187120523898,0.013402265294097883,0.00030572425410219567,2
636,track_1026957,artist_432967,ambient|chillout|easylistening|lounge,0.009523276114545197,-0.021478341302793674,-0.012663738860104702,2
637,track_1027159,artist_432967,easylistening|lounge|newage|world,-0.016302079522116982,-0.017875049848747028,-0.0009920538682429798,1
638,track_1027573,artist_361694,celtic|newage,-0.01677672857308532,-0.0055567809923857915,0.0033218656709286948,1
639,track_1027913,artist_005240,ambient|classicrock|experimental|lounge|orchestral|pop|soundtrack,0.006343736293252998,-0.0036082459474153427,0.0012594338990211315,2
640,track_1027926,artist_005240,ambient|classical|experimental|orchestral|soundtrack,0.001746003024283092,-0.02153901112614982,-0.009756602612501037,2
641,track_1027959,artist_360311,classical|electronic,-0.007046514834763692,0.027925125305147486,-0.0034317654719460125,1
642,track_1028913,artist_366613,classical,-0.03270109806352894,-0.019468590915838756,0.008337883718079139,1
643,track_1028938,artist_375104,instrumentalpop|poprock,0.021619587361165118,0.009169169788123021,-0.003436669120742723,2
644,track_1029179,artist_004812,chillout,-0.020408619647382758,-0.021838663797557438,0.003692840096913851,1
645,track_1029542,artist_361660,easylistening,-0.009881947016068898,-0.009143459840845882,0.0028246569380450818,1
646,track_1029554,artist_337159,classical|soundtrack,-0.04726172084700823,-0.023015922444905336,0.01927520105729259,1
647,track_1029838,artist_003004,soundtrack|world,-0.005002266134632435,0.0032881618537280994,-0.002251345045298609,1
648,track_1029950,artist_423996,ambient|electronic|experimental,-0.0008069814777487177,-0.017993385113239144,-0.009353364740155358,1
649,track_1032157,artist_421279,blues|rock,0.020305858150871808,-0.01865444630971532,-0.01254563433032902,2
650,track_1032226,artist_379099,ambient|electronic,-0.018411126267240664,-0.022208390104187434,-0.001990773824919863,1
651,track_1032850,artist_375327,chillout|house|techno,0.018269612758830923,0.0012244389871974215,0.007275899473076717,2
652,track_1033354,artist_428489,electronic|newage|soundtrack,-0.008928132471098131,-0.0022293172282742434,-0.002249111087893672,1
653,track_1033913,artist_422519,punkrock|rock,-0.008827151189638522,0.009650987530604022,-0.004749578743791327,1
654,track_1034238,artist_434091,chillout|classical|newage|orchestral,0.00428942965279521,0.014039637720407273,-0.004350591579791213,2
655,track_1034573,artist_432466,instrumentalrock|rock,-0.009042119006839681,0.010473607265782203,-0.002601785554486367,1
656,track_1035757,artist_339169,chillout|downtempo|electronic|electronica,0.016529852085845346,-0.027847987562850396,-0.017732971551590284,2
657,track_1035759,artist_339169,ambient|chillout|newage,-0.0013931160991740106,0.12075895026330438,-0.03844481721223045,1
658,track_1035765,artist_339169,ambient|chillout|electronic,0.023426340921322945,-0.0034061504068646454,0.004869905390244863,2
659,track_1037338,artist_000811,soundtrack,-0.048845101506408355,-0.016347045052015403,0.014852641968143294,1
660,track_1038157,artist_434578,classical|contemporary|soundtrack,-0.03988342389601869,-0.008227088062188146,0.0131737483647563,1
661,track_1038159,artist_434578,classical|contemporary|soundtrack,-0.05113638664464615,-0.02866301441331742,0.015319148721239398,1
662,track_1039757,artist_366701,experimental|jazz|soundtrack,-0.004658600290314508,-0.01231463551107522,-0.004101094662560545,1
663,track_1039759,artist_366701,easylistening|improvisation|jazz|soundtrack,-0.002630818075093786,0.006606450721655152,-0.0043117683119531566,1
664,track_1041157,artist_363226,blues,0.027977356944783635,0.02698499697086544,-0.00366891932180814,2
665,track_1041265,artist_434948,electronic,0.026571989893303824,0.0010933588035876426,0.022432325715409894,2
666,track_1041557,artist_427960,folk|popfolk,-0.005285983507138739,-0.018037198705270884,-0.005510490122967356,1
667,track_1041559,artist_427960,folk|popfolk,0.012815245754153801,-0.022520704435574905,-0.010535798754377724,2
668,track_1041957,artist_341642,electronic|pop|trance,0.03939592485906391,0.006829290270505358,0.01873784838520232,2
669,track_1041959,artist_341642,electronic|pop|trance,0.014684572838493153,0.011981603427960005,-0.001939769521691522,2
670,track_1042013,artist_434945,classical|orchestral,-0.01804446062092565,-0.010247076466051686,-0.0032311264860109554,1
671,track_1042079,artist_362636,ambient|electronic,0.0010311375789855577,0.014799366428056317,8.072978301918773e-05,2
672,track_1043173,artist_359114,newage,0.010142255029247474,-0.026245292302406114,-0.014970459728126871,2
673,track_1043538,artist_375104,chillout|easylistening,-0.0013472873592744671,0.019398357929315935,-0.0024152082580778077,1
674,track_1044779,artist_355675,rock|singersongwriter,0.005292769415357295,0.01748844975354808,-0.0061546831235904905,2
675,track_1044813,artist_362473,electronic|newage|soundtrack,0.00355527282948977,-0.0037908979935718464,-0.0005835764811921663,2
676,track_1044826,artist_375935,poprock,0.01239153743694806,0.008643595558088536,-0.00428839242283159,2
677,track_1044950,artist_005279,alternative|indie,-0.0063158945288003775,-0.015675977129591966,-0.004569712074936379,1
678,track_1045065,artist_379099,ambient|electronic,-0.006864247361764872,0.0799261579145239,-0.020012954763341157,1
679,track_1045250,artist_003944,easylistening|funk,0.024858868818801207,-0.042254261157462024,-0.02609241620173842,2
680,track_1046465,artist_005951,classical|soundtrack,-0.08036476949676763,-0.0016889683104699198,0.028974995650828225,1
681,track_1046742,artist_370789,easylistening|soundtrack,-0.03698529412731787,-0.01153369163713599,0.010116461845714159,1
682,track_1046759,artist_361044,easylistening,-0.022220238037773694,-0.009500141454162288,0.002622818020706692,1
683,track_1047438,artist_359452,dance|electronica,0.028449061461792994,0.0071723327685566185,0.008871239118811913,2
684,track_1047957,artist_369180,electronic|soundtrack|techno,0.025354605736962958,0.0022592651722890033,0.004636398458803088,2
685,track_1047959,artist_369180,darkambient|electronic,0.01135342829370562,-0.026084329182948816,-0.017026755275997094,2
686,track_1048090,artist_420796,newage|pop,-0.029565029162393806,0.002235340943389191,0.011148625861451676,1
687,track_1048226,artist_375935,folk|pop,0.0073309576768449194,-0.011236201999969017,-0.005548800177820307,2
688,track_1048290,artist_008094,ambient|classical|soundtrack,-0.03673717902190345,0.03038052475704379,0.009339483320666649,1
689,track_1048357,artist_008094,ambient|classical|soundtrack,-0.07048703144875713,-0.010729688247392096,0.026009484362965678,1
690,track_1048359,artist_008094,ambient|soundtrack,-0.02654849773119632,-0.005640674875766007,0.00892496111975133,1
691,track_1048679,artist_352172,atmospheric|rock,-0.022536672809374585,0.00457883527139401,0.005738160285389383,1
692,track_1048750,artist_008094,ambient|classical|soundtrack,-0.06534164058608206,-0.0181141910190423,0.022137425969908444,1
693,track_1048765,artist_008094,ambient|soundtrack,-0.0008220021691695051,0.12306322180867814,-0.03898504859895291,1
694,track_1048773,artist_008094,ambient|classical|soundtrack,-0.02347345327610728,-0.014885199661593376,0.002866985819836311,1
695,track_1049513,artist_008094,ambient|soundtrack,-0.01958366405324396,0.005774354641381969,0.005533511374762165,1
696,track_1049713,artist_008094,soundtrack,-0.015805722917897027,-0.013023314872968454,0.0016673883447845396,1
697,track_1051173,artist_435792,folk,-0.013179619691626942,-0.029369452584933117,-0.007157408028784591,1
698,track_1052138,artist_435725,classical|orchestral,-0.03220046019994075,-0.005945854950439611,0.010014508305431118,1
699,track_1052154,artist_421686,electronic|house|trance,0.03799242416532289,0.011170700044522381,0.012500469215270902,2
700,track_1052157,artist_421686,electronic|house|trance,0.017363981029799202,0.004161116116939346,-0.0039520022394992724,2
701,track_1052159,artist_421686,electronic|house|trance,0.02375031397311855,0.01857668601989387,-2.1957826954394532e-05,2
702,track_1052679,artist_344764,classical|soundtrack,-0.035700193944232336,-0.01991070506189152,0.004650749016263917,1
703,track_1053054,artist_436282,ambient|dance|electronic,0.030647261266270525,0.003207583173077317,0.014102244283574025,2
704,track_1053226,artist_350115,dance|electronic|trance,0.024724198051535428,0.0019236777520263628,0.01981042513754085,2
705,track_1053338,artist_359617,hiphop,0.03389431681309507,-0.010557636045190307,-0.009367304712651438,2
706,track_1053842,artist_340225,ambient|electronic,-0.03500553402297132,-0.003009765533194651,0.011968172208713173,1
707,track_1054342,artist_007805,folk|popfolk,-0.012726366709041039,0.0016429081892626873,-0.00363769460196517,1
708,track_1054373,artist_367887,easylistening|instrumentalpop,-0.0026985388141033263,-0.009309952243143668,-0.008292670101526688,1
709,track_1054438,artist_007805,folk|popfolk,-0.018659784914889097,0.01918790190279012,-0.00308245051631758,1
710,track_1056142,artist_349503,jazz,-0.03798073286973458,0.009529960689960235,0.012484770215124178,1
711,track_1057257,artist_359114,classical,-0.015437642039953636,-0.00043243562545030353,-0.0006999655010887277,1
712,track_1057426,artist_436872,pop|poprock|singersongwriter,0.00802978163845661,0.03798863905218857,-0.008066485287009428,2
713,track_1058213,artist_436908,ambient|experimental,-0.05128623648490728,-0.016406648137286203,0.016223375630673137,1
714,track_1058226,artist_005544,funk|soundtrack,0.015172813147647969,-0.002197768410545963,0.0068209079617345585,2
715,track_1058326,artist_366613,metal,0.009443279796886113,0.0011408087276422048,-0.003177690942040727,2
716,track_1059973,artist_428874,ambient|choir|classical|soundtrack,-0.01837733896731625,-0.019315968493890546,0.000523442240396387,1
717,track_1060626,artist_432545,electronic,0.010442315642967616,-0.0017123649056016545,-0.0017169768295047288,2
718,track_1060638,artist_432545,electronic,0.015154526482706552,-0.022482747464083137,-0.014526440787318493,2
719,track_1061373,artist_007063,ambient|electronic,-0.007697504191420127,0.04515858341085605,0.00019439894774240485,1
720,track_1061379,artist_007063,electronic|instrumentalrock|pop|poprock|rock,0.008681273671723016,0.015291784881660485,-0.011315997164028207,2
721,track_1061413,artist_007063,instrumentalrock|pop|poprock|rock,0.012031383126047481,-0.02668347231352958,-0.0226474115908566,2
722,track_1061457,artist_007063,instrumentalrock|pop|poprock|rock,0.00783399051780344,0.015317689959585237,-0.005832610541435644,2
723,track_1061459,artist_007063,electronic|instrumentalpop|pop,0.005938853641094418,0.010958992757091552,-0.004834998478135881,2
724,track_1061473,artist_007063,instrumentalrock|pop|poprock|rock,0.006991463850522798,0.015444848172899173,-0.006608179561663207,2
725,track_1062590,artist_428449,ambient|chillout|easylistening|soundtrack,-0.010940542599778572,0.019781336135257895,0.0007510264768142511,1
726,track_1063179,artist_000560,choir|orchestral|soundtrack,-0.020623462922363146,-0.019386142803040463,-0.002649372179789079,1
727,track_1063326,artist_437571,indie|rock|soundtrack,0.007243265308195128,-0.0201767875462099,-0.013643428460400288,2
728,track_1063450,artist_437571,80s|reggae|soundtrack,0.010995535638561638,0.0008033228194331834,0.004608112158423788,2
729,track_1063454,artist_437571,folk|pop|soundtrack,-0.011920239017671214,-0.005690235141233001,0.0012345579319690844,1
730,track_1063457,artist_437571,indie|pop|soundtrack,0.026668332896801258,0.0006273973229221189,-0.00961273864053853,2
731,track_1063459,artist_437571,atmospheric|funk|indie|soundtrack,0.013895668771563986,-0.008408580448706942,-0.002346775680060788,2
732,track_1063679,artist_337741,ambient|atmospheric|newage|soundtrack,0.0056859628398851555,-0.010919611990993104,-0.006159884208777966,2
733,track_1064438,artist_338130,triphop,-0.0033181382117293276,-0.0036514978950438095,0.0006885299005571305,1
734,track_1064559,artist_377663,alternative|dance|poprock|rock,-0.006208189981806662,-0.003503976353084089,-0.005366925491090195,1
735,track_1065626,artist_437812,ambient|edm|electronic|soundtrack,-0.007060714416747479,-0.015485569526390875,-0.006717937838735727,1
736,track_1065654,artist_340710,alternative|indie|rock,0.013388885192844188,-0.02531859862090096,-0.017337210729018875,2
737,track_1066054,artist_350284,orchestral|soundtrack|symphonic,-0.04267325573981933,-0.03473369623774355,0.004601992327390231,1
738,track_1066513,artist_437980,pop,0.006540600170675482,-0.0062462654263594555,-0.006174043993944181,2
739,track_1066526,artist_437980,pop,0.011845961492257773,-0.00960386622952613,-0.007805896429337833,2
740,track_1066557,artist_437980,pop,0.007325734579420673,-0.014775164783830225,-0.008139720212989093,2
741,track_1066573,artist_437980,pop,0.026399168962241787,-0.0018936565020998487,0.002688232630185229,2
742,track_1067265,artist_438155,electronic|triphop,0.021591962226777534,0.0044801654630631255,0.011678028075852153,2
743,track_1067273,artist_438155,electronic|triphop,0.047863231926211315,0.008853264343762077,0.025343373036308757,2
744,track_1067290,artist_351337,alternative|indie|rock|soundtrack,0.005706649316115204,-0.024937036934387067,-0.016139105224543163,2
745,track_1068379,artist_363229,newage|world,-0.015014393142767056,0.015809140224353282,0.001704842896440065,1
746,track_1070113,artist_435725,classical,-0.02523618574924689,-0.010313069491697701,0.0059101440200458365,1
747,track_1070638,artist_367887,classical,-0.017815943325513898,0.008666455153804447,0.0006019497397285896,1
748,track_1072126,artist_375104,poprock,0.006413175643788987,0.0014706601381691482,-0.0045475877500513245,2
749,track_1072426,artist_339989,electronic|funk|rock|soul,0.006204307807805138,-0.009439695865971178,-0.002789299189172244,2
750,track_1072438,artist_339989,electronic|funk|rock,0.012888340471404776,-0.012587831947767917,-0.003714140111665223,2
751,track_1072579,artist_430947,ambient,-0.005628219383982342,-0.014009117942626003,-0.007565712087863775,1
752,track_1072913,artist_354832,drumnbass|electronic|swing,0.024384997209815542,-0.015747010134505426,-0.00033050293529182764,2
753,track_1073154,artist_007862,ambient|chillout|downtempo,0.015341795627783532,0.003796912239985754,0.004371300194224782,2
754,track_1073157,artist_007862,downtempo|dub|electronic,0.007240556608635177,-0.016423311698351612,-0.007442937078204289,2
755,track_1073213,artist_428449,ambient|chillout|easylistening|soundtrack,-0.013646879473336189,0.04312175332930342,-0.00027190556723632233,1
756,track_1073290,artist_421686,electronic|industrial,0.0050094973375928754,0.0013191178424709997,-0.006558099858178696,2
757,track_1073654,artist_341778,ambient|downtempo|electronic|experimental,0.017756183090389805,-0.013617302614040908,-0.004743557552116157,2
758,track_1074726,artist_000560,orchestral|soundtrack,-0.02285949528231669,0.044925287127605976,0.0010885548598096905,1
759,track_1074738,artist_000560,orchestral|soundtrack,0.017703019959247574,-0.013114297959821076,-0.0061535376096779944,2
760,track_1074742,artist_000560,orchestral|soundtrack,-0.0047737817984580605,0.03878029754995075,-0.00043126305996102836,1
761,track_1074750,artist_000560,orchestral|soundtrack,0.015138401415135805,-0.041783398548200415,-0.027124960487809307,2
762,track_1075326,artist_360980,pop,-0.016666618379899058,0.05208924608997074,-0.00022489716342067182,1
763,track_1076454,artist_340553,folk|rock|singersongwriter,0.013992854588459315,-0.023482207384695426,-0.014970548892089194,2
764,track_1076457,artist_340553,folk|rock|singersongwriter,-0.006273429639626617,-0.015806024226934633,-0.007433326165581123,1
765,track_1076459,artist_340553,folk|rock|singersongwriter,-0.0009813400094029847,-0.0017337960862889234,-0.007774152615371453,1
766,track_1076690,artist_426277,dance|trance,0.009122554013046217,-0.01732014412121453,-0.00762253701443244,2
767,track_1077954,artist_005240,classical|orchestral|soundtrack,-0.00087666165378237,-0.008101653515635172,-0.0059494835714379015,1
768,track_1078365,artist_341528,ambient|celtic|folk,-0.02184815905694926,0.0025674493931787798,0.00804602867857294,1
769,track_1078426,artist_438603,pop|progressive|rock|singersongwriter,0.002318541611366327,-0.01710843326650628,-0.009247479681775599,2
770,track_1078438,artist_438603,folk|pop|singersongwriter,-0.0074790459335926825,-0.0014314095991519926,-0.0021843140076669067,1
771,track_1078442,artist_438603,alternative|indie|pop|rock,9.044373303345788e-05,-0.022361163888170967,-0.00963183816971476,2
772,track_1078450,artist_438603,pop|poprock|rock,-0.01797020774485775,0.04194338405053312,0.0023200174198697967,1
773,track_1078457,artist_438603,pop|singersongwriter,-0.010030902262637713,0.010246140801913743,-0.005849997915498814,1
774,track_1078465,artist_438603,progressive|rock,-0.017473156090162607,-0.01794527548891471,-0.005244555446038583,1
775,track_1078473,artist_438603,folk|popfolk|progressive|rock,-8.995744144368557e-05,-0.002548200228611669,-0.007911249679448864,1
776,track_1078479,artist_438603,progressive|rock,-0.0316981769307358,0.046090644278189236,0.004545439762722471,1
777,track_1078613,artist_007805,pop|popfolk|poprock|soundtrack,0.011126065592837155,-0.005700632518465748,-0.008152691637508359,2
778,track_1078826,artist_433381,classical|electronic,0.020573419471426668,0.05273402802785448,-0.016188506740183243,2
779,track_1079150,artist_375104,dance|poprock,0.0165988160727291,-0.02361743024766626,-0.011022862648490192,2
780,track_1079157,artist_375104,dance|poprock,0.003853447580633615,-0.01599368997700469,-0.00850105636851577,2
781,track_1079250,artist_368762,chillout|symphonic|world,-0.008321112605928032,0.033282383783966654,-0.0007159070388810563,1
782,track_1079254,artist_368762,chillout|classical|symphonic,-0.014963063622998894,0.0004116602824614439,-0.003027313618048468,1
783,track_1079257,artist_368762,chillout|classical|symphonic,-0.029373238656245464,-0.006772584556448324,0.0007967068809599253,1
784,track_1079313,artist_423996,ambient|experimental,-0.009061846006658972,0.0047116421573032245,-0.001961499685676291,1
785,track_1079757,artist_438603,pop|poprock|progressive|rock,-0.01681755834479519,0.043907488047331134,0.00014242549456111695,1
786,track_1080157,artist_438910,ambient|ethnicrock|world,-0.021547892950358926,-0.0035697001853201844,0.005036290517916624,1
787,track_1080165,artist_438910,ambient|newage,-0.02359407362143747,-0.003836820287203829,0.007663682193951046,1
788,track_1080565,artist_438910,classical,-0.042736617759495873,-0.003463389110269283,0.014579797131524408,1
789,track_1080990,artist_370789,pop,-0.024868666150579248,-0.013394069335161275,0.004450512455013915,1
790,track_1081159,artist_007907,newage|rock,-0.024553462012552048,-0.032215250863427525,-0.007267061964706735,1
791,track_1081690,artist_352416,ambient|easylistening|lounge,0.021613056774230203,0.003801744523634679,0.0070828692997619075,2
792,track_1081713,artist_352416,trance,0.031041695110462834,0.0011856817573779948,0.013709906882439452,2
793,track_1081842,artist_419438,easylistening|electronic|lounge,0.024334510556044815,-0.002173200063998621,0.012294829720625683,2
794,track_1081857,artist_419438,easylistening|electronic|lounge,0.02058903670888448,-0.014242264878136589,-0.0021739107693605456,2
795,track_1081859,artist_419438,easylistening|electronic|lounge,0.010251641703824746,-0.015514186899040041,-0.007301478121151463,2
796,track_1081865,artist_419438,easylistening|electronic|lounge,0.018886411012906036,-0.019248820693497103,-0.004162768688974252,2
797,track_1082554,artist_352844,classical,-0.025026335187403964,-0.032305484864839897,-0.0019704959490421258,1
798,track_1082754,artist_427777,experimental|popfolk,-0.010767669927803532,-0.00088699791309207,0.0024282624305112625,1
799,track_1082757,artist_427777,experimental|popfolk,-0.022016187438644714,0.01652503236048991,0.005811411395124667,1
800,track_1082759,artist_427777,experimental|popfolk,0.004159728011875875,0.0010600808822999901,-0.004902310025836143,2
801,track_1083213,artist_439372,pop|punkrock|rocknroll,0.008288674069468911,-0.026165746454929036,-0.017158857015950678,2
802,track_1083413,artist_439604,classical|orchestral|soundtrack,0.007874790595921777,-0.00873746340369985,-0.003916362396330522,2
803,track_1083526,artist_352428,pop,-0.01900857332975321,0.01792955387375089,0.0037691953365095424,1
804,track_1083538,artist_352428,pop,-0.02557532083470529,-0.01683059344794453,0.0010781904712075662,1
805,track_1083959,artist_373214,classical,-0.029629665229796345,-0.011331560638492647,0.006976343143614647,1
806,track_1084165,artist_358348,ambient|experimental,0.001187026145277724,-0.0004442490174297472,-0.006344649348471385,2
807,track_1084173,artist_358348,ambient|experimental,-0.0063694944020985505,0.009742938624591973,-1.0924490135110857e-05,1
808,track_1084190,artist_439398,classical|orchestral,-0.005605419813843532,0.003049046742774781,-0.0011271295004888127,1
809,track_1084365,artist_361274,bossanova|jazz|lounge,-0.013001721784165936,0.006789019532629664,0.002649405264957886,1
810,track_1084379,artist_361274,classical|newage|orchestral,0.007262397674413244,-0.0234026836615342,-0.01002719706829974,2
811,track_1084738,artist_439604,classical|orchestral|soundtrack,-0.029835867616225985,-0.01075950896196169,0.008064982687284228,1
812,track_1084742,artist_439604,classical|orchestral|soundtrack,-0.025363256862698334,-0.008686997607925639,0.00697302871067134,1
813,track_1085242,artist_347673,classical,-0.012630322254153245,0.02381297466120273,0.0020419507655126327,1
814,track_1085279,artist_439604,chillout|easylistening|orchestral|soundtrack,-0.03164510482956718,-0.011718901442146561,0.008482783860270708,1
815,track_1085738,artist_369391,ambient|experimental|soundtrack,-0.014324915198147799,-0.027183499241213147,-0.007538445525811229,1
816,track_1085742,artist_369391,ambient|experimental|soundtrack,0.003652361457781437,0.003859631610949957,0.0020492013694492516,2
817,track_1085950,artist_370789,ambient|easylistening,-0.0208856999738569,0.00433145802712656,0.00557235774506885,1
818,track_1087059,artist_000560,orchestral|soundtrack,-0.03316439272551247,-0.021902735303138323,0.007124824871859855,1
819,track_1087079,artist_000560,orchestral|soundtrack,-0.04211598385038768,-0.0016183083461006244,0.015641430850356693,1
820,track_1087090,artist_000560,orchestral|soundtrack,-0.027661585149880312,-0.018736398547471136,0.005997918680628812,1
821,track_1087257,artist_378747,easylistening|newage|soundtrack,-0.029336118690413266,-0.0033988193824995225,0.007010511034818293,1
822,track_1087538,artist_004142,blues,0.007642455963446677,-0.036782626964757606,-0.018843082836333496,2
823,track_1087554,artist_419438,electronic|soundtrack,0.03433127533899954,-0.0013719887935495568,0.012113879933734317,2
824,track_1087557,artist_419438,easylistening,0.019078181408909156,-0.02214784493067549,-0.015405386139010881,2
825,track_1087559,artist_419438,electronic,0.01691308344191042,-0.017340167599303367,-0.006777308474408264,2
826,track_1087565,artist_419438,electronic,-0.003608522103285718,0.033725017887690424,-0.0011757233986418969,1
827,track_1088579,artist_375104,pop,0.08728667640899168,0.013179916786408497,0.47351215927115214,2
828,track_1088590,artist_375104,pop,-0.022169497835755076,0.03882562219629829,0.005765601366727117,1
829,track_1089138,artist_357317,electronic,0.02570473060092757,0.0014064765017458179,0.0059715595809963894,2
830,track_1089142,artist_357317,electronic,0.029115752539819496,0.006971390124533758,0.010219544533518468,2
831,track_1089265,artist_432564,classical,0.002366666991913548,-0.02170590323982442,-0.01343657562947911,2
832,track_1089273,artist_432564,classical,-0.0470493604010075,-0.010842112498284076,0.016568173716480332,1
833,track_1089913,artist_428829,pop,0.017499093898957912,-0.01330976461889012,-0.006646612450965831,2
834,track_1090150,artist_437571,pop|soundtrack,0.0007556164736039167,0.015628217363703855,-0.0007963741227028366,2
835,track_1090465,artist_439398,classical,-0.0004803966233084634,0.0030669313245430484,-0.0032136988283911153,1
836,track_1090657,artist_438910,ambient|newage,-0.019324263102454768,-0.014575128553729872,0.0019109787053198913,1
837,track_1091338,artist_437812,dance|edm|electronic,0.001672456627124046,0.0029291627880063736,0.00537264286160485,2
838,track_1092173,artist_438910,ambient|electronic|trance,-0.039000592972904764,-0.008498233330463602,0.014981050201992566,1
839,track_1093426,artist_352416,ambient|lounge,0.014214558626445764,0.003020928955760671,0.002017132487459368,2
840,track_1093613,artist_378695,club|dance|pop|synthpop,-0.009746299596483961,0.04374155165510356,-0.0019493862904551124,1
841,track_1094050,artist_350284,classical|symphonic,-0.029642036786762253,-0.0238380549646954,0.0029472701242014717,1
842,track_1094054,artist_350284,classical|orchestral|symphonic,-0.020292099343012054,-0.027441944202830963,-0.0020008295964470987,1
843,track_1094138,artist_003025,ambient|dance|electronic|house,0.0261362923808985,0.008439026786928226,0.008163302673425034,2
844,track_1094142,artist_003025,ambient|dance|electronic|techno,0.010798378478421787,0.003583619687600553,0.0008681758543266568,2
845,track_1095113,artist_428449,ambient|soundtrack,0.009700983743135317,0.09100201429191092,-0.027143943015133985,2
846,track_1095365,artist_386200,electronic|experimental,0.01728503345911549,-0.0008253070716673053,0.009934309929434563,2
847,track_1095473,artist_437812,ambient|downtempo|edm|electronic,-0.0003027484633626572,-0.012384805075830176,-0.0032528331119959022,1
848,track_1095757,artist_338779,rock|rocknroll,-0.006606924868297028,0.009577996235113358,-0.0018629809109797103,1
849,track_1096057,artist_369391,ambient|downtempo|experimental|soundtrack,-0.007807135722255144,-0.010791870994286034,-0.002099898490078289,1
850,track_1096126,artist_358348,ambient|electronic|industrial,0.002997755451836886,-0.013077860901351636,-0.007117124887544755,2
851,track_1096138,artist_439935,indie,-0.013493831552584021,0.00172073599252779,-0.002515215317291321,1
852,track_1096873,artist_440452,dance|eurodance|funk|hiphop|rap,-0.0051839965170449925,0.03493977887108219,-0.0013273621671836017,1
853,track_1098065,artist_363592,electronic|hiphop|rap,0.017653216276734326,-0.016506815485966372,-0.005487016796744217,2
854,track_1098190,artist_360077,easylistening|orchestral|soundtrack,-0.0004353690344466218,0.00776322562029248,-0.004507877977312138,1
855,track_1098826,artist_434847,electronic|techno|trance,0.02565915223929793,0.01253479127405382,-0.005705719831368144,2
856,track_1098838,artist_437812,hiphop|rap|triphop,0.016779567489276417,0.00013909820953699498,-0.012521525841832637,2
857,track_1099313,artist_004116,ambient|electronic|soundtrack,-0.018364419338682225,0.015177568826174477,0.002387908098002437,1
858,track_1100513,artist_357359,edm|hiphop|pop|rap,0.01067292352239141,0.005614566755956237,-0.0003095911330588358,2
859,track_1100750,artist_437980,easylistening,0.016652014664669413,-0.007884391271671252,-0.0020833174220628342,2
860,track_1100973,artist_437812,downtempo|electronic|jazz|soundtrack,-0.00043202025762933976,-0.01843442781907973,-0.005023477760958478,1
861,track_1101290,artist_366162,disco|pop,0.024948510544794276,0.01906439619553323,-0.0017439509994565804,2
862,track_1101379,artist_357317,electronic,0.013894932862070383,-0.011223605027726303,-0.006822889681690583,2
863,track_1103259,artist_337939,world,-0.047860663067859806,-0.01791624739835742,0.014950916325866882,1
864,track_1103265,artist_337939,world,0.01703363220151612,-0.025399318614323842,-0.016105805008096438,2
865,track_1103659,artist_423187,easylistening,-0.011202156353956617,-0.01359514256410134,0.0014495473122077835,1
866,track_1104238,artist_363229,newage|world,-0.011953312821159058,-0.013073835136789561,-0.0007308352972510986,1
867,track_1104257,artist_363229,newage|world,-0.011573603795310507,0.028267129070837248,0.0008441526123537206,1
868,track_1104259,artist_441841,deephouse|disco|electronic,0.02915959931649794,0.0009633022942066972,0.014373544768653615,2
869,track_1104342,artist_441810,atmospheric|instrumentalrock|pop|postrock,-0.006384653203860923,0.02882323495400112,-0.013197093585911203,1
870,track_1104754,artist_440452,dance|downtempo|latin|lounge,0.007111218105306844,-0.019447855819924982,-0.00912645646371968,2
871,track_1105473,artist_008004,ambient|electronic|synthpop,0.02876240914522484,0.0019742877933848694,0.006117239385721397,2
872,track_1105642,artist_367947,ambient,-0.007210548132537696,-0.006977951766798562,-0.00476530119984226,1
873,track_1105679,artist_367947,ambient,-0.024540598125714526,-0.009073716419213377,0.005006700607223272,1
874,track_1106257,artist_438910,ambient,-0.01659761763368403,-0.011968872153246756,0.002835211714547614,1
875,track_1106259,artist_438910,ambient|electronic,-0.014165682042535396,-0.0069661872384033496,0.0012899874484500835,1
876,track_1106265,artist_438910,ambient,4.029051241774225e-05,0.014092635416750359,-0.002617479534131506,2
877,track_1107273,artist_366613,classical|orchestral|soundtrack,-0.023811103689997507,-0.00931678839800344,0.004574936958229222,1
878,track_1107279,artist_366251,funk|fusion|jazz|metal,0.01018200981884331,-0.01443635780493566,-0.010476675717150304,2
879,track_1108513,artist_347673,classical,-0.030203598330350256,-0.025815917805963616,0.003452858812758162,1
880,track_1108554,artist_442559,dubstep|electronic|experimental,0.012041094233699647,0.002228043958487264,0.0021805433579004884,2
881,track_1108659,artist_006916,dance|electronic|techno|trance,0.03849547489077133,0.005544850721899716,0.017534092236424808,2
882,track_1108959,artist_442612,ambient|atmospheric|improvisation,-0.019795222874336327,-0.0030379234116750748,0.005168836066877486,1
883,track_1108965,artist_442612,ambient|atmospheric|improvisation,-0.0243010658607327,-0.0029507232079238645,0.007932216164104442,1
884,track_1109057,artist_356326,indie|pop,0.002133500451180473,-0.002186470965000294,-0.0010609871337673863,2
885,track_1109742,artist_007635,hiphop|rock,0.019185443205054276,-0.01346566351252511,-0.003770421133596937,2
886,track_1109765,artist_436872,pop|poprock|singersongwriter,-0.0004834455214047587,0.01646395561122764,-0.01223375265346909,1
887,track_1109773,artist_436872,pop|poprock|singersongwriter,-0.005135577334541256,0.004559361339156759,-0.012659084026202461,1
888,track_1109813,artist_437998,ambient,-0.014746682209088433,0.009467593033839287,0.00043590256837975423,1
889,track_1109879,artist_441505,electronic|indie,0.01214933676998161,-0.013171865660897631,-0.0028765141368714666,2
890,track_1109890,artist_441505,electronic|indie,0.007571777367162944,0.006606706692658801,0.008445147341156192,2
891,track_1109954,artist_441505,electronic|indie,-0.003467326151751319,-0.008467678122116011,0.00039500817557288644,1
892,track_1110013,artist_441505,electronic|soundtrack,0.011933141351861257,-0.002646970881153712,-0.0022231159856933853,2
893,track_1110026,artist_441505,electronic|soundtrack,-0.005813060128014169,0.006120932629028565,0.0007464880199601332,1
894,track_1110057,artist_436558,metal|rock,-0.023275485132042254,0.07932488585120895,-0.0022940827040630893,1
895,track_1110059,artist_441505,alternative|electronic,0.02069121649676148,0.0024460065082369874,0.004158680936968143,2
896,track_1110065,artist_441505,alternative|electronic,0.018059578270968997,-0.01275269308712645,-0.0024842525530483807,2
897,track_1110073,artist_441505,alternative|electronic,0.016377897672819313,-0.012816898485286747,-0.004139678370462994,2
898,track_1110513,artist_441505,ambient|electronic,0.026379309866368782,0.0043426553393915695,0.020962035609422062,2
899,track_1110526,artist_441505,alternative|electronic,0.03178580739549826,-0.0030130988764129913,0.005074825427755615,2
900,track_1110538,artist_441505,experimental,-0.018072535384984687,-0.01068154626079158,0.0025806334032588583,1
901,track_1110750,artist_441505,electronic|pop,0.007638416975903545,0.011644347576951713,0.0010430458961416783,2
902,track_1110754,artist_441505,electronic|pop,0.010875048110791468,-0.010064216814900492,-0.00471132236906196,2
903,track_1110757,artist_441505,electronic|pop,0.02656788468839179,-0.02317832891363243,-0.0030981559025893093,2
904,track_1110759,artist_441505,electronic|pop,0.002304814772575786,-0.005168882383874314,0.0011624039275822716,2
905,track_1110765,artist_441505,electronic|pop,0.03676841575993464,-0.030934536598822886,-0.0069505608286923246,2
906,track_1110773,artist_441505,electronic|pop,0.025730160153007792,-0.00390892055099594,0.0031618016505278778,2
907,track_1110779,artist_441505,electronic|pop,0.011021217176858089,0.005554266757256947,-0.0025909819008407067,2
908,track_1111738,artist_442664,easylistening|soundtrack,0.013957534865760667,-0.016517377375097907,-0.01073027528238284,2
909,track_1111742,artist_442664,easylistening|soundtrack,-0.019300607404865715,0.02723010788333158,0.002787356080511891,1
910,track_1111973,artist_441505,classical|electronic,-0.03257986971629315,-0.0061115393793742,0.010224991298240959,1
911,track_1111979,artist_441505,classical|electronic,-0.004786360050844018,-0.002919416654330169,-0.0005245606853530857,1
912,track_1111990,artist_441505,classical|electronic,-0.03261765679583673,-0.0037779135125253905,0.011715991461865152,1
913,track_1112013,artist_441505,classical|soundtrack,-0.04942355929991148,0.00024692846550594666,0.017995893007341963,1
914,track_1112026,artist_441505,classical|soundtrack,-0.022420768956003773,0.0015310849137794018,0.004903283403376645,1
915,track_1112054,artist_441505,classical|electronic|soundtrack,-0.009606722783915523,-0.009609662870094193,-0.0007158509683399063,1
916,track_1112057,artist_441505,classical|electronic|soundtrack,-0.012418297121100054,-0.012091909685854482,-0.0014785646983003493,1
917,track_1112059,artist_441505,classical|electronic|soundtrack,-0.013355990129760692,-0.014051094469089642,-0.0006402413061385397,1
918,track_1112065,artist_428449,ambient|easylistening|soundtrack,-0.0035358453946806737,0.11979219674325677,-0.03995147290710481,1
919,track_1112173,artist_438966,electronic|newage|pop|techno,0.01495395018447544,-0.011906708315058922,-0.006250241281340041,2
920,track_1112338,artist_441505,electronic|industrial,0.015597940775502113,-0.009733259079921243,-0.0029221644832137916,2
921,track_1113613,artist_340663,poprock,-0.02339001784804655,0.00047383971592912505,0.013783133316882537,1
922,track_1113973,artist_340225,deephouse|electronic|house,0.02075987385638883,-0.001992738194946649,0.005061011655792783,2
923,track_1114038,artist_437980,poprock|rock|soundtrack,0.0170103948327498,-0.031208599346941805,-0.023406236479813228,2
924,track_1114938,artist_004965,ambient|electronic,0.010264381258309566,-0.01169345839638741,-0.010674684176733232,2
925,track_1115613,artist_441505,ambient|electronic|minimal,-0.0007525604115149637,0.01046452783838686,0.0034504801375941224,1
926,track_1115626,artist_441505,ambient|electronic|minimal,-0.027454746272283094,-0.0044589859176933245,0.010224689635757643,1
927,track_1115642,artist_441505,electronic,0.011078532897569788,0.012795453716299972,0.00938314080398718,2
928,track_1115679,artist_441505,bossanova|latin,0.009974072530819934,0.031154792900733422,-0.004608097414281045,2
929,track_1115690,artist_441505,indie|instrumentalpop|pop,-0.009215595796076954,0.006184968092195846,-0.0028020425743799367,1
930,track_1116938,artist_423996,ambient|experimental|orchestral,-0.02527136456347417,0.0005561726886490154,0.006465738568426037,1
931,track_1116942,artist_423996,ambient|experimental|orchestral,-0.005760624127762985,-0.0062306426681780465,-0.0010887943409128402,1
932,track_1116950,artist_423996,ambient|experimental|orchestral,0.009020351141430532,-0.008232947305361013,-0.007472964977680898,2
933,track_1117565,artist_443173,dance|jazz,0.029727448240203205,0.004210605530677283,0.004860493561479187,2
934,track_1118090,artist_438910,ambient|darkambient|experimental,-0.015781312177775928,-0.006058750968117597,0.0005115390650726412,1
935,track_1118542,artist_366940,atmospheric|metal,-0.05059972694143519,-0.024438176325424672,0.0201671703136551,1
936,track_1118838,artist_438910,fusion|pop,0.01303975243873252,-0.019577732402861942,-0.011921285956745933,2
937,track_1119738,artist_375104,chillout|easylistening,-0.01767986831867624,0.03237076542187109,0.0015420278701794893,1
938,track_1119938,artist_000560,orchestral|soundtrack,-0.0016498492443017701,0.009169010122814555,-0.006262445176918226,1
939,track_1119942,artist_000560,orchestral|soundtrack,-0.008118899983880568,-0.004639345245506429,-0.00709675155377964,1
940,track_1121413,artist_443553,electronic,0.035509756275753854,0.012757645000999521,0.009725164882334122,2
941,track_1121426,artist_443553,ambient|electronic,-0.007518687940935184,-0.01318941889723005,-0.005672323057076077,1
942,track_1121438,artist_443553,dance|edm|electropop|pop,0.020788740444885913,0.005252089102008062,0.004748838815881512,2
943,track_1121442,artist_443553,dance|pop,0.025548152121231765,0.023813557961408667,0.0019048040111965564,2
944,track_1121457,artist_443553,ambient,-0.006172755712562264,-0.0010806463700975754,-0.00613326915779387,1
945,track_1121459,artist_443553,ambient|easylistening,-0.011275007524939165,0.000835923102409216,-0.0005965791069255732,1
946,track_1121465,artist_443553,ambient|atmospheric|electronic,0.024772043322674905,-0.02147505573447161,-0.007009990572993471,2
947,track_1121554,artist_443569,blues,0.00971591165699762,-0.00808401202722998,-0.007198873958282269,2
948,track_1121559,artist_443173,country,0.0016107794324716706,0.03188024645060556,-0.002387834818077744,2
949,track_1121565,artist_443173,pop,-0.012034880562971851,-0.01220965148757326,-0.0004953055520648385,1
950,track_1121813,artist_367947,ambient,0.0031019324961391232,0.008685245493828635,-0.004164719082816015,2
951,track_1121826,artist_367947,ambient,-0.009572223683889481,-0.009817351325455583,-0.0014103535784112705,1
952,track_1122013,artist_437998,classical,-0.015487435033173158,-0.004116879571407881,0.0007255344452320203,1
953,track_1122913,artist_428874,ambient|jazz|lounge,0.007357325006424048,0.01906908203825431,-0.004459049425080576,2
954,track_1123273,artist_431049,electronic|hiphop|pop,0.011716614969603455,-0.01711789207975129,-0.00832515180761221,2
955,track_1123759,artist_428489,classical|soundtrack,-0.024685724889327333,0.005695594803505409,0.007336906042686313,1
956,track_1123854,artist_443769,electronic|funk,0.024219596313833074,-0.03500797899132826,-0.01806702450640278,2
957,track_1123873,artist_443769,electronic,0.001175538376014787,-0.013004124144316693,-0.005764899193339626,2
958,track_1123938,artist_440452,instrumentalrock|progressive|rock,0.013606927105857076,-0.02023835811122894,-0.012925332021028685,2
959,track_1124713,artist_432273,easylistening|soundtrack,-0.023351203411391783,-0.014603099780469742,0.003808739962806079,1
960,track_1124726,artist_432273,tribal|world,0.02142239181934535,-0.005678965265929222,-0.00239876362767233,2
961,track_1125513,artist_352184,ambient,0.016145278544239878,0.006192714583512365,0.003675711573691052,2
962,track_1125673,artist_375104,funk|rock,0.010624554110296065,-0.011475958395720716,-0.009169773476016685,2
963,track_1125679,artist_375104,funk|rock,0.012687025457328234,-0.009517574629608574,-0.008578924009471403,2
964,track_1125690,artist_375104,funk|rock,0.010649717674404452,-0.011502799767457947,-0.009191053774670098,2
965,track_1125757,artist_423996,ambient|experimental,-0.01920469528474741,-0.003696255644526386,0.004457631639344966,1
966,track_1125842,artist_437812,indie|popfolk,0.01118479765155886,-0.017146536220274254,-0.015308506002728161,2
967,track_1127390,artist_438910,darkambient|electronic|experimental,-0.03854334484950633,-0.009656815522253417,0.01318052145640796,1
968,track_1128890,artist_433123,ambient,-0.013077413978435648,0.007688549671149446,0.001804232803628767,1
969,track_1129026,artist_433123,classical,-0.002076299905467466,0.0057479417830232785,-0.0011038093159780906,1
970,track_1129342,artist_365532,electronic|experimental,0.008873030570712146,0.015342029861419861,-0.006687156259005115,2
971,track_1129413,artist_340262,dance|electronic,0.03757152434207088,-0.0005466548410036801,0.01415674859497451,2
972,track_1129459,artist_002986,electronic,0.026698535599173564,-0.000446841700695237,0.006457184209194629,2
973,track_1131173,artist_352428,easylistening|newage|popfolk,-0.024416375937214525,0.02699386193022687,0.005635580315866726,1
974,track_1131179,artist_352428,easylistening|newage|popfolk,-0.022014045794902733,0.02649495056376217,0.00410268862375207,1
975,track_1131442,artist_444350,newage|soundtrack|worldfusion,0.02808083270952875,-0.039551734410322024,-0.023143030791202494,2
976,track_1131450,artist_444350,newage|soundtrack|worldfusion,0.018220362209638047,-0.027191529978614556,-0.01565359134313591,2
977,track_1131565,artist_340121,ambient|chillout|electronic|lounge,-0.01593429935223515,-0.011172347084803552,-0.0017058021850722182,1
978,track_1131573,artist_340121,ambient|atmospheric|chillout|electronic|lounge,0.017443867926047716,-0.033149815463107316,-0.021362618619336297,2
979,track_1133342,artist_434948,electronic|hiphop|industrial,0.03396772204997206,0.017514566144704348,-0.00358231659793133,2
980,track_1133350,artist_434948,electronic|hiphop|industrial,0.05331973890572892,0.0029714971717240326,0.04965795822035052,2
981,track_1133479,artist_444486,alternative|indie|pop|rock,0.00999614068812476,0.029717714433185886,-0.005464801452545418,2
982,track_1133554,artist_375104,dance|poprock,-0.0022766894252218305,0.003714992424980675,-0.004238805755024446,1
983,track_1133559,artist_375104,dance|poprock,-0.0007200709283749446,0.0022356365838047698,-0.004738042937130884,1
984,track_1134438,artist_433123,newage,-0.026732980515373754,-0.026085990004404886,0.00178321755045166,1
985,track_1134465,artist_338779,pop|soundtrack,-0.010339234557161197,0.03299824925161733,-0.00019960093550479396,1
986,track_1134850,artist_437980,classical|soundtrack,0.023575355834252715,0.003832839442758267,0.0032793864357094906,2
987,track_1134854,artist_448491,metal,-0.0005001594716360054,-0.0010436762147648221,-0.012667613819488359,1
988,track_1134859,artist_437980,classical|soundtrack,0.017495901524885726,0.015192230973385611,-0.004068350465737653,2
989,track_1135054,artist_423882,chillout|lounge,-0.012530719182977384,0.034240569661344214,0.0010639453272464365,1
990,track_1135079,artist_338444,dub|dubstep|electronic,0.04782235457040288,0.01074822892951105,0.03127029676138135,2
991,track_1135157,artist_375935,easylistening|popfolk|poprock,0.01744324298810013,-0.0011092609992506858,-0.007953701031881285,2
992,track_1135390,artist_370748,ambient|electronic,0.009106920616959877,0.05822254444121627,-0.0154065928028061,2
993,track_1135473,artist_006916,ambient|chillout|triphop,-0.0010086157227550266,-0.004227760896565209,-0.0010127551176922626,1
994,track_1135713,artist_007063,electronic|pop,-0.004484655761076555,-0.006762171570397398,-0.0035107172643453247,1
995,track_1136338,artist_357317,dance|electronic,0.019920252527770535,0.0022369485862396474,0.002939280623760432,2
996,track_1136342,artist_357317,dance|electronic,0.025399199072510262,0.019269393991818515,0.0009062650425336183,2
997,track_1136365,artist_337741,ambient|electronic|newage|soundtrack,-0.003065376648190719,-0.010821615920040488,0.004373998115389574,1
998,track_1136842,artist_367979,alternative|grunge|indie|rock,-0.005134154703277506,0.017380683005486623,-0.00338929858229393,1
999,track_1137259,artist_448643,easylistening|folk|pop,0.02234698437074381,-0.009772400667661166,0.0009873085030783287,2
1000,track_1138773,artist_357359,hiphop|pop|rap,0.02490171636754583,-0.012238154186390288,-0.006726211001934809,2
1001,track_1139426,artist_428449,ambient|chillout|easylistening,-0.01932504984409092,-0.024792505956812927,0.003228922992292728,1
1002,track_1139450,artist_435845,eurodance|pop,0.025189464361878144,0.0015506125350012439,0.020214591329558943,2
1003,track_1139454,artist_435845,eurodance|pop,0.020301408796540087,0.010286160292429404,-0.0017165472570322452,2
1004,track_1142559,artist_451078,hiphop,0.01257103723231226,-0.019682234703134308,-0.01191617186838622,2
1005,track_1142857,artist_429523,,0.014368918711558034,-0.008376715313954244,0.0022075366839164954,2
1006,track_1143154,artist_366613,classical|improvisation|soundtrack,-0.030546115855693397,-0.021014472524172503,0.009200093639325795,1
1007,track_1143857,artist_452142,chillout|pop|rock,0.0023818600923635447,-0.01709101929182859,-0.010053775031588726,2
1008,track_1143942,artist_375935,orchestral|soundtrack,-0.003595444229554326,-0.006806841910257485,-0.007194719737367,1
1009,track_1144754,artist_375104,instrumentalrock|poprock,0.0013701345793341766,-0.016607421863474726,-0.00904919669982553,2
1010,track_1144757,artist_375104,instrumentalrock|poprock,0.005776402870821999,-0.016085024484765856,-0.009625683850310401,2
1011,track_1145459,artist_374130,pop,0.006770445168495131,-0.008491678960703858,-0.0034434108267268368,2
1012,track_1145838,artist_442397,ambient|classical,0.010579784350129984,-0.006180915553491777,-0.00637755599114856,2
1013,track_1147338,artist_452945,country|rock|rocknroll,0.02753188601079016,0.0010568603800161047,0.00890720116157804,2
1014,track_1147359,artist_452945,folk|hardrock|rock|soundtrack,0.0031950157188374304,-0.006240357411249376,-0.011306136831481227,2
1015,track_1149226,artist_357317,dance|electronic,0.025153939430157875,0.02124230144838054,-0.0002608833649768819,2
1016,track_1149238,artist_357317,dance|electronic,0.018517424061532894,0.01768263526175221,0.00037898648337946313,2
1017,track_1149313,artist_452142,ambient|chillout|pop,-0.014059035132739749,0.0027849216761965823,0.007201559671912343,1
1018,track_1149373,artist_005240,pop|soundtrack,0.01795532985152655,-0.009700735441983258,-0.00016963282272214496,2
1019,track_1149454,artist_005240,instrumentalpop|pop|soundtrack,0.03627553316199928,-0.027618666714191067,-0.002885211175588973,2
1020,track_1149573,artist_359452,disco|electronica|electropop,0.01518202050349724,-0.0008888959559453913,0.0012872504006214774,2
1021,track_1149713,artist_008094,,-0.05076777360608038,-0.014991013679671294,0.01709459993480508,1
1022,track_1149726,artist_008094,electronic,0.005582372419833124,-0.013103755479376738,-0.008116732488995686,2
1023,track_1149757,artist_347673,classical,-0.02495909218765056,-0.020974437935441285,0.0028041288973046667,1
1024,track_1149873,artist_008094,electronic,-0.016732918032522515,-0.008360098038383867,0.0013155528279936398,1
1025,track_1150079,artist_008094,electronic,-0.0187537805930141,-0.0009145265329753851,0.0016515363940600187,1
1026,track_1150113,artist_008094,,-0.031811997227887544,0.016178279173525396,0.0089977927291165,1
1027,track_1150126,artist_008094,electronic,-0.014299200462041478,0.013338200172182537,0.0010675221139611743,1
1028,track_1150350,artist_008094,electronic,-0.04695782414578311,-0.014194608217490906,0.015321660952019468,1
1029,track_1150354,artist_008094,,-0.031487040261525295,0.0007256566392137728,0.007928527834331622,1
1030,track_1150357,artist_008094,electronic,-0.03259855037942587,-0.014497989675795254,0.007794454667010223,1
1031,track_1150359,artist_008094,electronic,-0.04086147660553242,-0.013060076423299777,0.010987457255874387,1
1032,track_1150379,artist_008094,electronic,-0.019565225094516917,-0.0007968709145172578,0.0011873056672491787,1
1033,track_1150490,artist_439567,hiphop|triphop,0.0016031939566403823,-0.014488696712901554,-0.005836109555560919,2
1034,track_1150738,artist_007872,folk|indie|popfolk,-0.012049394132143131,-0.038689457293857026,-0.011801621500608808,1
1035,track_1151550,artist_452945,easylistening|pop,0.012245122098394077,-0.016008126718390442,-0.009407244176692652,2
1036,track_1151554,artist_452945,easylistening|pop|soundtrack,0.02106472660592994,0.018168546030296488,-0.004808338946004197,2
1037,track_1151559,artist_452945,easylistening|pop|soundtrack,0.006274828916431224,-0.025662274616447826,-0.013515826857605124,2
1038,track_1152638,artist_452945,heavymetal|rock|soundtrack,0.006999743680799547,-0.010044447883643583,-0.011527815109319068,2
1039,track_1153942,artist_339574,newage|soundtrack,-0.013857584127010606,-0.021995654405955314,-0.009103766329178805,1
1040,track_1153990,artist_340444,indie|pop|poprock,0.012627561860353593,-0.009310442531040665,-0.0072316432295748,2
1041,track_1154279,artist_441699,,0.01024787038481282,-0.015377258624795106,-0.010124280875263235,2
1042,track_1154338,artist_375104,dance|electronic|techno|trance,0.04180421496233318,0.03292605089233178,-0.00442266891661643,2
1043,track_1155054,artist_454134,grunge|metal|punkrock,0.012986852387143803,-0.004479008487057116,-0.011773964462814653,2
1044,track_1155057,artist_454134,grunge|metal|punkrock,-0.0014179046852295352,-0.013509552760608069,-0.006126047280461006,1
1045,track_1155059,artist_454134,grunge|metal|punkrock,0.00506073967177758,0.0015502670286266778,-0.005886719829363984,2
1046,track_1155157,artist_432273,classical,0.0012304355338151247,-0.006547365313947194,-0.003633727792882183,2
1047,track_1155559,artist_362955,folk|instrumentalpop,0.012603117606194618,-0.01869025887459697,-0.011937303294301618,2
1048,track_1156042,artist_439289,atmospheric|classical|soundtrack,-0.0013020902758318904,0.123161687877678,-0.03874609173267357,1
1049,track_1156573,artist_371382,breakbeat|club|dance|techno|trance,0.025734461898090456,0.0028211331236690416,0.015274417247787114,2
1050,track_1156579,artist_375935,soundtrack,-0.035516933364514704,0.08507400791964717,0.0006421041564169993,1
1051,track_1157350,artist_381661,classical|folk|soundtrack,-0.0034946430979071155,0.000811872127277558,-0.0019554586797775014,1
1052,track_1157357,artist_381661,classical|orchestral|soundtrack,-0.04806336535195369,0.003591992743660478,0.016379216644577817,1
1053,track_1158173,artist_432273,ambient|jazz,0.0027680917014627233,-0.01723265124496578,-0.008590992002050232,2
1054,track_1158965,artist_450929,electronic|folk|popfolk,0.03250737875302264,0.018920783681338052,-0.00037386932959331334,2
1055,track_1158979,artist_357317,electronic,0.028746571045841364,0.005486647390016534,0.02387511211584717,2
1056,track_1159259,artist_442381,pop,0.022526773942515715,-0.009457668358856487,0.0025350025348310785,2
1057,track_1159659,artist_455072,folk|popfolk,-0.0013340648641767432,0.0031456002889442307,-0.006655210104995251,1
1058,track_1159665,artist_455072,folk|popfolk,-0.008117394144597268,0.04678683248018198,-0.0013858648819074764,1
1059,track_1159690,artist_437812,ambient|electronic|soundtrack,-0.005461927447809719,0.02156814689898529,-0.0005287000051462616,1
1060,track_1159738,artist_435953,ambient|minimal,-0.00857440796606124,0.016082330881567103,-0.006906618392444856,1
1061,track_1159742,artist_455072,folk|popfolk,0.0084368037609796,0.01479024967334539,-0.0065060134371383,2
1062,track_1159859,artist_455091,celtic|indie,0.01087788825787356,-0.012490412913778991,-0.007782962101088622,2
1063,track_1160273,artist_443553,atmospheric|classical|soundtrack,-0.03249516172366038,0.0023111238215988376,0.012192598110851683,1
1064,track_1161157,artist_002656,easylistening|soundtrack,0.009336429527702802,-0.018405106220564238,-0.009063714201353778,2
1065,track_1161459,artist_375104,dance|electronic,-0.0025792691620510426,0.010685697484824388,0.005488386103887058,1
1066,track_1161938,artist_357359,electropop|rap|techno,0.031685826383843145,0.011235007091348894,0.010237230307881786,2
1067,track_1162013,artist_004777,alternative|indie|pop|rock,-0.023622556797656874,0.0805101965396314,-0.0023284066238996003,1
1068,track_1162938,artist_455463,ambient|experimental|progressive,-0.006515364173602042,-0.00447654871802893,-0.001380254708975815,1
1069,track_1162942,artist_428877,classical,-0.018751117822885854,-0.02264339851606882,0.0008023236363957745,1
1070,track_1162954,artist_438910,ambient,-0.03728664340644353,-0.0015057055169846083,0.012984899454030556,1
1071,track_1162957,artist_438910,electropop,0.010367113745008368,0.005513856455389005,-0.005324289401945294,2
1072,track_1162979,artist_455689,ambient|electronic|newage,-0.04305500332632645,-0.0030263419183637085,0.016705463131379286,1
1073,track_1163350,artist_347673,alternative|pop|rock,-0.02230622907299208,-0.0199467874332542,0.0017662839788477947,1
1074,track_1163779,artist_370988,80s|electronic,-0.008909108541568816,0.005234954631887652,-0.007278812562747862,1
1075,track_1163965,artist_455760,folk,-0.0046146557469837505,-0.014839746222187176,-0.00427755581606441,1
1076,track_1164050,artist_341459,easylistening|soundtrack,0.0062285085731750255,-0.021924090238885027,-0.013489420940861875,2
1077,track_1164338,artist_353294,classical|soundtrack,-0.014592652195536283,-0.0058761068348333455,0.0036494333731143668,1
1078,track_1164465,artist_437980,electronic,0.025065406224223093,-0.022863017918540472,-0.013968395615809148,2
1079,track_1164479,artist_437980,classical|soundtrack,-0.004693779011517378,-0.0014811135509838248,-0.004736429826419943,1
1080,track_1164990,artist_007805,folk|instrumentalpop|soundtrack,-0.018208757939328843,-0.0005281150705502045,0.003082648739720453,1
1081,track_1165173,artist_352416,ambient|easylistening|lounge,0.014726945124805555,-0.004492540404327328,0.002436860971913211,2
1082,track_1165179,artist_352416,ambient|easylistening|lounge,0.01089207084554825,-0.029547907443265343,-0.018602518958507168,2
1083,track_1165465,artist_455057,folk|indie|popfolk,0.01026900901850322,-0.018280050104865386,-0.009755845906600462,2
1084,track_1165473,artist_455057,folk|popfolk|singersongwriter,-0.007712144204960181,-0.0009913902923512608,0.0030573787781832057,1
1085,track_1166090,artist_437980,classical|soundtrack,-0.001100543419100056,0.22392572379516582,-0.06901728277819374,1
1086,track_1166150,artist_005240,classical|soundtrack,-0.023613447153945297,-0.01904499567912945,0.0027453957357613484,1
1087,track_1166159,artist_005240,classical|soundtrack,-0.0016454424627147012,-0.004758714585632664,-0.003141384128446846,1
1088,track_1166679,artist_442397,rock,0.018833446530015327,0.0010308833362127356,-0.003980524566319691,2
1089,track_1166926,artist_007805,folk|popfolk|soundtrack,0.001145015460118846,-0.0032261432659924224,-0.015155111402054704,2
1090,track_1167073,artist_367887,classical,-0.038444574821760516,-0.0037814295752786743,0.013529010053170861,1
1091,track_1167079,artist_367887,classical,-0.0262219316473522,-0.00838186113120486,0.004087383343875348,1
1092,track_1167557,artist_375104,dance|pop,0.02781857027198917,0.024128324087842865,-0.00038204473445684056,2
1093,track_1167565,artist_375104,dance|pop,0.006016642413384846,0.02034164793406771,-0.0034977867782696377,2
1094,track_1167873,artist_456650,indie|pop|soundtrack,-0.01575183803965053,0.0518213811141686,0.0008472828823612173,1
1095,track_1167954,artist_451073,easylistening,-0.016446035285465364,-0.011816299630161831,0.0038650368446489633,1
1096,track_1168479,artist_367887,classicrock|pop,-0.008888106603430706,0.03328941817425812,-0.0023984972713240616,1
1097,track_1168813,artist_448635,easylistening|electronic|newage|soundtrack,-0.01729858622131097,0.05287772313448784,-0.0003706282701449709,1
1098,track_1169057,artist_374229,pop|rock,0.030561863428339716,0.021387951850756082,0.001752113249511501,2
1099,track_1169059,artist_374229,pop|rock,0.004614380957991082,0.01794405534852643,-0.004803608047320142,2
1100,track_1169526,artist_362473,chillout|lounge,0.011457290071710296,0.004117726693567975,-0.0058882156583813395,2
1101,track_1169713,artist_338649,classical,-0.03771472949543551,0.00021150516973165594,0.00848661408404337,1
1102,track_1169726,artist_338649,classical,-0.02197694139531867,-0.010223741781846677,0.00022571531844399064,1
1103,track_1169942,artist_457223,electronic|hiphop,0.033411230130975904,0.007179531703691101,0.01447784251494728,2
1104,track_1170413,artist_455493,classical|soundtrack,-0.03092448222508781,-0.00886535252696355,0.01072366640896479,1
1105,track_1171150,artist_368975,ambient|classical|experimental|orchestral|soundtrack,0.0072496647671854,0.009047781947953441,0.000497622186940397,2
1106,track_1171238,artist_375104,instrumentalpop|pop,0.004668105918084995,0.0038809478119581843,0.0011733594271225473,2
1107,track_1171250,artist_375104,instrumentalpop|pop,-0.012188452681392818,0.0020520064775170137,0.0036461685643320134,1
1108,track_1171254,artist_375104,instrumentalpop|pop,0.018230299428572107,-0.0016635801090142451,0.00521698479309311,2
1109,track_1171550,artist_370490,ambient|electronic|experimental,-0.014779171663164854,-0.03438371068060725,-0.010181638525954224,1
1110,track_1172557,artist_435725,classical|orchestral,-0.01374289203336965,-0.017043659912750506,-0.0015511874641913395,1
1111,track_1172565,artist_435725,classical|orchestral,-0.053094974290370876,-0.003968631992382608,0.016681274794930926,1
1112,track_1173138,artist_338447,ambient|orchestral|soundtrack,-0.006491166702117441,-0.025810161159881304,-0.012269632553350307,1
1113,track_1173142,artist_338447,ambient|classical|orchestral|soundtrack,-0.013533238992425216,0.10559767490642329,-0.02312625635810127,1
1114,track_1174090,artist_337741,ambient|atmospheric|newage|soundtrack,-0.021155268221484332,-0.012615732212693633,0.00487224302491574,1
1115,track_1174442,artist_352230,indie|jazz|rock,-0.002440714554579087,0.004444463851756798,-0.0047961942636745025,1
1116,track_1174465,artist_457860,hiphop,0.006800954615701845,-0.014671076923717519,-0.006499630449608901,2
1117,track_1176150,artist_457205,folk|rock|soundtrack,0.005258854555308091,-0.007473463056169453,-0.005719515564235654,2
1118,track_1176413,artist_457998,ambient|newage|world,0.0029818875564931032,-0.017745702381307273,-0.008120850990618982,2
1119,track_1177354,artist_458036,breakbeat|electronic|oriental,0.020550167465361483,-0.005933625074079164,-0.0022717039263229068,2
1120,track_1177757,artist_437571,60s|soul,0.007526503973843317,-0.0021217251321292755,-0.006309997011834996,2
1121,track_1177790,artist_437571,indie,0.00622994965937209,0.0071827689904251256,-0.010116322330039677,2
1122,track_1177890,artist_438603,pop|rock,-0.002540688118275871,0.011190264532041442,-0.00944406235892943,1
1123,track_1180613,artist_007349,club|dance|pop,0.012172806567318247,-0.013500147889255912,-0.0063051563939283154,2
1124,track_1185757,artist_003944,chillout|electronica,0.02251009177324055,0.002902409624530795,-0.009394607834206228,2
1125,track_1185765,artist_003944,jazz|lounge,-0.00936338361831904,0.04043870839266911,0.00028998556718267695,1
1126,track_1185773,artist_003944,classical|soundtrack,-0.021240624183681632,0.014855915063293677,0.006114984037261073,1
1127,track_1185779,artist_003944,easylistening|electronic,0.0010301029596220615,-0.015053892500510275,-0.007504643561521158,2
1128,track_1185790,artist_003944,electronic|lounge,-0.0009040825290633909,-0.017135140107696584,-0.006779880407779731,1
1129,track_1186026,artist_375104,funk|groove|rock,-0.009003744409504745,0.036649746234370485,-0.0013209314182691765,1
1130,track_1186165,artist_457665,choir|folk|pop|popfolk,-0.0028242830475602087,-0.015673101203910095,-0.008612636095742778,1
1131,track_1187479,artist_434945,classical|orchestral|soundtrack|symphonic,-0.03428694901514975,0.0030357192333552627,0.011724081762793935,1
1132,track_1187642,artist_005365,pop|popfolk|singersongwriter,-0.006341447322114467,-0.02155231952969244,-0.009082716552954296,1
1133,track_1188126,artist_434337,dance|pop,0.034391012554799906,0.028565338667995946,-0.002718449288928007,2
1134,track_1188990,artist_000560,darkambient|orchestral|soundtrack|symphonic,-0.0068890931432284315,-0.014719826450511349,-0.006022356753832006,1
1135,track_1189073,artist_460234,pop|singersongwriter,-0.008892185006661718,-0.014341232146741089,-0.00189302469997607,1
1136,track_1189913,artist_460469,easylistening|indie|rock,-0.0010544268006312137,0.0021071011258608253,-0.0031908038715259077,1
1137,track_1189926,artist_460469,easylistening|folk|indie|soundtrack,0.006336482437623288,-0.013447661358807378,-0.007692903965217482,2
1138,track_1189938,artist_460469,folk|indie|rock,-0.0068311593832364485,0.008837908676499332,-0.0035185318743582612,1
1139,track_1189942,artist_460469,indie|rock,0.016517461958335818,0.013483651402167375,-0.006120833733150111,2
1140,track_1189950,artist_460469,easylistening|folk|indie,-0.026331966030202582,0.03630271183701646,0.004916075702995243,1
1141,track_1189954,artist_460469,easylistening|indie|singersongwriter,-0.01943394174313503,-0.005279909439537744,0.0003770147828026319,1
1142,track_1189957,artist_460469,easylistening|folk|indie,0.02023776146254651,-0.01731045239576027,-0.003518407936863947,2
1143,track_1190138,artist_460519,jazz,0.0047419838138069315,-0.012542226508945159,-0.003683571205483388,2
1144,track_1190159,artist_006916,ambient|chillout|triphop,0.0154430302294855,-0.035451349985737096,-0.019109344915963784,2
1145,track_1190165,artist_460519,ambient|orchestral,-0.027875514430346436,-0.011283705463926576,0.007372989257561482,1
1146,track_1190626,artist_340121,ambient|chillout|electronic,-0.005000302570579124,0.023141420227161296,-0.00022061721715243093,1
1147,track_1190665,artist_340121,ambient|electronic|newage,0.014390004447502533,-0.008831153779651124,-0.007810040910787254,2
1148,track_1190959,artist_455057,easylistening|folk|world,0.00331874069551471,-0.004017809352048998,-0.0006077497849185564,2
1149,track_1190979,artist_453529,ambient|downtempo|electronic|soundtrack,0.01463439663113442,-0.015070678551747284,-0.0035882990454988066,2
1150,track_1191326,artist_355362,soundtrack|symphonic|world,-0.022604656548193023,-0.017808903207896548,-0.004150201161104832,1
1151,track_1192554,artist_456894,jazz|jazzfusion|soundtrack,0.005233043267583131,0.01814158731714311,-0.0010569080044737363,2
1152,track_1193450,artist_461256,hardrock|progressive|rock,-0.003962406392434475,-0.01707477863527259,-0.008122515686658213,1
1153,track_1193890,artist_348759,classical|jazz|soundtrack,-0.03928786043736324,-0.012385995611136489,0.013210439492133916,1
1154,track_1193990,artist_431036,electronic|indie|synthpop,0.01682294283379696,0.008946684383898293,-0.0015604250730820149,2
1155,track_1194557,artist_002656,jazz|jazzfusion,-0.005818203028072207,-0.021718563167482566,-0.006961318319121521,1
1156,track_1194590,artist_002656,ambient|electronic|electropop|soundtrack,-0.005005132444941,0.0574187261548875,-0.010118003762797572,1
1157,track_1194757,artist_461539,atmospheric|dubstep|hiphop,0.011869673369153193,-0.023830796199886425,-0.010686998482978376,2
1158,track_1194759,artist_461539,atmospheric|hiphop|triphop,-0.00029768761786512754,-0.00890718609682675,-0.0009399463948523961,1
1159,track_1194765,artist_461539,ambient|atmospheric|hiphop,0.014915243069091038,0.010011834613584857,0.003285757607034249,2
1160,track_1194790,artist_432273,classical|minimal|soundtrack|symphonic,-0.00986018619930327,-0.0014409005011661242,0.0022461163650312954,1
1161,track_1194826,artist_370191,classical|orchestral|soundtrack,-0.020942817000385524,-0.0022919489610659137,0.004778033574721946,1
1162,track_1195826,artist_340121,ambient|electronic|newage|soundtrack,0.019944642980433747,0.007831114684011169,-0.0027230097684723975,2
1163,track_1195865,artist_003944,folk|pop|rock,0.010105240858628926,-0.021602625170155005,-0.01238475673310008,2
1164,track_1195873,artist_003944,classical|soundtrack,-0.04459833682764033,0.02685488261146069,0.014039587897341547,1
1165,track_1195879,artist_003944,folk|pop,0.006178005354718372,0.014211692163316645,-0.0018414845913869154,2
1166,track_1195890,artist_003944,classical|minimal,-0.03685040709078579,-0.0030189055591471003,0.013407043042873662,1
1167,track_1195913,artist_003944,groove|reggae,-0.01139055948190582,0.037842103217620195,0.0018541677827630958,1
1168,track_1195926,artist_003944,electronic|hiphop,-0.008661181341747369,0.06612732643072422,-0.0029152536645903897,1
1169,track_1195938,artist_003944,easylistening|electronic,0.008373431051843414,-0.0047377131338627275,-0.004788724246250439,2
1170,track_1196179,artist_361694,orchestral|soundtrack|symphonic,0.01198135045815045,-0.02254932738399538,-0.014960493567222923,2
1171,track_1197079,artist_419438,country|soundtrack,0.02220380432957533,-0.027507289905408776,-0.015864200179010933,2
1172,track_1197390,artist_347673,classical,-0.030082262574537777,0.0016149557145098915,0.0028858469751930236,1
1173,track_1198190,artist_456650,alternative|rock|soundtrack,0.012622822085737813,-0.01845457965194111,-0.011951335476512882,2
1174,track_1198259,artist_359472,soundtrack,-0.012444626238480529,-0.027017709782212417,-0.006004766896822325,1
1175,track_1198538,artist_419438,house,0.047747610483427856,0.004253881965828655,0.08896108448432882,2
1176,track_1198542,artist_419438,house,0.04039968437035458,0.006227476370129022,0.04004514318229466,2
1177,track_1198550,artist_419438,house,0.028717889205280574,0.01757616460663498,0.0018216902571373244,2
1178,track_1198554,artist_419438,house,0.018859927454686735,0.0032476784285096092,-0.0002234129878614471,2
1179,track_1198557,artist_462340,newage,-0.027869155050867598,-0.015502093351090606,0.00533005672950265,1
1180,track_1198559,artist_462340,newage,-0.03358403443813673,-0.01447032758557964,0.005276533133131868,1
1181,track_1198565,artist_462340,newage,-0.03475077767903755,-0.015170542755416799,0.005257301148831797,1
1182,track_1198673,artist_419438,funk,0.03829093640749316,-0.001383535445699247,0.0193855182313243,2
1183,track_1199050,artist_419438,electronic|rock|soundtrack,0.01968346487141769,0.022691020118814735,-0.003148999267436413,2
1184,track_1199054,artist_419438,electronic|hiphop|soundtrack,0.0142327743979897,-0.013721296583408798,-0.008145855584319165,2
1185,track_1199057,artist_419438,electronic|house,0.030901812952369444,0.011703897949452082,0.008493852540019256,2
1186,track_1199059,artist_419438,ambient|electronic|soundtrack,-0.01701350027442533,0.0043324477255913055,0.005301901102190671,1
1187,track_1199573,artist_368142,ambient|darkambient|industrial,0.005255672775546287,-0.016157713121491,-0.005436123921490404,2
1188,track_1199626,artist_431744,electronic|experimental|newage,0.020894473815758458,-0.013418021759303456,-0.0076640129740676785,2
1189,track_1201479,artist_363592,90s|hiphop|rap,0.012678749138951695,-0.01861093241447316,-0.011815537336683899,2
1190,track_1202954,artist_463083,folk|world,0.006221202083392278,0.013768926459130642,-0.002843066108268496,2
1191,track_1203657,artist_426192,60s|rock|singersongwriter,0.010011185864299759,-0.01242540719869107,-0.012045028411470999,2
1192,track_1203665,artist_426192,60s|blues|bluesrock|singersongwriter,0.037436070534511534,-0.004511459768530821,0.007388555903223463,2
1193,track_1203865,artist_368762,chillout|ethno|symphonic,0.019749593787435495,-0.017008294586437867,-0.004507656229643199,2
1194,track_1203873,artist_368762,chillout|classical|symphonic,-0.02316753262959052,-0.005992762293869589,0.001557405865849829,1
1195,track_1203926,artist_003682,darkambient|electronic|experimental,-0.022343115528133648,0.002937864471013387,0.004636927983296775,1
1196,track_1203950,artist_003682,darkambient|electronic|experimental,-0.029297690052517464,-0.011763190883458138,0.007151057151919236,1
1197,track_1204665,artist_463402,country|pop,-0.0008049482840076169,0.026432060121900653,-0.004172525583879214,1
1198,track_1204813,artist_462768,alternative|indie|poprock,0.015952711905482597,0.006405632321306078,-0.00855888308295839,2
1199,track_1205073,artist_463180,ambient|ethno|tribal,0.01605097631055007,-0.02266748987822177,-0.013864310901985748,2
1200,track_1205954,artist_463441,dance|electropop|synthpop,0.02965997170886679,0.009707576153217207,-0.00983015960665106,2
1201,track_1206159,artist_438910,ambient|electropop,-0.019325237540186686,0.0176772946190996,0.003749921546763785,1
1202,track_1208042,artist_347734,experimental|psychedelic|trance,0.008569769976823393,-0.02592692976211582,-0.01294492810158483,2
1203,track_1208250,artist_438161,chillout|electronic|experimental,0.0003061091339281757,0.00038482027843933454,-0.0014572431131368733,2
1204,track_1208442,artist_464776,hiphop,0.019737317039603325,-0.023172012490031844,-0.00768509722989091,2
1205,track_1209359,artist_455057,soundtrack|world,-0.01091579597212437,-0.0186637156017735,-0.008927471407361208,1
1206,track_1209450,artist_451073,pop,0.00404394272331159,0.005815487459302797,-0.004807055333337704,2
1207,track_1209626,artist_003944,pop|rock,0.02175332320826575,-0.0034954894144447234,-0.012033473640711261,2
1208,track_1209638,artist_003944,easylistening|orchestral|soundtrack,-0.002566531899800564,0.002460629504136986,-0.0038325415350004143,1
1209,track_1209642,artist_003944,easylistening|jazz,0.008620557923076415,-0.01331978886523229,-0.008466008083692562,2
1210,track_1209650,artist_003944,electronic|soundtrack,-0.03613232561901219,0.019816667572683574,0.01110477219889189,1
1211,track_1209654,artist_003944,ethno|soundtrack,0.02448103814548827,0.006612210083468489,0.003313025606214736,2
1212,track_1209657,artist_003944,ethno|soundtrack,0.016719594638066586,-4.696745500880569e-05,-0.00526450943376917,2
1213,track_1209659,artist_003944,easylistening|electronic,0.02979261148470912,0.02051271521087922,0.003004512165882435,2
1214,track_1210890,artist_352428,ambient|darkambient|popfolk,-0.011647102218123543,-0.007778373259443215,-0.002250133845730187,1
1215,track_1211213,artist_351337,alternative|indie,0.005480345700736976,0.014326506724215395,-0.003256386690021366,2
1216,track_1211526,artist_456650,pop|poprock|soundtrack,-0.002512587354287539,0.11363686147835667,-0.037104564527074654,1
1217,track_1214850,artist_466508,experimental|fusion|latin,0.01535047282308658,-0.008694908286514657,0.004131156901121918,2
1218,track_1215873,artist_466801,indie|rock,0.013537301392833965,0.005514936172397823,0.0013969713815950467,2
1219,track_1216038,artist_466868,alternative|folk|pop,-0.0014489371477216322,-0.011048411854209395,-0.019145553794207768,1
1220,track_1216154,artist_458175,orchestral|soundtrack|symphonic,-0.0018169163268736176,-0.01405059230314454,-0.008317899568145931,1
1221,track_1216157,artist_458175,orchestral|soundtrack|symphonic,0.00020810594845910885,-0.012269533001715245,-0.008933594747634966,2
1222,track_1216159,artist_458175,atmospheric|orchestral|soundtrack,-0.03466077623335271,-0.002015510613187657,0.008814029831016168,1
1223,track_1216213,artist_456650,electronic|electropop|pop,-0.0077118826776039215,0.03233954115641332,-0.006232590712817364,1
1224,track_1217157,artist_441694,electropop|indie|rock,0.005815738360233892,0.027243684609304562,-0.004855637729770599,2
1225,track_1217159,artist_441694,electropop|indie|rock,0.020763784682081534,-0.024242069307663615,-0.0165345192577344,2
1226,track_1217165,artist_441694,electropop|indie|rock,0.03199679325700223,-0.04076798143225386,-0.02589431734756141,2
1227,track_1217513,artist_396983,easylistening|electronic|soundtrack,0.011645930666971421,-0.0037921318929731436,-0.00197971826087363,2
1228,track_1218250,artist_375104,dance|ethno|techno,0.013777445642335451,0.009101596722488673,-0.00014124575091936816,2
1229,track_1219290,artist_467612,alternative|folk|pop,-3.787950441118062e-05,0.02126630127636449,-0.00044504954296828637,1
1230,track_1219426,artist_368759,ambient|atmospheric|electronic,-0.0034545966352154483,0.21258065698843523,-0.06767051179464996,1
1231,track_1219473,artist_355675,60s|folk,-0.006894229917800367,0.01047770034383665,0.0007293513283657329,1
1232,track_1219757,artist_337346,electropop|house|progressive|soundtrack,0.028642258943379777,0.018813070316560758,-0.0016020876936749713,2
1233,track_1220659,artist_467467,orchestral|soundtrack|world,0.012739150706912207,-0.016336209583244797,-0.011743583458024988,2
1234,track_1220665,artist_467467,orchestral|soundtrack|world,-0.007902638002677672,-0.0029358183191154456,-0.0041623469262555895,1
1235,track_1221326,artist_441727,ambient|easylistening,0.006029037382464556,-0.014111875309563577,-0.007304855420362508,2
1236,track_1221442,artist_431744,experimental|newage,0.0024834791540496027,-0.00888682028452317,-0.006271714106441269,2
1237,track_1221465,artist_431744,experimental|newage,0.024974879517321136,-0.021489463860864696,-0.004921471971322842,2
1238,track_1221565,artist_003944,club|dubstep|electronica,0.021719645229997427,0.014260892124565612,0.00065695006020681,2
1239,track_1221573,artist_003944,easylistening|jazz|lounge,-0.005907143979286535,-0.016501756301790203,-0.006008733577120834,1
1240,track_1221579,artist_003944,easylistening|soundtrack,-0.014095275032690568,-0.018480480132358118,0.00040859058048725686,1
1241,track_1221590,artist_003944,easylistening|soundtrack,-0.01787966488603543,-0.014381671493686937,0.003794103917309591,1
1242,track_1221850,artist_468830,folk|pop|popfolk,0.0020304492297765586,-0.013342409515044843,-0.007363273089251623,2
1243,track_1221854,artist_468830,folk|jazz|latin,0.009886504566864669,-0.020012645312638244,-0.01280173066098332,2
1244,track_1221865,artist_468830,alternative|indie|pop,0.008436964261383144,-0.00666875433820738,-0.00264843438472362,2
1245,track_1222013,artist_437980,folk|popfolk|poprock,0.027082974493576224,0.004961519248001729,-0.007035425080532924,2
1246,track_1222313,artist_005240,classical|orchestral|soundtrack,-0.02691364571602828,-0.00573945498661574,0.007041524277015349,1
1247,track_1222326,artist_005240,classical|orchestral|soundtrack,-0.051916340175874334,-0.009540738725080473,0.017110677920662593,1
1248,track_1222338,artist_005240,ambient|orchestral|soundtrack,0.002805283574538303,-0.01414068966047073,-0.007256649974119537,2
1249,track_1222626,artist_344764,classical|orchestral|symphonic,-0.0603542007200414,-0.018189771636622,0.01948104015143743,1
1250,track_1222779,artist_469116,easylistening|folk|soundtrack,-0.025324733889766325,0.003828121661709238,0.025664018158963287,1
1251,track_1222857,artist_469116,blues|country|rock,0.011106217896583845,-0.020032870809654782,-0.012494865717390212,2
1252,track_1223150,artist_454426,alternative|pop|singersongwriter,0.01758290944951368,-0.018054115654730973,-0.004639899714650986,2
1253,track_1224065,artist_466600,pop|rock|soundtrack,-0.015699728233857686,0.011676206996679598,0.0002868299723172594,1
1254,track_1224879,artist_365532,ambient|atmospheric|synthpop,0.008558644340885189,-0.009871131547800454,0.0049437700575711944,2
1255,track_1225159,artist_348759,classicrock|soundtrack|symphonic,-0.009857715090549992,0.002182929587069823,-0.009311469316210462,1
1256,track_1225626,artist_365532,atmospheric|darkambient|synthpop,-0.024313857447166982,-0.013101583957971261,0.0036255069581466216,1
1257,track_1225957,artist_454118,indie|poprock|rock,0.0022749757548120495,0.029008408390768164,-0.0012101619298135813,2
1258,track_1225973,artist_454118,80s|rock,0.0035934917184840876,-0.0007085242039395098,-0.011189484167889582,2
1259,track_1226642,artist_337428,heavymetal|metal|rock,0.018196050108042715,0.031802427324405996,-0.011287033769355286,2
1260,track_1226813,artist_469255,70s|psychedelic|rock,-0.003962335092593863,0.004351328373752609,-0.003672218330896643,1
1261,track_1227459,artist_459422,orchestral|soundtrack,-0.0006534802274312342,0.0003512381183601379,-0.0023047904791754074,1
1262,track_1227554,artist_460469,folk|indie|rock,-0.017221358123441048,0.026860884698256482,0.002888886811389341,1
1263,track_1227742,artist_470512,easylistening|jazz|lounge|soundtrack,-0.04673194426024331,-0.014738575337414338,0.01629138823794677,1
1264,track_1228759,artist_452157,electronic|pop|synthpop,-0.0010076269535204388,-0.013716995348409342,-0.005664604850307268,1
1265,track_1228857,artist_470512,easylistening|jazz|lounge|soundtrack,-0.039065930213049674,-0.008348785475592722,0.013673297765788064,1
1266,track_1229179,artist_375104,poprock|rock,0.01346648223801207,-0.0008025119690891422,-0.00615103326906487,2
1267,track_1230713,artist_428449,ambient|chillout|easylistening,-0.012343845814194836,0.025461440033137227,0.0003675751712801769,1
1268,track_1230765,artist_471813,experimental,0.02125800374950049,0.001396920042110629,0.018800031681847143,2
1269,track_1230854,artist_471837,heavymetal|metal|postrock,0.00801007338717365,-0.015983711671539235,-0.014220484906305701,2
1270,track_1231159,artist_350065,classicrock|orchestral|soundtrack,0.0018124726096647933,0.01790832573915369,-0.002575070433093407,2
1271,track_1231350,artist_452157,alternative|electronic|pop,0.014925505912492865,0.00796734505577272,-0.002114456210882789,2
1272,track_1231542,artist_471813,experimental,0.014928665485153399,0.014554193328569685,0.002852034051336073,2
1273,track_1231679,artist_338779,poprock|soundtrack,-0.0024150760858252496,0.0011239940632919352,-0.004791925528533939,1
1274,track_1232050,artist_472293,classical,-0.04086179466932339,-0.014150159970309745,0.013706226494560598,1
1275,track_1233757,artist_004729,ethno|world,-0.004047300153474914,0.00034844727011873195,-0.006117065228568213,1
1276,track_1233765,artist_472947,ambient|trance,-0.01672260904360607,-0.012368048357358328,-0.002123257969287588,1
1277,track_1234242,artist_437980,folk|pop|popfolk,0.021069653025781187,-0.015374052470674035,-0.015736169926941147,2
1278,track_1234265,artist_437980,latin|orchestral|soundtrack,0.002164136286378658,-0.02010060728419607,-0.010002388039835046,2
1279,track_1234359,artist_437980,folk|pop|popfolk,-0.009067153068454216,0.009359947951396025,-0.0030608938088523617,1
1280,track_1234390,artist_437980,ethno|orchestral|soundtrack,-0.0013353195667322024,0.18733661989325526,-0.05917233587093768,1
1281,track_1234413,artist_437980,orchestral|pop|rock,0.013961152739604094,-0.012613849977421942,-0.00950772768376703,2
1282,track_1234442,artist_437980,orchestral|soundtrack,-0.0010499631405248059,0.16619754264405245,-0.052378144193597674,1
1283,track_1234990,artist_008004,electronica|jazz|triphop,0.02868002520809665,0.01061752477609238,0.019255117824758763,2
1284,track_1235365,artist_437980,pop|popfolk|poprock,-0.007779654477129992,0.040190539855362827,-0.0005759792044939016,1
1285,track_1235965,artist_431744,electronic|experimental|soundtrack,0.013511218548530799,-0.01816886892257143,-0.012264526697580788,2
1286,track_1236038,artist_431744,electronic|experimental|soundtrack,0.015797806494078203,0.0022707289016663823,0.0010692567169495804,2
1287,track_1236113,artist_003944,classical|easylistening,-0.04380645925958777,2.2740939847699902e-05,0.016050423697398234,1
1288,track_1236326,artist_005721,chillout|easylistening|pop,0.0035415859151454957,-0.008031062415343073,-0.009371345391708927,2
1289,track_1236854,artist_437980,folk|pop|popfolk,0.019784104764905275,-0.013600809597481249,-0.014814406913454837,2
1290,track_1236859,artist_437980,pop|poprock|rock,0.044627482138189144,0.005775469268362617,0.1864494237349313,2
1291,track_1237057,artist_441585,ambient|edm|house|minimal,0.017989642874809378,-0.002244799561144641,-0.0022662604291307843,2
1292,track_1237150,artist_437980,electronic|electropop|pop,0.012446562620921246,-0.005427910805373084,-0.0006344387424493551,2
1293,track_1238765,artist_437980,electronic|soundtrack,0.024744552397352994,-0.003424481056201876,0.0067058756247830465,2
1294,track_1239059,artist_475035,chillout|electronic|electropop,0.010303230496066436,7.3836515345487154e-06,0.0031031878596695065,2
1295,track_1239326,artist_342174,chillout|electronic|lounge,-0.005643399130760095,-0.00555785674398526,0.0015891909637871793,1
1296,track_1239373,artist_342174,electronic|progressive|techno,0.02711163431398014,0.002506077256183311,0.006382336278486213,2
1297,track_1239473,artist_342174,chillout|electronic|progressive,0.028559058756120546,0.0028025157089519985,0.014109970887360539,2
1298,track_1240073,artist_471813,experimental,-0.021855807595553434,0.00143493522871077,0.007912636019027551,1
1299,track_1240090,artist_471813,experimental,-0.013394552788690436,0.012283514265162745,0.002346028659365119,1
1300,track_1240865,artist_375104,alternative|alternativerock|poprock|soundtrack,0.012909525789478403,0.003361495338794377,-0.011591892229699252,2
1301,track_1240950,artist_005096,chanson,0.011725524390865402,-0.017315198222652543,-0.009793234678707102,2
1302,track_1241454,artist_441157,alternative|atmospheric|orchestral|soundtrack,-0.032867615458692045,-0.001933651298794328,0.010458600798519875,1
1303,track_1241457,artist_441157,orchestral|soundtrack|symphonic,-0.03636621666700531,-0.02761366289628529,0.0036807795305879324,1
1304,track_1241779,artist_474067,easylistening|pop|soundtrack,0.006735098380200828,-0.018045769741868892,-0.010224108819141297,2
1305,track_1244450,artist_352184,60s|indie|poprock,0.0026148855042303324,0.0034633286830767465,-0.010815067439615524,2
1306,track_1244465,artist_352184,dance|techno|trance,0.024734779471048157,0.010531010288620251,0.006692659444839938,2
1307,track_1244738,artist_000560,choir|orchestral|soundtrack,-0.025682507038977082,-0.021475350122736173,0.0022401729933747786,1
1308,track_1244942,artist_437980,folk|pop|popfolk,0.02106965302578118,-0.015374052470674035,-0.015736169926941133,2
1309,track_1244954,artist_437980,latin|pop|world,0.010906649083575403,-0.014333685842173127,-0.008972279733466234,2
1310,track_1245138,artist_003944,country|folk,0.0037986014667017055,-0.01576843739012855,-0.008382111985020606,2
1311,track_1245150,artist_003944,soundtrack|tribal,0.013807705568459663,-0.004539623729845143,-0.008549754147244027,2
1312,track_1245154,artist_003944,soundtrack|tribal,0.0025822480355854553,-0.0030981189773618863,-0.007101499172719626,2
1313,track_1245157,artist_003944,soundtrack|tribal,0.00945212826503164,0.007266900665081043,-0.0011861720937658333,2
1314,track_1245159,artist_003944,easylistening|pop,0.024698742478630176,0.003319179984542923,0.009917594502415602,2
1315,track_1245165,artist_003944,easylistening|pop,0.002901315427134372,-0.0014440820445401244,-0.007316223672568045,2
1316,track_1245173,artist_003944,ambient|chillout,-0.02692751351505847,0.015675648809027058,0.00847714208541526,1
1317,track_1245442,artist_001907,electronic|experimental,0.013058452192333089,0.009949812425296509,-0.0010414034892663633,2
1318,track_1245890,artist_004056,acidjazz|groove,0.019720954332209096,-0.015891926324231812,-0.008009423677627513,2
1319,track_1246338,artist_477067,electronic|experimental|progressive,0.0029509062389399343,-0.003067387217786255,0.0007899691132560717,2
1320,track_1246342,artist_477067,easylistening|minimal|newage,-0.02125785377420757,-0.012510554710059449,0.0019390640385326154,1
1321,track_1247113,artist_471813,experimental,0.0125388231144266,0.04838906525513449,-0.009298178220039276,2
1322,track_1248254,artist_359034,chillout|downtempo|hiphop,0.0038924699920177453,0.049469345231716144,-0.0020611516999290234,2
1323,track_1248257,artist_359034,chillout|hiphop|triphop,0.019544682975703182,-0.015816723145668635,-0.0034952616737051866,2
1324,track_1248265,artist_359034,dub|reggae|triphop,0.0012642860300147527,0.005971549430160753,-0.0009842487544075487,2
1325,track_1248273,artist_359034,downtempo|hiphop|triphop,0.007521948008146569,-0.022968276921738594,-0.013612813671068364,2
1326,track_1248279,artist_359034,dance|hiphop|pop,0.01709057629226159,-0.0012962220813713661,0.005864784693631924,2
1327,track_1248557,artist_460992,electronic|experimental|newage,0.013457584853110221,0.008468468422247476,-0.008380078621000108,2
1328,track_1248559,artist_460992,club|electronic|newage,0.009126338172579553,0.01362668273991812,-0.00432977491893953,2
1329,track_1248726,artist_477707,electronic|electropop|techno,0.039678749304100834,0.032565680227498436,4.033950279099138e-05,2
1330,track_1248838,artist_432124,ethno|orchestral|world,-0.004809470592918639,0.06887354100194687,-0.016388266091571565,1
1331,track_1249965,artist_433381,alternative|dubstep|metal,-0.016048383627544252,0.0028984513956547345,0.00298006935297173,1
1332,track_1250042,artist_448643,dance|electropop|pop,0.030282452053197285,0.006364266831406999,0.012896516685866027,2
1333,track_1250050,artist_448643,dance|electropop|pop,0.0014545323253832192,0.003682130567765515,-0.0075796777246975085,2
1334,track_1250054,artist_448643,dance|electropop|pop,0.01609996197259902,-0.017118371165179776,-0.00867765654380142,2
1335,track_1250059,artist_448643,easylistening|pop|poprock,0.012153017504282937,-0.004137792223025218,-0.006187212574556192,2
1336,track_1250065,artist_448643,easylistening|pop|poprock,-0.006234491744061667,-0.0012510995287708356,0.004393980558604344,1
1337,track_1250079,artist_349895,grunge|pop|rock,-0.03541137964286771,0.01783556464335604,0.010852224377702452,1
1338,track_1250226,artist_477618,orchestral|symphonic,0.00011700090465426068,-0.023019083088368975,-0.0121811824605742,2
1339,track_1250238,artist_477618,classical|soundtrack|symphonic,0.019450093975735484,-0.01676515598606359,-0.008064565126898899,2
1340,track_1250838,artist_004116,ambient|atmospheric|soundtrack,-0.034610499200462795,-0.002217192490448994,0.013497901653200176,1
1341,track_1251473,artist_432273,classical|orchestral,-0.07107550892286242,-0.010926177723381671,0.025949226375409022,1
1342,track_1251854,artist_347734,indie|pop,0.01733441932334309,-0.032909354948124386,-0.020824943802170134,2
1343,track_1252990,artist_339344,electronic|electropop|synthpop,-0.022571754700808116,0.023235220787859716,0.004839604839572347,1
1344,track_1253038,artist_477618,electropop|hiphop|pop|rap|synthpop,0.00793407668759927,-0.012333533847053688,-0.004999277697837205,2
1345,track_1253050,artist_477618,ambient|darkambient|easylistening,0.013902519786390373,-0.023392870969165994,-0.014729807767949184,2
1346,track_1253142,artist_439286,metal|rock,-0.01804750859268782,0.05103724493171992,-0.0005960155253336841,1
1347,track_1253257,artist_452142,ambient|blues|chillout|pop,-0.008812519375458067,-0.018716657112531475,-0.0049794463645080125,1
1348,track_1253513,artist_435614,classical|soundtrack,-0.022544459559882043,-0.01851913419737222,0.005898796815410858,1
1349,track_1254013,artist_346564,classical|soundtrack,-0.04242528423700313,-0.004536118304959669,0.014918107199425204,1
1350,track_1254442,artist_471813,experimental,0.004207084788243919,0.014942608041534751,-0.0007623840502124094,2
1351,track_1254450,artist_471813,experimental,-0.0038860634227018916,0.008638652981461752,-0.0031932310291438687,1
1352,track_1254779,artist_364441,classical|orchestral|soundtrack,-0.007950742516215787,-0.005898874008129895,-0.0036455250953076187,1
1353,track_1255457,artist_454118,atmospheric|indie|singersongwriter,-0.0033710200564070047,-0.007845099964547929,-0.006598425213921512,1
1354,track_1255459,artist_454118,alternativerock|punkrock,0.002699811998197476,0.03411746626635171,-0.0014145925728329281,2
1355,track_1255557,artist_466600,orchestral|soundtrack,-0.004986169071716516,-0.0021581940581245477,-0.006393147384358157,1
1356,track_1255638,artist_347916,alternative|indie|pop,0.010733840291264791,0.02077584946072319,-0.003887695315412281,2
1357,track_1255642,artist_347916,alternative|indie|punkrock,0.02151401062240487,-0.013001209727317397,-0.013745003557453823,2
1358,track_1255879,artist_355779,70s|blues|psychedelic,-0.022292400640070164,0.013294070506920316,0.006199691967776223,1
1359,track_1255973,artist_348759,chillout|jazz|lounge,0.017349330450787206,-0.019172677723973783,-0.008139950808856428,2
1360,track_1256654,artist_479439,hiphop|pop|rap,0.0263885860167245,-0.005240622267717793,0.007561220811625361,2
1361,track_1257050,artist_479496,atmospheric|chillout|easylistening,-0.018346442607915934,-0.024145542904704918,0.0025154138293233897,1
1362,track_1257250,artist_479521,progressive|rock,0.003601441790245566,0.0017911130754948614,-0.0025222650660030395,2
1363,track_1257265,artist_367947,ambient|electronic,0.005622017450009599,-0.005248131199930656,-0.00449556565258812,2
1364,track_1257273,artist_367947,ambient|electronic,-0.015222831409535474,-0.00966901423850295,0.001118564319283049,1
1365,track_1257279,artist_367947,ambient|electronic,-0.031471615450545457,-0.004228418659579736,0.012213016607520628,1
1366,track_1257554,artist_460992,electronic|newage|soundtrack,7.687348358991698e-05,0.014790275951762575,-0.0016253499681023328,2
1367,track_1257557,artist_460992,electronic|newage|soundtrack,-0.005375192351704793,0.01711356642826627,-0.000856357546752303,1
1368,track_1262650,artist_004934,club|disco|house,0.02588649411016616,0.00888267739966129,0.004798170854472973,2
1369,track_1262654,artist_004934,club|deephouse|house,0.021262625581001084,0.0012120410303502354,0.006438625080162636,2
1370,track_1263265,artist_347734,indie|punkrock,0.00465189276435316,0.012164477442658047,-0.006001175957236743,2
1371,track_1263279,artist_355162,chillout|classical|newage|soundtrack,-0.030343838384764437,-0.0011324807142390606,0.006748006139359425,1
1372,track_1265326,artist_480019,chillout|classical|newage,-0.030101608009262232,-0.013301884720430014,0.0019590617209268952,1
1373,track_1265926,artist_427606,blues|classical|psychedelic,0.022472301597980443,-0.014161857040885996,-0.003144804713249151,2
1374,track_1266113,artist_460992,ambient|newage|soundtrack,-0.0046035642419612905,0.006792447957670276,-0.00360453558957529,1
1375,track_1266573,artist_480321,ambient|chillout|electronic,-0.032702281497969714,-0.0072752319596543075,0.011070308370105742,1
1376,track_1266579,artist_480321,ambient|chillout|electronic,-0.035419137991450966,-0.001044001210770889,0.013224889597614534,1
1377,track_1267054,artist_466600,classical|orchestral|soundtrack,-0.009403916208548663,-0.01343655177649767,-0.005098960434952423,1
1378,track_1267290,artist_451073,easylistening,0.01348677625033446,-0.02521373925367099,-0.01727037645927249,2
1379,track_1267757,artist_362501,acidjazz|fusion|latin,0.03294774821135988,-0.008313063459951099,-0.003205445312791914,2
1380,track_1267759,artist_362501,70s|funk|groove,0.01992025193743987,-0.007666157451524191,-0.0024826745648282764,2
1381,track_1267765,artist_362501,bossanova|latin,0.048894282798590184,0.007807012602104672,0.026951677058222104,2
1382,track_1268057,artist_480599,ambient|folk|soundtrack,-0.014684786154349528,0.016537794345537322,0.0031545641189748962,1
1383,track_1268113,artist_471813,experimental,-0.0037500874837559698,0.012719756300432181,0.0006069563502054431,1
1384,track_1268326,artist_436872,indie|pop|poprock,-0.019449170988945146,0.04564984873018424,0.002009485279437075,1
1385,track_1268365,artist_436872,indie|pop|poprock,0.010353525357311646,0.020889409472863312,-0.0020035267799768663,2
1386,track_1269565,artist_432273,chillout|easylistening|soundtrack,-0.027196635678849418,-0.023399235123335502,0.007668909103995653,1
1387,track_1269813,artist_480798,grunge|rock,0.004934470117442049,0.015453590670894132,-0.0029542369634756056,2
1388,track_1270990,artist_480887,90s|eurodance|pop|rap,0.030774587552873874,0.0014796850758159138,0.019402480823231018,2
1389,track_1271779,artist_364032,ambient|symphonic,-0.02746302851197551,-0.021850166866641846,0.004457598285014128,1
1390,track_1271850,artist_437980,electronic|electropop|pop,0.029554200230891104,0.015407815177197094,-0.0022638846625917222,2
1391,track_1272457,artist_347673,classical|orchestral|symphonic,-0.048882483731996086,-0.04780446243324919,0.0017733841006763818,1
1392,track_1273057,artist_437980,folk|pop|popfolk,0.010277391906633387,-0.015833329086958333,-0.010170820341064441,2
1393,track_1273390,artist_378695,electronic|hiphop|pop,0.011373157933683114,0.026237239933454545,-0.0028092242929347207,2
1394,track_1273973,artist_378695,indie|pop,0.032107022657732125,0.005804988301914749,0.016376843686106698,2
1395,track_1274150,artist_007872,ambient|classical|newage,-0.011305547109099598,-0.012067746898685245,-0.0036853705987564983,1
1396,track_1274154,artist_007872,ambient|classical|newage,-0.025825339822791366,-0.011269735994564352,0.004029656234885574,1
1397,track_1274157,artist_007872,ambient|classical|newage,-0.017250692926331225,-0.02171516854592859,0.001397443020324321,1
1398,track_1274159,artist_007872,ambient|classical|newage,-0.06436516688771254,0.004178956749758796,0.023889676385292095,1
1399,track_1274165,artist_007872,ambient|classical|newage,-0.035431554357584466,0.0032219488615685974,0.013049397924048068,1
1400,track_1274173,artist_007872,ambient|classical|newage,-0.02616892195266294,0.0005619559849284543,0.004874750070043592,1
1401,track_1274238,artist_430396,blues|jazz|singersongwriter,-0.01325911537881128,-0.017827022750600274,-0.0021943164309188843,1
1402,track_1274242,artist_430396,blues|jazz,-0.012056708450911512,-0.007865499413555743,0.0007822450536101624,1
1403,track_1274265,artist_437980,orchestral|pop|popfolk,-0.0021585551907758412,0.02678708674391242,0.004465761548096079,1
1404,track_1274438,artist_418612,blues|pop|rock,-0.006297544234724253,0.010338329258530864,-0.003723642122076777,1
1405,track_1275150,artist_340542,jazz|soundtrack,-0.0017626503562608972,0.0010006747373012598,-0.008286709803755517,1
1406,track_1275154,artist_340542,classical|soundtrack|symphonic,-0.03642970162638358,0.012197482324638487,0.011400567631801167,1
1407,track_1275238,artist_437980,orchestral|soundtrack,-0.026155765187302466,0.01059149780371191,0.0070442404903474426,1
1408,track_1275613,artist_472293,classical,-0.02152670696025812,-0.017386930604210555,0.0005219295099758885,1
1409,track_1276479,artist_353294,soundtrack,-0.015501482866272263,-0.008407656056919444,0.002319671422537316,1
1410,track_1276513,artist_353294,blues|hardrock|rock,-0.00573660472359852,-0.0010063793736046797,-0.01135190836330695,1
1411,track_1277179,artist_471813,experimental,-0.022202760165558277,-0.019817636786560084,0.0009821735004391459,1
1412,track_1277765,artist_481486,ambient|orchestral|soundtrack,-0.012133078136067356,-0.007500799009777743,-0.0007579825767176703,1
1413,track_1277790,artist_481486,hardrock|metal|rock,-0.005505038542333216,0.019695549734648137,-0.004900436643364403,1
1414,track_1277842,artist_481486,classical,-0.019873122550817572,-0.009566609500330687,0.0007025547456224944,1
1415,track_1277913,artist_355362,classical|soundtrack|symphonic,-0.015505042640072813,-0.01232220433818154,-0.002970529474674461,1
1416,track_1278179,artist_441157,classical|newage|soundtrack,-0.02784372345747929,-0.02058758859430619,0.0029612162533932517,1
1417,track_1278254,artist_007862,ambient|electronic|experimental,-0.0022011136892592254,-0.016543247015290353,-0.010243587493732897,1
1418,track_1278738,artist_481486,ambient|classical|soundtrack,-0.02461569366355548,0.004079146232144605,0.006884617809373185,1
1419,track_1279613,artist_435483,folk|pop,-0.013585519735569275,-0.011005086660547123,-0.0025759212183383683,1
1420,track_1280242,artist_353511,orchestral,-0.019358528206417966,-0.0033611416597031504,0.00584429785044404,1
1421,track_1280354,artist_435992,ambient|newage,-0.06426390329833732,-0.0049153743139889695,0.02477468583681979,1
1422,track_1280357,artist_435992,ambient|newage,-0.05481855632093943,-0.010009045807437443,0.020975530186417037,1
1423,track_1280359,artist_435992,ambient|newage,-0.029136922692585828,0.0053498243351465125,0.0090272485813591,1
1424,track_1280379,artist_435992,ambient|newage,-0.022195602295768207,-0.017037256478097375,0.004127766413630991,1
1425,track_1281238,artist_482680,dance|hiphop|rap,0.018608170602533967,-0.004186600073350471,-0.00017504861978821456,2
1426,track_1281242,artist_482680,electronica|pop,-0.011978856871892716,-0.0019738545808350274,-0.0013089872958467685,1
1427,track_1282290,artist_483163,easylistening|pop|popfolk,0.028799050189072743,-0.02420273291153281,-0.00432249666821054,2
1428,track_1283750,artist_483387,club|electronic|progressive,0.01549109047768,0.014706896558473936,-0.006252099169728387,2
1429,track_1283754,artist_483387,electronic|indie,0.011539393461747286,-0.014501680288344827,-0.006342224795674741,2
1430,track_1283757,artist_483387,electronic|progressive,0.021163022358585998,-0.0007289714430088482,-0.005633917704145529,2
1431,track_1283765,artist_483387,darkwave|rock|symphonic,0.013597334251184572,0.0020574748442399077,-0.009215565154065047,2
1432,track_1283854,artist_452659,ambient|classical|orchestral,0.01476006656407168,-0.011375147720033422,-0.01549253882813702,2
1433,track_1284273,artist_375935,indie,0.010882056944090758,-0.02006443887863677,-0.01373176665132072,2
1434,track_1284350,artist_483253,pop|popfolk|soundtrack,0.0036233456535059508,0.04389314023673843,-0.0017670785263545676,2
1435,track_1284354,artist_483253,disco|folk|pop,0.029433636416380596,-0.04939167097721563,-0.029989305556719834,2
1436,track_1284457,artist_483163,easylistening|electronic|poprock,0.018953875764090314,-0.003881341497363136,0.003130096035997958,2
1437,track_1284459,artist_483163,easylistening|electronic|poprock,0.01648271358910678,-0.006310297215023667,-0.0045420212655136565,2
1438,track_1284465,artist_483163,easylistening|orchestral|pop,0.005697351628234975,0.015851268387014273,-0.0070705411201625705,2
1439,track_1284959,artist_477775,electropop|rock,0.018081554227384562,0.012633249391262731,-0.004973463767634077,2
1440,track_1284965,artist_477775,industrial|synthpop|techno,0.0070230278500813025,0.02165505195886321,-0.004401229764661996,2
1441,track_1285757,artist_362636,ambient|chillout,-0.006841552140798123,0.014001969441867285,-0.0026283135073886204,1
1442,track_1286213,artist_451073,easylistening,-0.005435913983052079,-0.0007772751741653964,0.0008725504652128607,1
1443,track_1286238,artist_342686,postrock|progressive|rock,-0.0022571648901832295,0.02609151874146427,-0.0006330183302977474,1
1444,track_1286473,artist_484321,drumnbass,0.023860399555551165,-0.00306348995088419,0.00010870759728828742,2
1445,track_1286513,artist_435992,newage,-0.028156432681903525,-0.018001511812202664,0.004926564301359612,1
1446,track_1286773,artist_484326,ambient|newage|psychedelic,-0.018708715842759557,-0.004698025896673194,0.004578810997720858,1
1447,track_1286779,artist_484326,ambient|minimal|psychedelic,-0.027856614469696565,-0.0005008174433548761,0.010026179799233176,1
1448,track_1287450,artist_484369,dubstep|idm|triphop,-0.013793223756066241,0.01829161814559378,-0.0011355641464340716,1
1449,track_1287454,artist_484369,breakbeat|dubstep|idm,-0.004452979457653961,0.008410242066911397,-0.0027621542301432957,1
1450,track_1287457,artist_484369,breakbeat|idm|triphop,-0.0025418604039966187,0.004422721866042646,-0.005736765097438017,1
1451,track_1287754,artist_484368,indie|punkrock|soundtrack,-0.013766135050172315,0.025416392218565367,0.0007968197668675214,1
1452,track_1287890,artist_473960,orchestral|pop,0.010171688153276796,-0.02542958961241085,-0.016625833753437153,2
1453,track_1288338,artist_477775,electropop|techno,0.005879024751009433,0.009391833986248863,-0.005523318283304639,2
1454,track_1288490,artist_483163,disco|edm|electronic|house,0.03221979325955636,0.002598083959496663,-0.0025882287830310538,2
1455,track_1289126,artist_354858,classical|easylistening|jazz,-0.020275858688668495,-0.010462267712796876,0.0015291779222380258,1
1456,track_1289279,artist_006916,dance|electronic|trance,0.020468250209602603,0.018727696118126427,6.257465801973919e-05,2
1457,track_1289373,artist_440879,folk|rock|world,0.006415329489924804,-0.0005218829594055401,-0.006614758043254266,2
1458,track_1289379,artist_440879,metal|postrock|rock,-0.0018599122404245204,0.002570385656916654,-0.005680976779506112,1
1459,track_1289526,artist_483163,indie|pop|poprock,0.012803308581270944,0.015353560715230865,-0.005815468359153876,2
1460,track_1290013,artist_471813,experimental,-0.007121046862736079,0.006992228815488868,-0.0009458281377613437,1
1461,track_1290254,artist_340218,club|electronic|house,0.007656059966661231,0.007920466228864586,-0.008518341457941565,2
1462,track_1290557,artist_437980,pop|popfolk|poprock,-0.001593673440546158,-0.05620243722127355,-0.03135096042546684,1
1463,track_1290559,artist_437980,folk|pop|popfolk,-0.0013355722217071942,-0.04705811485942354,-0.02623560843115485,1
1464,track_1290638,artist_351032,electronic|rock|synthpop,0.010726329317387873,-0.01715210336563374,-0.010876403241006829,2
1465,track_1290754,artist_473090,ethno|newage|world,-0.009738817911899136,0.0006867282035864817,0.003437533753815953,1
1466,track_1290879,artist_362636,ambient|chillout|downtempo,0.01354335678556761,0.004698772301324548,0.0027283225784140237,2
1467,track_1290950,artist_419438,classical|pop,0.025794128231847433,0.004081453922871031,-0.0026879846388972823,2
1468,track_1290954,artist_419438,rock|rocknroll,0.014374103422474471,-0.010802138340432867,-0.014541809179018749,2
1469,track_1290973,artist_438910,electronic|newage,0.00479800316207314,-0.0018673693079416095,-0.0014885819189012935,2
1470,track_1291390,artist_464915,downtempo|easylistening|triphop,-0.017644727848546985,0.038425240355654484,0.000534287520777257,1
1471,track_1291557,artist_367887,classical|pop|soundtrack,-0.005447318861346572,-0.014159719170638314,-0.003146818579071494,1
1472,track_1291559,artist_367887,classical|jazz|soundtrack,0.006682396708817099,-0.036916024515761724,-0.016061475155322975,2
1473,track_1291565,artist_367887,classicrock|funk|popfolk,0.02678841003479877,-0.020148312103516215,-0.004997974258192454,2
1474,track_1291679,artist_466600,easylistening|orchestral|soundtrack,-0.0040088883715564735,-0.022043973754383328,-0.009493266560711505,1
1475,track_1292159,artist_477775,electropop|techno,0.009441218854212745,0.021307646682670465,-0.003379515912940466,2
1476,track_1292338,artist_484759,classical|newage|orchestral|soundtrack,-0.022325927684059364,-0.01233476703705319,0.004365014205098825,1
1477,track_1294742,artist_007063,electronic|pop|rock,0.011458257123792372,0.015118417411914225,-0.00856954175463705,2
1478,track_1294750,artist_007063,indie|pop|rock,0.013697267219357613,0.029845683440518758,-0.012025801405295368,2
1479,track_1294765,artist_007063,folk|pop|singersongwriter,-0.0037670605776567237,-0.01919780130447504,-0.010509503699201563,1
1480,track_1294773,artist_007063,alternative|indie|rock,0.008849817677060246,-0.012726424417229073,-0.012846547426385583,2
1481,track_1294779,artist_007063,alternative|indie|pop,0.01104935025457945,0.022437339002641193,-0.009112643935163476,2
1482,track_1294938,artist_367887,folk|popfolk|soundtrack|symphonic,0.011759113020940416,0.03417759665531891,-0.00010807642268299073,2
1483,track_1294942,artist_367887,folk|orchestral|soundtrack,-0.0018117569441533472,-0.027754911987143905,-0.008886063931554737,1
1484,track_1295054,artist_480962,orchestral|soundtrack,0.006554262331433628,0.013949819576163642,-0.005837745268188842,2
1485,track_1295413,artist_479278,hiphop|house|rnb,0.03083320215710812,-0.007267921360764843,0.014317905048431724,2
1486,track_1295654,artist_367887,classical|pop|soundtrack,-0.018614376388331393,0.03558840350391843,0.0006867336526504951,1
1487,track_1295657,artist_367887,classical|pop|soundtrack,-0.009310461777890865,-0.03535639569034259,-0.010697695960540375,1
1488,track_1295659,artist_367887,jazz|poprock|symphonic,0.013801617805517528,-0.04729752246656683,-0.022595957054628493,2
1489,track_1295713,artist_375104,dance|pop|poprock,0.0038304629743835692,-0.0002813747219988421,-0.007895704091844005,2
1490,track_1296365,artist_368136,electronic|electropop|poprock,0.012361413936347885,-0.008234193318396296,-0.00578758903585139,2
1491,track_1296779,artist_431465,classical,-0.019314309734838643,-0.007351553189608385,0.0038187484752443697,1
1492,track_1296859,artist_437980,classical|orchestral|soundtrack,-0.03157413404960133,0.065707097795864,0.00286248745440865,1
1493,track_1296926,artist_437980,classical|orchestral|soundtrack,-0.003364060355408293,-0.005540426350416142,-0.0099691591592026,1
1494,track_1297357,artist_375935,soundtrack,0.005407213819031496,-0.015826834393510514,-0.01022156049759802,2
1495,track_1298290,artist_437980,electronic|orchestral|soundtrack,0.019828067400339548,0.013042458274860428,-0.002587544650679829,2
1496,track_1299542,artist_437980,funk|groove|rock,-0.0040351799864341295,-0.024601094288907478,-0.008754624185559204,1
1497,track_1299813,artist_437998,ambient|easylistening|soundtrack,-0.005590399087828864,0.030743773273407406,-0.0005773790531961665,1
1498,track_1299938,artist_437980,easylistening|electronic|funk,0.020722356683190533,-0.006084975607047855,0.005122170688309796,2
1499,track_1300054,artist_477775,easylistening|electropop,-0.02095708221732377,0.0022471165418836083,0.007508224447696652,1
1500,track_1300073,artist_007349,hiphop|rnb,0.009082757383142879,-0.013630719453291064,-0.006564199621136102,2
1501,track_1301826,artist_435992,dance|electronic|trance,0.01060861423880914,0.0430999362721692,-0.008695483581147401,2
1502,track_1303013,artist_471813,experimental,-0.00749625822644179,0.01777307939641727,0.0002886958638186171,1
1503,track_1303065,artist_485924,90s|electronic,-0.0033838641735617794,0.03379577693359428,-0.0006580748550693079,1
1504,track_1304354,artist_442862,darkambient|experimental,-0.034508538698909845,0.012968914398687869,0.01091800881735101,1
1505,track_1304479,artist_452157,darkwave|pop|synthpop,-0.007765023058481924,0.14818242234931367,-0.040628323574131986,1
1506,track_1305479,artist_375935,soundtrack,-0.015164857829949255,-0.019009305384601084,0.0019377321478168373,1
1507,track_1305638,artist_477775,electronic|synthpop,0.0012883842796789487,0.006056929006118248,-0.008030468229741718,2
1508,track_1305642,artist_477775,electropop|synthpop|techno,0.00258588881282168,0.01269647602075279,-0.010607752003025567,2
1509,track_1305854,artist_477775,electronic|synthpop,0.02914871181373444,0.025149061192496932,-0.00675765957009501,2
1510,track_1306059,artist_459422,chillout|orchestral|soundtrack,-0.03508305285544351,0.004620895152586089,0.01252263740229074,1
1511,track_1306065,artist_459422,chillout|orchestral|soundtrack,-0.037501692217438744,0.001907874284188683,0.01201556208559568,1
1512,track_1306265,artist_347673,classical|orchestral|symphonic,-0.04069644464807518,-0.035575322805788276,0.0031372349967476003,1
1513,track_1306550,artist_466600,easylistening|orchestral|soundtrack,-0.02242395652862707,-0.0053860534213181046,0.007022269531810527,1
1514,track_1306842,artist_461418,indie|poprock|soundtrack,-0.00466548991873429,0.0027793083196999595,-0.0002954458392888111,1
1515,track_1306850,artist_461418,folk|indie|popfolk,0.0039679827460656816,-0.0014651364956812275,-0.005882603933939731,2
1516,track_1306954,artist_436349,pop|rock|soul,0.005891692240784737,0.013431029247750378,-0.007578311557376708,2
1517,track_1307642,artist_341393,classicrock|rock,0.004266810463956481,-0.019728291694769213,-0.008013013747686832,2
1518,track_1307679,artist_341393,classicrock|rock,0.005721205593845549,-0.0021927520695387147,0.0025906856292608514,2
1519,track_1307726,artist_338779,electronic|indie|soundtrack,0.011359537780018837,-0.01800843401210935,-0.01076365798371505,2
1520,track_1309457,artist_337741,psychedelic|techno,-0.006180199255166166,0.025052035726253172,-0.0017747633977008295,1
1521,track_1309459,artist_337741,techno|trance,0.025984196620037835,0.002253659272122839,0.015404508770696396,2
1522,track_1309626,artist_337741,ambient|newage|soundtrack,-0.00818960383828577,-0.004837036327891899,-0.0006547861291776252,1
1523,track_1309757,artist_486627,celtic|easylistening|medieval,0.017585077941299473,0.027749881098258926,-0.0067567203878865665,2
1524,track_1310113,artist_461418,ambient|atmospheric|chillout,-0.01193570102542112,-0.004935021272811133,-5.1790590007639395e-05,1
1525,track_1310242,artist_486695,electronic|indie|singersongwriter,-0.0006602522503075281,0.00038688216675614385,0.0007179361573789193,1
1526,track_1310554,artist_484797,club|dance|house,0.01777017277230474,0.004341972051038585,0.0061723273456512125,2
1527,track_1310559,artist_484797,dance|house,0.021971249343176114,0.0014457286568565675,0.019419334969819988,2
1528,track_1310654,artist_340553,classicrock|funk|groove,0.009513626043343161,-0.010889432572068132,-0.013180934648492147,2
1529,track_1310657,artist_340553,classicrock|country|folk,4.990431035186065e-05,-0.02583715574414302,-0.013821997639206203,2
1530,track_1310659,artist_340553,country|folk|poprock,0.001187147604560738,-0.01671684690186916,-0.005031416003304463,2
1531,track_1311238,artist_483960,breakbeat|hiphop|soundtrack,0.04274409185729601,0.0015533300718203525,0.018585775607433203,2
1532,track_1311242,artist_483960,breakbeat|electropop|soundtrack,0.0259776701570679,0.0013337449201069147,0.005117807255490934,2
1533,track_1311279,artist_483960,dance|electronic|experimental,0.025672370284901908,0.004138237378685566,0.014705226710969327,2
1534,track_1311290,artist_483960,house|soundtrack|techno,0.02839825323782316,0.0050744540265486885,0.015329212766941845,2
1535,track_1311479,artist_437980,electronic|orchestral|rock,-0.0011081685643066384,0.03361575167507216,-0.00353210193988417,1
1536,track_1312079,artist_483960,dance|poprock|soundtrack,0.024287145567107944,-0.008273145067502785,0.0012611606460846173,2
1537,track_1312513,artist_437980,folk|pop|popfolk,0.013026052637816983,-0.007645490418917776,-0.011667953618060853,2
1538,track_1313079,artist_432273,classical|soundtrack,-0.02796463609415768,-0.008752243198026364,0.008741233077762638,1
1539,track_1313213,artist_455057,80s|electronic|soundtrack,0.005793041695470024,0.003962795082737171,0.007136387566494839,2
1540,track_1313450,artist_487051,pop|rock,-0.014365074893611884,0.04299957770112223,-0.00041640137796868294,1
1541,track_1313454,artist_428449,chillout|downtempo|hiphop,-0.005112803557619057,-0.018397486535390313,-0.005334392726032734,1
1542,track_1313457,artist_428449,ambient|chillout|hiphop,0.013994061437707348,-0.0014887344982463138,0.001498837915024257,2
1543,track_1313459,artist_428449,chillout|easylistening|hiphop,-0.056124146501770424,0.04596848409791092,0.015837043338230404,1
1544,track_1314413,artist_434980,alternative|pop|rock,0.013166383432119734,0.020230242174829563,-0.00975158518536771,2
1545,track_1314538,artist_419438,folk,0.03133390403180841,-0.02118829329053199,-0.012647140887187375,2
1546,track_1314542,artist_419438,classical|soundtrack,-0.005354665904659582,0.003775094104587454,-0.003236085231053726,1
1547,track_1314750,artist_466600,dance|house|trance,-0.007828991710848028,0.012293209129745748,-0.0024747788022797916,1
1548,track_1315465,artist_354904,alternative|indie|rock,-0.01350031332346207,0.004227405899374888,-0.0026652447961698677,1
1549,track_1315526,artist_486995,electronic|triphop,-0.010126115438657752,-0.00030494419305077353,0.0022876154048758306,1
1550,track_1315838,artist_487296,african|electronic|pop,0.01199254799141627,-0.000910669446450088,0.0017478266075740176,2
1551,track_1317679,artist_003815,dance|deephouse|house,0.030338118170047692,0.00320801581629804,0.009298638899738738,2
1552,track_1318026,artist_002189,electronic|progressive|trance,0.010244113036388135,0.0021203485158245382,-0.006353112065774331,2
1553,track_1319226,artist_457221,easylistening|jazz|pop,-0.014391966968184674,-0.009111657584538009,0.0015460500315215768,1
1554,track_1319690,artist_471813,experimental,0.0028880342308802063,0.021577960215569535,-0.0016113963685815546,2
1555,track_1319859,artist_441585,edm|electronic|house|pop,0.02320516153251364,0.0006725036495728661,0.01161292345703935,2
1556,track_1320013,artist_359034,downtempo|hiphop|triphop,0.02119937549215159,-0.010986546855439053,0.0016313304970502973,2
1557,track_1320026,artist_359034,downtempo|hiphop|triphop,0.012601604184926075,-0.017678160388390537,-0.008593213037263897,2
1558,track_1320479,artist_423996,darkambient|experimental,-0.008948750638983483,-0.024880442239108794,-0.007509335286884852,1
1559,track_1320859,artist_487143,club|eurodance|pop,0.025973234438945447,0.02731093140552784,-0.006811257063391037,2
1560,track_1320954,artist_466436,chillout|lounge|soul,-0.012482731621182262,0.039722413730969255,-0.0002275361404867648,1
1561,track_1321150,artist_487707,ambient|chillout|downtempo,-0.01874703466665399,-0.012053271724922167,0.002217702194118301,1
1562,track_1321257,artist_466436,chillout|lounge,0.011741680531394608,-0.02540284180211661,-0.010727897387317317,2
1563,track_1321713,artist_487628,club|dance|disco|house|tribal,0.046645583599082,0.010136174422046371,0.019248777249747766,2
1564,track_1321726,artist_487628,club|dance|disco|house|tribal,0.03825177592360837,0.002048486860992602,0.017406271700661263,2
1565,track_1321738,artist_487628,club|dance|disco|house|tribal,0.056182626410812356,0.012441889607311143,0.00827073938530702,2
1566,track_1321742,artist_487628,club|dance|disco|house|tribal,0.03352011683566698,0.003266393141205215,0.003786869945135479,2
1567,track_1321938,artist_002740,ambient|soundtrack,-0.019621874445031988,-0.010826003519190035,-0.00022315078459215132,1
1568,track_1321942,artist_002740,ambient|soundtrack,0.0026125712401946677,-0.006997122936840908,-0.0025277018641894195,2
1569,track_1322479,artist_440794,90s|electronica|world,-0.005808440923095463,0.012731327748995722,-0.00017178795150640892,1
1570,track_1323013,artist_363592,african|hiphop|lounge,0.010676769613595365,0.03526274319773662,-0.0056846526575033,2
1571,track_1323126,artist_440794,90s|chillout|world,0.014575558321788707,-0.02080447391862238,-0.009278936999873671,2
1572,track_1323259,artist_440794,90s|chillout|world,0.010117862492319555,-0.030427529017957224,-0.01519923429255871,2
1573,track_1323313,artist_440794,80s|orchestral|symphonic,0.01724460331782192,-0.026021832100896737,-0.012555262746445223,2
1574,track_1324673,artist_442477,alternative|classical|electronic,-0.03437335988439067,-0.001886824511580007,0.010334355631462715,1
1575,track_1324679,artist_442477,alternative|classical|electronic,-0.02109575987680159,-0.004255931921322213,0.003406185377751406,1
1576,track_1324750,artist_486550,atmospheric|classical,-0.03315840198106443,0.001201566020530522,0.012324398666231123,1
1577,track_1324890,artist_366162,jazzfunk|pop,0.05737060513689721,-0.009803105075622837,0.013469008978848548,2
1578,track_1325338,artist_006916,chillout|electronic|lounge,-0.01036906437027712,0.008772495517120914,0.0015025283312630996,1
1579,track_1326526,artist_460241,folk|pop|world,0.011387514939911324,-0.01448424694950554,-0.007637305933397541,2
1580,track_1326642,artist_466436,ambient|chillout|lounge,0.013110313224913009,0.002366025351803409,0.004762884216620658,2
1581,track_1328159,artist_347734,indie|popfolk|poprock,-0.003112924496889926,0.017018109182791254,-0.004608467649665133,1
1582,track_1329359,artist_466600,classical|orchestral|soundtrack,-0.000990779262284795,0.0017029594964056462,-0.007431310174789274,1
1583,track_1329450,artist_372323,chillout|folk|popfolk,-0.0051850470004060345,-0.0054834813934680204,-0.007028983028748098,1
1584,track_1329490,artist_460032,easylistening|pop|soundtrack,-0.007574958281011078,0.0303468283605262,0.0005042345225035972,1
1585,track_1329913,artist_475635,indie|pop|singersongwriter,0.018464277859469705,0.0029243550007783717,0.0010704958212466584,2
1586,track_1329938,artist_461418,atmospheric|soundtrack|world,-0.029782047624004437,-0.010173930423184804,0.006452166183709732,1
1587,track_1329942,artist_461418,indie,-0.00073997289017665,0.0025690210994956824,-0.008770751209644887,1
1588,track_1329973,artist_336426,ambient|chillout|electronic,0.024774080670782742,0.00278843582633993,0.01283440762811112,2
1589,track_1330054,artist_455057,folk|soundtrack|world,0.0015116077470234944,0.014480556147644694,-0.002273830919820278,2
1590,track_1330157,artist_487582,electronic|experimental|soundtrack,0.0023789743866364952,0.006268633571188725,0.0035054022732845217,2
1591,track_1330650,artist_477775,electropop|synthpop|techno,0.014933886065520284,0.00437735726052078,-0.005718827748220861,2
1592,track_1330890,artist_348759,ambient|chillout|jazz,-0.026834755712452245,-0.0018444205276888853,0.0021842984847317126,1
1593,track_1331557,artist_006845,electronic|newage|rock,0.022983640558292318,0.014708892430195625,-0.00756789031947286,2
1594,track_1331565,artist_006845,ambient|drumnbass|electronic,0.00483797800119836,-0.025530471092663997,-0.01154017855547295,2
1595,track_1331579,artist_006845,ambient|downtempo|electronic,-0.008508390360976805,0.03537340652618853,0.002787138726946239,1
1596,track_1333038,artist_351588,chillout|jazz|latin,-0.01551390145124072,0.0068646625922401195,-0.0026187918397396976,1
1597,track_1333579,artist_431744,electronic|experimental|soundtrack,0.01883894134128515,0.023710055707539018,-0.0021729902973946598,2
1598,track_1333638,artist_466600,classical|orchestral|soundtrack,-0.055271685365525715,-0.024661834400759114,0.023423532683710065,1
1599,track_1333726,artist_471813,experimental,-0.004444986706268812,0.04528805392243253,-0.009236116450044815,1
1600,track_1334554,artist_487628,club|house|tribal,0.048792731795473936,0.007022842029633342,0.015078461862233779,2
1601,track_1334557,artist_487628,club|house|tribal,0.0360751572668456,0.007956845785559328,-0.0014415645701028332,2
1602,track_1334738,artist_372323,ambient|chillout|soundtrack,-0.02214930995324488,-0.006291916692789321,0.005862052417446363,1
1603,track_1334742,artist_372323,ambient|classical|soundtrack,-0.03628993786084852,-0.011997700933777262,0.012684215849324419,1
1604,track_1335113,artist_488990,electronic|hiphop|rap,0.020924121641680095,-0.002524938998684126,0.00019582595791124005,2
1605,track_1335150,artist_488990,drumnbass|electronic|hiphop,0.026299481176992625,-0.019056435882875918,-0.009757589042339728,2
1606,track_1335154,artist_488990,drumnbass|electronic|hiphop,0.02374960680960589,-0.006543234415377075,0.0014237170571857996,2
1607,track_1335359,artist_466600,classical|orchestral|soundtrack,-0.07630436639207029,-0.03484411741290902,0.03217538192270289,1
1608,track_1335473,artist_488943,dance|electronic|trance,0.02377384314177593,0.0014706408761454555,0.018896348559124778,2
1609,track_1335979,artist_483163,ambient|chillout|electronic,-0.0030044117560809503,-0.012048074856624118,-0.004547718698881523,1
1610,track_1336126,artist_437980,soundtrack|techno,-0.007983513476015669,0.01955169730491732,0.0013004426470911035,1
1611,track_1336213,artist_000560,soundtrack,-0.034505938096355486,-0.018144326003153785,0.0014257034871947584,1
1612,track_1337865,artist_375935,orchestral,-0.03527416814338135,-0.018473621324772403,0.01160896839269151,1
1613,track_1338342,artist_340542,classical,-0.01675681215161712,0.000504292464363002,0.0047349041463207965,1
1614,track_1339250,artist_365072,industrial|punkrock,0.007821401969054488,-0.013514800743919694,-0.008159339436455956,2
1615,track_1339326,artist_466600,classical|orchestral|soundtrack,-0.021889295369703247,-0.006157407440179305,0.005167189706343252,1
1616,track_1339442,artist_365072,classical|orchestral|soundtrack,-0.005971819584984628,-0.02001759073952857,-0.007950846221821614,1
1617,track_1339873,artist_489296,experimental|metal,0.02123982832471655,0.015583969715368556,-0.0030384018009317936,2
1618,track_1340190,artist_487711,reggae|world,0.00944320934055785,0.02828976388383769,-0.0010087213566814268,2
1619,track_1340257,artist_337293,classical,0.00306535489436156,0.01717072905662957,-0.0004564844840470235,2
1620,track_1340259,artist_337293,classical,0.001243890518957492,-0.01937241422178098,-0.009837410052162794,2
1621,track_1340338,artist_481897,breakbeat|drumnbass|electronic,0.021181711443681812,-0.00361058557631156,-0.0058048813758253106,2
1622,track_1340342,artist_481897,acidjazz|disco|pop,0.009416565869664386,0.006848782856297766,0.001085133465078958,2
1623,track_1341457,artist_368142,blues|jazz|soundtrack,0.003428338092037162,-0.002833481858478656,0.002957057687866044,2
1624,track_1341459,artist_368142,alternative|rock|soundtrack,0.01155893591587889,-0.010713892459027635,-0.012302971412738412,2
1625,track_1341473,artist_489349,alternative|indie|rock,0.011837782821204006,-0.017862224934677835,-0.01666508961761252,2
1626,track_1341573,artist_437980,electronic|electropop,0.017682408465066354,0.001278935194401238,0.00045255090367759323,2
1627,track_1342150,artist_430126,dance|hiphop,0.012084373441932592,0.005879509970781265,-0.0061531507898529335,2
1628,track_1342757,artist_488976,club|electronic,0.010352755489814314,0.0047128305976385015,-0.0055202763875817065,2
1629,track_1342913,artist_372323,chillout|classical|jazzfusion,-0.028832191849679865,-0.012342863226403659,0.006410532583911113,1
1630,track_1343013,artist_464757,electronic|techno|trance,0.016224115497290637,0.006010249891707091,0.0011474628785927686,2
1631,track_1343113,artist_466600,classical|orchestral|soundtrack,-0.08321281400069848,-0.035862356511101,0.034712089174961984,1
1632,track_1343438,artist_470592,club|house|trance,0.04563275395632823,0.001100107885566187,0.016333771047910794,2
1633,track_1343442,artist_488843,ambient|atmospheric|easylistening,-0.020668490816521178,-0.00836069720160063,0.004720505387554202,1
1634,track_1344326,artist_465566,indie|pop|singersongwriter,-0.01056728727215466,0.011238338531494103,-0.0019244696741608648,1
1635,track_1344442,artist_483387,industrial|metal|progressive,0.0092281475533974,-0.02003676692888847,-0.015267505016325905,2
1636,track_1345579,artist_477775,,0.01870892193867746,0.010001821368349621,0.00396507389197337,2
1637,track_1346157,artist_490131,electronic|synthpop|techno,0.04635985386045407,0.0030987805214245357,0.030139815747059897,2
1638,track_1346159,artist_490131,electronic|synthpop|techno,0.03369871831145792,0.005891372471691826,0.0016824562464246777,2
1639,track_1346165,artist_490131,electronic|synthpop|techno,0.03250407009595271,0.0250548775098812,0.002480525860829496,2
1640,track_1346173,artist_490131,electronic|synthpop|techno,0.03267376319143615,0.02518448459052589,0.0024932842949615917,2
1641,track_1346179,artist_490131,electronic|electropop|synthpop,0.04426162020534651,0.03365957432459399,0.003304594028569791,2
1642,track_1346190,artist_488843,ambient|atmospheric|easylistening,-0.025069323761420317,-0.01957212817899181,0.004112572819185637,1
1643,track_1346565,artist_448542,atmospheric|electronic|electronica|soundtrack,-0.002516734213516143,0.018298022418592845,0.0005141251582247337,1
1644,track_1346673,artist_448542,dubstep|electronic|funk|soundtrack,0.0017664025403143046,0.013157607552104237,-0.0031488208746396364,2
1645,track_1347850,artist_490314,classical|soundtrack,-0.029518419728253028,0.012907742632865442,0.0094232820382518,1
1646,track_1347950,artist_490314,electronic,-0.0039058184496524383,0.0008268443477775052,0.004174121544709361,1
1647,track_1347954,artist_490314,electronic,0.015215220818986751,-0.007588841179668166,-0.003640311835720275,2
1648,track_1348038,artist_490314,orchestral|soundtrack,-0.005950993058236894,0.031123064304643653,-0.0002843687343046413,1
1649,track_1348065,artist_438966,grunge|rock|symphonic,0.022876076156727335,0.014943256647149487,-0.003892032801918136,2
1650,track_1348079,artist_490314,orchestral|soundtrack,0.014536597605287672,-0.00791727417152741,-0.00034044844334813547,2
1651,track_1348113,artist_490314,classical,-0.053944403573738364,0.003586215926522449,0.01976136060588115,1
1652,track_1348126,artist_431108,classical|newage|soundtrack,-0.051845235422650515,0.002396324393820343,0.015986026135086814,1
1653,track_1348173,artist_423996,ambient|experimental,0.010572881670748106,-0.0101316365113001,-0.006517179461201576,2
1654,track_1348250,artist_466600,ambient|newage|orchestral,-0.03901792656229223,0.00703972296393197,0.01480895930296252,1
1655,track_1348659,artist_435992,bossanova|jazzfusion|latin,0.019438403546258108,-0.005249555990701971,-6.812291009866576e-05,2
1656,track_1348665,artist_435992,bossanova|jazzfusion|latin,0.012223512795972502,-0.01334323573451698,-0.006581983098913789,2
1657,track_1348757,artist_490314,orchestral|soundtrack,-0.00388083582764295,-0.00662718897885958,-0.003852495570293289,1
1658,track_1349079,artist_001336,ambient|downtempo|electronic,0.01899114134289903,0.00320612407536155,0.00026766743533363044,2
1659,track_1349150,artist_001336,ambient|electronic|experimental,-0.015125266739720002,0.0003491100246859491,0.004550914204925393,1
1660,track_1349159,artist_001336,electronic|house|techno,0.0014275072055428034,0.0060900670405320025,-0.0016697320409944643,2
1661,track_1349673,artist_490560,ethno|oriental|soundtrack,0.0061990001278880895,-0.014311265894934637,-0.00927120575907349,2
1662,track_1349679,artist_490560,orchestral|oriental|soundtrack,-0.015926396269880544,-0.017534418980238508,-0.0012699305742396476,1
1663,track_1349690,artist_490314,ambient|soundtrack,-0.034122088071969967,0.0009629705912197897,0.01254558575947773,1
1664,track_1349954,artist_490314,soundtrack,-0.013275859718116647,0.022275000964961156,0.0025686178440070214,1
1665,track_1350142,artist_490314,soundtrack,0.005121448554723537,0.015085282964987594,-4.809899010232621e-05,2
1666,track_1350826,artist_490314,soundtrack,-0.037868461545797844,0.0032123938674442102,0.01334365200778761,1
1667,track_1350950,artist_490314,soundtrack,0.012206430804168686,-0.008411960506728964,-0.002987380288299354,2
1668,track_1350954,artist_490314,soundtrack,-0.0007589149807671418,0.00032819061132239165,-0.0030246120960289477,1
1669,track_1350957,artist_490314,soundtrack,-0.006935741003551058,0.02069318621623865,0.001721081525303599,1
1670,track_1350990,artist_490314,soundtrack,0.00488536582699517,0.014396135623712525,-4.5913950864379583e-05,2
1671,track_1351054,artist_490314,soundtrack,0.00042269473193894293,0.002839520688460741,-0.0025573711248197796,2
1672,track_1351057,artist_490314,soundtrack,0.02027893428145419,-0.010503041024269345,-0.0004701510999815184,2
1673,track_1351059,artist_490314,soundtrack,0.020210308919133578,-0.011442257658232645,-0.00046808289265745027,2
1674,track_1352138,artist_490314,soundtrack,0.015730150756882083,-0.015687673692470844,-0.00870944306216839,2
1675,track_1352150,artist_490314,soundtrack,0.018055240255302363,-0.010180122320233352,-0.003058745336019834,2
1676,track_1352165,artist_419285,ambient|lounge|popfolk,-0.02873628952704009,0.021123376948233824,0.008487708836879078,1
1677,track_1352250,artist_471813,experimental,-0.0007296255892389202,0.004116741795153199,-0.0011799541994747624,1
1678,track_1352579,artist_490314,soundtrack,0.0002638451276981895,0.0008766359434548256,-0.0031300076994818927,2
1679,track_1352850,artist_490806,ambient|atmospheric|newage,-0.026161593380290237,-0.016913130280703514,0.007468327985909071,1
1680,track_1352965,artist_462377,easylistening|electronic|pop,0.01235695338156998,-0.01159228658566769,-0.0061689315124154945,2
1681,track_1353213,artist_490851,easylistening|house|lounge,0.03342721331069663,0.0033770888168686334,0.017605778983535148,2
1682,track_1353226,artist_490851,chillout|easylistening|house|lounge,0.024593898025793967,-0.002825621547672776,0.008707050168587652,2
1683,track_1353242,artist_490858,chillout|easylistening|house,-0.003055708027068954,-0.0005574939355178708,-0.0021239003420531087,1
1684,track_1353250,artist_490858,chillout|easylistening|house,0.0250730359714011,-0.001150318799050657,0.001355029969072515,2
1685,track_1353259,artist_490858,chillout|easylistening|house,0.05090749581262,-0.0006158434538088609,0.005392139475355836,2
1686,track_1353265,artist_490858,chillout|easylistening|house,0.02789666638190074,-0.006360296755083274,0.003114082678964098,2
1687,track_1353273,artist_490858,chillout|easylistening|house,0.03800206108841204,-0.005085239863361007,0.00041196799051185245,2
1688,track_1353279,artist_490858,chillout|easylistening|house,0.030430719973013387,0.007791323623075627,0.005928090853072381,2
1689,track_1353290,artist_490858,chillout|easylistening|house,0.023011959782979083,0.00499701463468562,0.0048516681443023625,2
1690,track_1353313,artist_490859,house,0.07126176455229252,0.020291156168090182,0.020113636197124276,2
1691,track_1353326,artist_490859,chillout|house,0.045146463238250126,0.009670645698078016,0.02724160321421921,2
1692,track_1353338,artist_490859,house,0.027266236722515866,0.001948915118362774,0.0003284656055390271,2
1693,track_1353342,artist_490858,chillout|dub|easylistening|reggae,-0.004191119455792903,0.03051665814054136,-0.00020178284437531065,1
1694,track_1353350,artist_490858,chillout|dub|easylistening|reggae,0.03376369544708263,-0.002890414961830293,0.012162609238700056,2
1695,track_1353354,artist_490858,chillout|dub|easylistening|reggae,0.045084399479741404,0.002884068815558055,0.013397862951226107,2
1696,track_1353357,artist_490860,club|dance|disco|easylistening|funk,0.04470769899657201,0.002057164954560512,0.03613840720341164,2
1697,track_1353359,artist_490860,club|dance|easylistening|house,0.01904306578791957,0.004559424206896458,0.00478087088194491,2
1698,track_1353365,artist_490860,chillout|club|dance|house,0.01621577138040115,0.0032255587668790454,0.012335884840401153,2
1699,track_1353373,artist_490860,chillout|easylistening,0.03425660074055596,-0.004971978324669488,-3.0225666406438113e-06,2
1700,track_1353459,artist_490314,groove|soundtrack,-0.007294897684954049,-0.0020578804031077392,0.0014658118144323202,1
1701,track_1353542,artist_490314,soundtrack,-0.01814600883297565,0.00899710941041509,0.005189602883095537,1
1702,track_1353557,artist_490314,soundtrack,-0.02620053241697191,-0.004453803957762311,0.010513669381404226,1
1703,track_1353559,artist_490314,soundtrack,-0.026141238737585934,-0.00444413982456496,0.010491460757389402,1
1704,track_1353765,artist_490314,soundtrack,0.004623493999271207,-0.0029881579376575262,5.7664893662553866e-05,2
1705,track_1353779,artist_490314,soundtrack,-0.005757375280518274,0.0035711819916534895,-0.00022721096055654117,1
1706,track_1354113,artist_485239,country|folk|latin,-0.0038741452618195047,-0.017317688836790586,-0.008920817368336904,1
1707,track_1354126,artist_490945,bossanova|jazz|lounge,-0.003376289893165145,-0.03255766147480142,-0.011707318246749854,1
1708,track_1354142,artist_490314,classical|orchestral|soundtrack,0.01910934213989403,-0.014636561869658718,-0.013636141011693855,2
1709,track_1354150,artist_490314,soundtrack,-0.0008834886419756005,-0.011746273948234253,-0.0052553396191112245,1
1710,track_1354273,artist_462377,disco|funk|groove,0.017984752812695418,0.011849995155338605,0.00017624990836689945,2
1711,track_1354442,artist_490314,orchestral|soundtrack,0.01661443227456537,-0.01862777474938427,-0.008274451653123197,2
1712,track_1354579,artist_490314,oriental|soundtrack,-0.0011373699692670907,-0.009777124774507926,-0.00522071541537259,1
1713,track_1354590,artist_490314,oriental|soundtrack,0.007510585963472617,0.009944916282701357,-3.794091384843547e-05,2
1714,track_1354954,artist_485239,country|folk|latin,-0.007697248557250004,-0.0168022459982584,-0.007431301431762306,1
1715,track_1354957,artist_485239,country|folk|latin,0.011822227919632543,0.0016043148494766294,0.002587789331768316,2
1716,track_1354959,artist_485239,country|folk|latin,0.015299913557261822,-2.5821604260092075e-06,0.0008480019008485513,2
1717,track_1355050,artist_358739,dubstep|orchestral|soundtrack,0.006436082025427361,0.016553140606602543,-0.004407837774837985,2
1718,track_1355265,artist_488990,funk|hiphop|rap,0.022169023014458892,-0.002088521921967818,-0.005911514458001832,2
1719,track_1355273,artist_488990,hiphop|rap,0.008161275704846505,-0.028404611649220358,-0.01107663859165269,2
1720,track_1355557,artist_484797,pop|popfolk|soundtrack,0.0050034309634520956,0.01613284537777359,-0.004353858889755038,2
1721,track_1355559,artist_484797,folk|popfolk|soundtrack,0.0059349454563209685,0.028196116864301693,-0.007618118129290077,2
1722,track_1356313,artist_467034,indie|pop|poprock,0.0005657184964573671,0.00691722552728679,-0.010843445370087709,2
1723,track_1357550,artist_003944,easylistening|folk,-0.019329115792832044,-0.01814729308357929,-6.8914283143622775e-06,1
1724,track_1357557,artist_491348,alternative|poprock|rock,0.01583023356812311,-0.02074183804968486,-0.019189307336479458,2
1725,track_1358038,artist_364032,ambient|atmospheric|newage,-0.020825979070314003,0.001446300028464349,0.007171448777872989,1
1726,track_1359338,artist_477775,darkambient|synthpop,0.004264991468898099,0.01192806969071801,-0.006835297426494573,2
1727,track_1359342,artist_477775,easylistening|electropop|poprock,0.009372544210792186,0.00299716942987568,-0.005759514852629901,2
1728,track_1359954,artist_348759,chillout|classicrock|soundtrack,0.007787659644802627,-0.03334130470661175,-0.01618116851148453,2
1729,track_1359959,artist_348759,classical|medieval|newage|soundtrack,-0.02319344088923255,-0.0007104280397214145,0.004420245638142183,1
1730,track_1360554,artist_483163,folk|orchestral|popfolk,0.017338162205213455,-0.0064835782915338555,0.0019861407642619796,2
1731,track_1360557,artist_483163,pop|popfolk,0.012056448321450718,-0.021572871309271394,-0.01315654206984181,2
1732,track_1360559,artist_483163,pop|popfolk,0.008840212487451636,0.02442609032024929,-0.0017165413841685382,2
1733,track_1361379,artist_480599,ambient|atmospheric|soundtrack,-0.020840208752581794,0.0040254749708949385,0.01733753416190855,1
1734,track_1361538,artist_441650,psychedelic|trance,0.03413693462965336,0.014236320613394686,0.005887999200833681,2
1735,track_1362213,artist_465078,dub|dubstep|electronic,0.005579439374462274,0.009312612373465243,-0.004102862520520867,2
1736,track_1363650,artist_448664,experimental|grunge|indie|soundtrack,-0.00030753259732176156,-0.00748229982253584,-0.013612963463073866,1
1737,track_1364457,artist_474866,pop|poprock,0.015169699120812095,-0.005834680234160726,0.0005515384283487413,2
1738,track_1364465,artist_474866,pop|poprock,0.011130991150240625,-0.009136653064942836,-0.001855165980094341,2
1739,track_1365050,artist_492122,industrial|metal|punkrock,-0.001546308026760034,-0.010507476206796876,-0.00621819520405348,1
1740,track_1365054,artist_492122,alternative|grunge|industrial,-0.002961768420276499,-0.009351045164127535,-0.0046387880655895716,1
1741,track_1365079,artist_492122,alternative|experimental|industrial,0.0008773211373246524,-0.006461571251409457,-0.004348091416382272,2
1742,track_1365126,artist_461766,hardrock|metal,-0.019703953580911655,0.06759610707327318,-0.00196283332482247,1
1743,track_1365365,artist_339778,70s|rocknroll|singersongwriter,0.010477411330137965,-0.010209682803303357,-0.008179935645253291,2
1744,track_1366142,artist_492259,chillout|easylistening|soundtrack,-0.008744528122847846,0.023758278042457878,0.0016028979918567732,1
1745,track_1366150,artist_492259,easylistening|jazz|soundtrack,0.0052144500439887135,0.015513009249108242,-0.0028985774187201465,2
1746,track_1366154,artist_492259,easylistening|jazz|soundtrack,-0.00539027662292648,-0.007791879475712194,0.00024364084209154658,1
1747,track_1366157,artist_492259,easylistening|jazz|soundtrack,0.02163420315554519,-0.023100404742176867,-0.0008579704625096997,2
1748,track_1366173,artist_492259,easylistening|jazz|soundtrack,0.0017135951767852447,-0.0022427563934692522,0.0012862740230277397,2
1749,track_1366342,artist_492255,poprock|punkrock,-0.003696521902869019,0.011519331732320526,-0.0071694318891221045,1
1750,track_1367173,artist_002208,80s|dance|electropop,0.02220071751080128,0.01301352568307788,-0.0013835420673089104,2
1751,track_1368942,artist_480599,ambient|atmospheric|soundtrack,-0.028360693862780645,-0.0007274421381260542,0.00908320475094932,1
1752,track_1368954,artist_480599,ambient|atmospheric|soundtrack,-0.024931449580770284,0.015023669644943508,0.007397671627696251,1
1753,track_1368979,artist_489561,classical|folk|world,-0.027855701940553687,0.006242173224080415,0.01189552675744701,1
1754,track_1369350,artist_456650,90s|alternative|rock,0.0013242228150944235,0.006011932714312143,-0.009125665401637808,2
1755,track_1370142,artist_427606,atmospheric|classical|soundtrack,-0.03133512876783254,0.018485380691152565,0.0087812214852726,1
1756,track_1370350,artist_490028,easylistening|electronic|soundtrack,0.025605584366878334,0.002321340548868282,0.0088755639955342,2
1757,track_1370354,artist_490028,disco|electronic|house,0.0015592010925175055,-0.0008517952786311705,-0.009149016923358547,2
1758,track_1370357,artist_490028,easylistening|electronic|soundtrack,0.019122819815423377,0.0004330424371749074,0.006427601303585569,2
1759,track_1370379,artist_490028,easylistening|orchestral|soundtrack,-0.04374996739544582,0.01250736000876506,0.015871993453348523,1
1760,track_1370390,artist_490028,atmospheric|easylistening|electronic,0.011854172750781582,-0.011815698334928813,-0.006365796682673992,2
1761,track_1370473,artist_003944,classical|easylistening,-0.03233153154743908,-0.023902850007951157,0.0030548048813266266,1
1762,track_1370479,artist_003944,classical|easylistening,-0.027648767992848575,-0.01618820485781405,0.003902584637642467,1
1763,track_1370673,artist_477499,alternative|industrial|rock,-0.0018104915156745022,0.00559152573833714,0.0025347291261588437,1
1764,track_1370842,artist_488716,alternative|alternativerock|rock,0.016693909564752578,-0.033534905846672174,-0.019930292971954554,2
1765,track_1371054,artist_492818,ambient|classical|minimal,-0.02062744057940282,0.029225998710951596,0.0037609855296030312,1
1766,track_1371057,artist_492818,ambient|classical|minimal,-0.025785519208555235,-0.02256752146023583,0.00706696860656912,1
1768,track_1371779,artist_351898,newwave|pop|rock,0.00643789109110223,-0.0005126564899246817,-0.005187194105876864,2
1769,track_1371813,artist_362501,latin|soundtrack,0.028902365231750243,0.007842467605523106,0.0039010788782619667,2
1770,track_1372065,artist_492919,experimental|hiphop|orchestral,0.029472354851515125,0.041029433433145926,-0.0004483025539744794,2
1771,track_1372079,artist_492919,rnb|soul|soundtrack,0.001269230505582201,-0.0027432935372442525,0.0015745790049586587,2
1772,track_1372190,artist_492925,electropop|pop|poprock,0.015483150785296385,-0.0187988932793123,-0.009033231978084429,2
1773,track_1372265,artist_428449,ambient|easylistening|soundtrack,0.0010451663317790523,-0.009675133472647503,-0.007799418771557231,2
1774,track_1372873,artist_492989,folk|pop|singersongwriter,-0.012560109576704476,-0.011127669576587045,0.00032976066456280085,1
1775,track_1373042,artist_441585,ambient|deephouse|edm|pop,0.02584502345462167,-0.00036570204037827367,0.013401016190654733,2
1776,track_1373254,artist_451073,pop,0.05977980285858041,0.009017124357600841,0.3237487673605686,2
1777,track_1373257,artist_451073,easylistening|soundtrack,0.013460543020461182,-0.025165307895094493,-0.017237461822484066,2
1778,track_1373259,artist_451073,easylistening|pop,-0.0045114445876739484,0.006254642365615176,-0.0014704759737392318,1
1779,track_1373265,artist_451073,pop|soundtrack,0.024681806603521206,0.0002173094188598278,0.008401036571245392,2
1780,track_1375490,artist_486064,pop|rnb,0.013359414449215668,-0.01708006282972416,-0.0046409781708917335,2
1781,track_1376257,artist_490499,chillout|downtempo|easylistening,0.01907690038273619,-0.005195077742798678,0.002414470195397926,2
1782,track_1376259,artist_490499,chillout|downtempo|easylistening,0.023502262462425875,-0.029630931625615878,-0.014999785745332488,2
1783,track_1376457,artist_480890,80s|rock|synthpop,0.02136272622076276,0.018313773745752895,-0.002902531243090713,2
1784,track_1376550,artist_000560,orchestral|soundtrack,-0.0038085753460615733,-0.01656386929394498,-0.005778700415188182,1
1785,track_1376554,artist_000560,orchestral|soundtrack,-0.015535700045173087,0.04239004142292299,-0.0007330036921329261,1
1786,track_1376557,artist_000560,ambient|orchestral|soundtrack,-0.014098200145021991,-0.0003666780495004903,0.0003025539758434483,1
1787,track_1376559,artist_000560,orchestral|soundtrack,0.012797167693510298,-0.014036563738961956,-0.011323799427580081,2
1788,track_1378690,artist_486550,electronic|pop,0.012426417934941671,-0.016674468383775776,-0.009853004273314191,2
1789,track_1379179,artist_471813,experimental,0.011261025877956155,0.013930168056304128,-0.007411519633400446,2
1790,track_1379190,artist_489561,ambient|electronic|soundtrack,0.022048479340462664,0.0026016693764641828,0.0030214006964920203,2
1791,track_1379226,artist_473030,downtempo|electronic|triphop,0.026659518639684868,-0.0037425250696456976,0.0001452001187100591,2
1792,track_1380979,artist_475732,dance|electronic|experimental,0.05864155938771552,0.042629832497936386,0.004065978229418348,2
1793,track_1381079,artist_433608,darkambient|edm|hard|idm,0.02698345704001289,0.006667575572492057,-0.0020428698298559813,2
1794,track_1381254,artist_375104,poprock|rock,0.007118661149644266,0.01395918355483846,-0.0005930289838575207,2
1795,track_1381313,artist_489220,hard|heavymetal|metal,0.01379687388392101,-0.01577128662341771,-0.01096100306372574,2
1796,track_1381342,artist_367651,alternativerock|poprock|rock,0.0032338534216271096,-0.00535554238479505,-0.006677454065553229,2
1797,track_1381526,artist_486550,easylistening|electronic|pop,0.005356847109745343,-0.012984536367325841,-0.008381133281719586,2
1798,track_1381550,artist_486550,dance|electronic|pop,0.02429714828139195,-0.007207197911647469,0.0009294539637463681,2
1799,track_1381590,artist_347867,folk|popfolk|singersongwriter,-0.008194818455368286,0.02497011333545844,0.0013897004868513782,1
1800,track_1381650,artist_493718,african|ambient|atmospheric,-0.0050171045807897675,0.00035250735240075686,0.0017605911783532902,1
1801,track_1382265,artist_489561,instrumentalrock|rock|soundtrack,0.0051837243633268025,0.016401833952241002,-0.0031462992428844486,2
1802,track_1383638,artist_483387,dance|minimal|pop,0.0017020166051838238,-0.0025227981474417846,-0.0034345351036876182,2
1803,track_1383742,artist_493908,dance|electronic,0.01821452976666498,0.003773405856154418,0.006562258137893082,2
1804,track_1383926,artist_477775,dance|electronic,0.04127326802890386,0.011969435868791749,0.013915025811731346,2
1805,track_1383957,artist_430126,indie|rock|soundtrack,0.014043866086492588,0.0009977160366638413,0.002940929771901582,2
1806,track_1384026,artist_489627,70s|blues|reggae,0.02222280422120345,0.004426249030816473,0.0071923825486357885,2
1807,track_1384554,artist_494034,funk|indie|pop,0.0008342056828726836,0.024744794503521173,-0.00247762228356242,2
1808,track_1384557,artist_494034,funk|indie|pop,0.0025705646613676963,-0.016737862793380968,-0.0030244118658409153,2
1809,track_1384559,artist_494034,funk|indie|pop,-0.00020559695658543586,0.000432167778946901,-0.0031303685801851245,1
1810,track_1384690,artist_493899,electronic|techno,0.05446550793119231,0.006209226679934559,0.015456559915122431,2
1811,track_1384754,artist_482706,house|latin|pop,0.03705841122643596,0.0013014687200930068,0.01963552133028721,2
1812,track_1385554,artist_430396,blues|singersongwriter,-0.007150834276487053,-0.015645081730385348,-0.005063593854828771,1
1813,track_1385557,artist_430396,blues|grunge|singersongwriter,0.01981946867264107,0.005217301331100236,-0.01209896387582536,2
1814,track_1385579,artist_430396,blues|rock|singersongwriter,-0.020907207264225867,0.06527900297571516,-0.0027431073146262056,1
1815,track_1386438,artist_494174,indie|minimal|soundtrack,-0.014074149404028584,0.016689438747676186,0.0018987449439609757,1
1816,track_1386750,artist_456894,latin|lounge|rock,0.016466212185043516,-0.02253563212824832,-0.013153377104817014,2
1817,track_1387059,artist_492062,ambient|atmospheric,-0.01478555345454922,-0.008099993536360133,0.00038401415151298723,1
1818,track_1387073,artist_492062,ambient|atmospheric,-0.023775306156767446,-0.003589845773975745,0.006920952597681226,1
1819,track_1387373,artist_477775,electropop|synthpop,0.007243943851222804,-0.018316816877586354,-0.013421467227808856,2
1820,track_1387379,artist_477775,electropop|techno,0.023592596581353886,0.019906962244282962,-0.0015411181106379777,2
1821,track_1387457,artist_487711,reggae|world,0.0011024997333018607,-0.010296371081491156,-0.007907837991843745,2
1822,track_1387459,artist_487711,reggae|world,0.009177777688215429,0.00814717832636256,-0.002774402697279159,2
1823,track_1387550,artist_466600,classical|orchestral|soundtrack,-0.04151015542379113,-0.02150140848938724,0.015803266551726154,1
1824,track_1387750,artist_347867,indie|latin|poprock,0.010541985038499383,-0.014965647994924986,-0.012123108218523627,2
1825,track_1387926,artist_494324,alternative|experimental,-0.03394248243502852,0.011028364463496481,0.012812198498552764,1
1826,track_1388273,artist_438910,ambient,-0.018359018728744465,-0.005175695479087815,0.00436237384405785,1
1827,track_1388279,artist_438910,ambient|newage,-0.03404020219465704,-0.0016334474954296664,0.01119393419819939,1
1828,track_1388813,artist_007805,folk|popfolk|poprock,0.00983025112938753,-0.012022736226481515,-0.006641199118258546,2
1829,track_1388859,artist_007805,folk|popfolk,-0.00512635171723419,-0.013443588295952501,-0.009683928699490826,1
1830,track_1388865,artist_007805,jazz|pop,-0.015447886390090143,0.013151015243062445,-0.005659089108963635,1
1831,track_1388879,artist_007805,grunge|poprock|progressive,-0.002434444383258694,0.002201071868208963,-0.013153757052954226,1
1832,track_1389150,artist_466600,classical|orchestral|soundtrack,-0.003664751102571952,-0.00912878364454257,-0.008213517873653157,1
1833,track_1389159,artist_462377,easylistening|indie|rock,0.004491131390143821,0.0032804876475501467,-0.007299908250557891,2
1834,track_1389190,artist_347673,classical|symphonic,-0.011106656084152434,0.005135794209477151,-0.0027568580646850057,1
1835,track_1389413,artist_438910,ambient|newage,-0.03222811320636181,-0.00589685869932153,0.008216523228080957,1
1836,track_1389457,artist_361044,classical|orchestral,-0.016408871634441418,0.001372104084382926,0.0017860612951419474,1
1837,track_1389459,artist_361044,classical|orchestral,-0.014576022986693261,0.003705726251572727,0.0011397157402922465,1
1838,track_1389857,artist_347867,chillout|orchestral|soundtrack,-0.03850202189439542,0.01082739144825099,0.012198812672321615,1
1839,track_1390338,artist_347867,60s|indie|poprock,-0.0016565162611865722,0.008912047043275162,-0.011299616778119413,1
1840,track_1390454,artist_349335,funk|groove,0.021954211032275586,-0.006117118916617187,0.0036568748290025,2
1841,track_1390465,artist_349335,ambient|lounge|soundtrack,-0.02291066193901365,0.00030014115981310586,0.004791614282616432,1
1842,track_1390673,artist_438910,ambient|electronic,-0.00412223118577347,0.016892941832060002,0.0007445414728886935,1
1843,track_1391226,artist_490028,easylistening|orchestral|soundtrack,0.009660693664514313,0.011088457890528624,-0.0007287626310535736,2
1844,track_1391238,artist_490028,easylistening|orchestral|soundtrack,-0.02606150301534649,0.0020861256860965583,0.00965594147670327,1
1845,track_1391254,artist_355756,ambient|electronic|newage,-0.02453142349455861,-3.248853622591769e-05,0.008531536366775496,1
1846,track_1391259,artist_355756,ambient|electronic|newage,-0.023191315375230146,-0.009299819496051267,0.007279204380145426,1
1847,track_1391265,artist_355756,ambient|electronic|experimental,-0.03601790049918675,-0.008904471019328017,0.012837438603181761,1
1848,track_1391338,artist_486550,easylistening|pop|popfolk,-0.018023510564360155,-0.007718875450091738,0.004936176538076936,1
1849,track_1391342,artist_486550,easylistening|orchestral|pop,-0.01483531222539567,0.01904822505921216,0.0036468967041703004,1
1850,track_1392190,artist_433117,soundtrack,0.011716673898299326,-0.008408403701552235,-0.002477401719115006,2
1851,track_1392690,artist_355756,ambient|electronic|newage,-0.003731009262650865,-0.009223511679162548,-0.00510828669786128,1
1852,track_1392850,artist_355756,ambient|electronic|newage,-0.019127108393498765,-0.0010627412251470385,0.0021331633933472,1
1853,track_1392854,artist_355756,ambient|electronic|newage,-0.012323604642642419,-0.00374137583020102,0.0008789821135637629,1
1854,track_1393142,artist_456894,easylistening,-0.014164623451569573,0.005879720005833239,-0.0031756470752663008,1
1855,track_1393190,artist_483387,dance|pop|popfolk,0.02216740802570064,0.018885989262081827,-0.00015916374531041788,2
1856,track_1393213,artist_483387,popfolk|progressive|soundtrack,-0.007796590282099947,-0.015197865565085397,-0.004829867639558007,1
1857,track_1393342,artist_355756,electronic|minimal|newage,0.012874942950114793,0.00486666181135991,0.0053626085676663484,2
1858,track_1393426,artist_355756,alternative|hardrock|rock,0.010365215298615534,0.014655034110092053,-0.004618069380566364,2
1859,track_1393526,artist_375104,chillout|electronic|pop,-0.00048239294155433824,-0.016122485539398906,-0.006442940602912868,1
1860,track_1394326,artist_486606,ambient|easylistening,-0.005209067168504088,0.017171546240009973,-0.0007370328069688142,1
1861,track_1394790,artist_491763,electronic|heavymetal,0.007840947515167411,0.009655050405128096,-0.011868005934625142,2
1862,track_1395042,artist_464476,classical,-0.005336152557743955,-0.006097744141415582,-0.0033742636794571058,1
1863,track_1395059,artist_442600,ambient|experimental|minimal,0.025847936723566892,0.0022264952016898577,0.012906299932439922,2
1864,track_1395613,artist_337741,ambient|soundtrack,0.0004434827369032024,0.020710595036284783,9.672468600335847e-05,2
1865,track_1396090,artist_439289,classical|soundtrack,0.010236627460432466,-0.016700594762590247,-0.012873350945857861,2
1866,track_1396257,artist_491533,classical|electronic|orchestral|soundtrack,0.0311055229779124,0.0070468358966502,0.002530485728152905,2
1867,track_1396473,artist_480605,deephouse|electronic|ethno,-0.004219673228280116,0.009689673593741965,-0.00023632287849780862,1
1868,track_1396673,artist_495239,,0.0034108428043399404,0.03075257576678161,-0.0017333851586385095,2
1869,track_1396690,artist_462377,ambient|chillout|minimal,0.010208382179065905,-0.021664020907025978,-0.01377947963550667,2
1870,track_1396990,artist_002444,ambient|electronic|techno,0.00910160516746165,-0.00449105798895695,-0.004270057185828857,2
1871,track_1397142,artist_439371,pop|rock,0.003090436224750564,-0.013431356718628393,-0.012342946128624386,2
1872,track_1397150,artist_439371,indie|rock,-0.008984181137711305,0.03608309502670038,8.437857134925248e-05,1
1873,track_1397165,artist_495287,ambient|chillout|classical,0.0006568702116934831,-0.016608311767289975,0.0007711723430761711,2
1874,track_1397365,artist_444361,,-0.019828813054780448,0.0028516856262023127,0.005711159057531252,1
1875,track_1397742,artist_439371,country|pop,0.0061665476314163754,-0.012927835875643397,-0.008401625129809449,2
1876,track_1397854,artist_439371,dubstep|electronic|idm,0.021466690797044618,-0.0007348031411849813,0.01006735414845044,2
1877,track_1397859,artist_439371,dance|electronic|pop,0.011412351184506165,-0.010545692289299488,-0.006866760640698014,2
1878,track_1398150,artist_439371,chillout|newage|pop,-0.00371003841888044,0.031973750596847185,-0.0005583738496298004,1
1879,track_1398154,artist_439371,chillout|newage|pop,-0.005799614947447955,0.019799643366545227,-0.0023754161447551822,1
1880,track_1399013,artist_495449,classical|symphonic,-0.037851573212675446,-0.028330625805478682,0.0038618101022006865,1
1881,track_1399290,artist_423996,experimental,-0.025483437981748746,-0.005750468215118903,0.006525371819683778,1
1882,track_1399473,artist_419438,classical,-0.00620897231730204,-0.0088179038521047,-0.00029405184029449163,1
1883,track_1399526,artist_363557,electropop|indie|pop|poprock,-0.04058812032077484,0.00807534522842653,0.06686365546683395,1
1884,track_1399542,artist_363557,indie|newage|pop|rock,-0.04038546436977758,0.00803547970660336,0.06653589419778312,1
1885,track_1399626,artist_004116,electronic|pop|soundtrack,0.03904288425230303,-0.01616169246019343,-0.0038335273379185002,2
1886,track_1399654,artist_004116,ambient,-0.034827668415661345,-0.008544798140905615,0.011682991473779387,1
1887,track_1399790,artist_483253,classical|orchestral|soundtrack,-0.038384397870370006,-0.018786092996115885,0.011034449830205705,1
1888,track_1399850,artist_495287,easylistening|electronic|soundtrack,-0.05331402139365105,0.03453381486118146,0.016079875198822705,1
1889,track_1400065,artist_416786,chillout|electronic|lounge,0.012579307709538785,-0.0007418494849322647,0.002121220784716227,2
1890,track_1400150,artist_471813,experimental,0.011291659562281006,0.015355330492044897,0.0006431260273239932,2
1891,track_1400154,artist_471813,experimental,-0.011694396805765225,0.02748659994304933,0.0013915300587441627,1
1892,track_1400157,artist_471813,experimental,0.008218701159808198,-0.029283104880805568,-0.01583941732777693,2
1893,track_1400913,artist_495449,classical|symphonic,-0.032823334658344853,-0.023111950174139684,0.0036275004253848333,1
1894,track_1401013,artist_495620,atmospheric|chillout|gothic|soundtrack,-0.006843560112805051,-0.00776026860341032,-0.0013547746921440133,1
1895,track_1401538,artist_466600,classical|orchestral|soundtrack,-0.04096998593847181,-0.010132448896612661,0.01460574904672457,1
1896,track_1401590,artist_375104,dance|electronic|pop,0.004828193316855324,0.003169670668008077,-0.002831920983766011,2
1897,track_1402090,artist_495484,classical|pop|soundtrack,0.009825704907284013,-0.002705523982703116,-0.0003280632771765666,2
1898,track_1402273,artist_341912,electronic|soundtrack,-0.012462195721358878,-0.02096226203510066,-0.00011770913520020072,1
1899,track_1402454,artist_341912,electronic|soundtrack,0.01361407488691531,-0.020066874262753897,-0.012324020783867747,2
1900,track_1402459,artist_341912,electronic|electropop,0.010897249098999277,-0.019498504397906725,-0.009472399460003849,2
1901,track_1402650,artist_432273,classical,-0.0004716912745107392,-0.0037056953999008084,-0.003121880405865997,1
1902,track_1402654,artist_432273,classical,-0.005440403518946422,0.01672805127431704,0.001009562543838455,1
1903,track_1402657,artist_432273,classical|orchestral,-0.009989634737033898,-0.0009217312090514419,-0.0026295934832856367,1
1904,track_1402857,artist_489133,house|progressive|techno|trance,0.013463154063820926,0.006117877641440582,0.00016899506416016402,2
1905,track_1402926,artist_355756,atmospheric|electronic|newage,0.0025831621527051345,-0.01037851143802871,-0.004975185788226999,2
1906,track_1403238,artist_430269,electronic|pop|poprock,-0.005123905233752817,0.011201081049140561,-0.005206487518489199,1
1907,track_1403257,artist_003944,breakbeat|tribal,0.01509483290206068,0.02186556540616528,-0.0014249286077817275,2
1908,track_1403854,artist_493357,chillout|classical|soundtrack,-0.04062944789680382,-0.01735571715592674,0.009278377238723778,1
1909,track_1403965,artist_001336,house|techno,0.02534249838586266,0.00019829061293559047,0.012249915967328774,2
1910,track_1403973,artist_001336,ambient|electronic|minimal|techno,0.01889011861211058,0.004263090817668379,0.003977342913839425,2
1911,track_1404954,artist_495923,soundtrack|world,0.024486574215269185,-0.018760857446464333,-0.004033411622360518,2
1912,track_1404957,artist_495923,soundtrack,-0.01769363077678266,-0.009630706723200048,0.0038606972633513444,1
1913,track_1405013,artist_430269,electronic|soundtrack,0.019875213894575836,0.006910178526972588,-0.0025098034928238613,2
1914,track_1405073,artist_495804,pop,0.017908228603610455,-0.020951755688033445,-0.01071630799352933,2
1915,track_1405357,artist_460992,dance|minimal|pop,0.01494994343853513,0.00710161483012606,9.43295266065021e-05,2
1916,track_1405365,artist_460992,dance|pop|soundtrack,-0.012644170496924805,0.049219252210583916,0.002541790095443284,1
1917,track_1405473,artist_495484,pop|poprock|world,0.00997051571396408,-0.01584758892724596,-0.010218236818916735,2
1918,track_1406054,artist_483960,country|folk|world,0.01070982760203775,-0.01705680512053985,-0.01423685980552087,2
1919,track_1406057,artist_483960,country|popfolk|rnb,0.011236556108154822,-0.019277308941376633,-0.014946675661466555,2
1920,track_1406565,artist_496074,hiphop|orchestral|rnb,0.01462677737245966,-0.03045192233419454,-0.019673510376569052,2
1921,track_1406573,artist_496074,ambient|electronic|progressive,-0.0031424576796714176,0.024864315093655203,0.0005851017162061662,1
1922,track_1406579,artist_496074,ambient|hiphop|trance,0.008850286855293413,-0.018756721119749728,-0.012271057026873755,2
1923,track_1407550,artist_469116,atmospheric|easylistening|newage,-0.026709260366729853,0.018717507305335113,0.0070850633898806945,1
1924,track_1407654,artist_469116,60s|jazz|rock,0.00786457221018659,-0.011476281864479758,-0.010573717509455056,2
1925,track_1407657,artist_469116,pop|popfolk|poprock,0.007965147099956427,-0.0137053118214329,-0.012324701636752528,2
1926,track_1407659,artist_469116,poprock|rock|soundtrack,0.004817135880380247,-0.006355721881201534,-0.007970112699439308,2
1927,track_1407838,artist_438603,pop|progressive|rock,0.02164676054075935,0.010559343392137712,-0.009848918897714316,2
1928,track_1408979,artist_486550,easylistening|electronic|poprock,0.010502859177442014,-0.007234153991234079,-0.002730986285957896,2
1929,track_1409342,artist_439371,latin,0.03793525515708785,0.004167524230089754,-0.009565217311112715,2
1930,track_1409390,artist_362636,breakbeat|drumnbass|tribal,0.01566095866376244,0.009671718851900395,-0.004277767139550788,2
1931,track_1410638,artist_357291,psychedelic,-0.025596284518231097,0.0005002603088739668,0.006099914548711361,1
1932,track_1410642,artist_357291,ambient|electronic,-0.025010243057079978,0.0003344558643984788,0.005872951604074368,1
1933,track_1413465,artist_340225,ambient|chillout|electronic|newage,0.012427554777437436,-0.01279850203439131,-0.008301140993211376,2
1934,track_1413879,artist_352097,electronic|electropop|pop|soundtrack,0.01920325620815798,0.006153168253487958,0.006653571976082628,2
1935,track_1413890,artist_352097,electronic|electropop|pop|soundtrack,0.020713032605391167,0.0031354066888978393,0.007428503000782263,2
1936,track_1413959,artist_496314,classical|soundtrack,0.010673013567864646,-0.017756474693429745,-0.010513006807040462,2
1937,track_1414673,artist_004163,80s|darkambient|indie|rock,0.00733544661042371,-0.009632320387063442,-0.006073298669822318,2
1938,track_1414765,artist_488457,70s|groove|psychedelic|rock,0.010232341336491584,-0.01951439171898816,-0.012921231970919355,2
1939,track_1415338,artist_492266,ambient|newage|soundtrack,-0.005822929967854558,0.04163509694753185,-0.006404753188568087,1
1940,track_1415342,artist_492266,ambient|atmospheric|chillout|newage,-0.011426538127823085,0.0002643583739597529,-0.0003797262103482493,1
1941,track_1415550,artist_495804,pop,0.011522006130030545,-0.011693880237185829,-0.007023909143665517,2
1942,track_1415573,artist_495804,electronic|pop|rock,0.013491446688421376,-0.007678695234738716,-0.009252751122715897,2
1943,track_1415750,artist_003944,classical|soundtrack,-0.02473014127981296,-0.006990254972543587,0.005137371283254614,1
1944,track_1415990,artist_000560,orchestral|soundtrack|symphonic,0.01778545484555972,0.005997972348491977,0.00030737156820135085,2
1945,track_1416042,artist_496605,poprock|rock|rocknroll,0.0019749047806805232,-0.00048813548585954796,-0.005083237576069829,2
1946,track_1416142,artist_486550,ambient|atmospheric|easylistening,-0.016897707404682705,-0.014081061307073959,-0.00023875337601953235,1
1947,track_1416190,artist_004116,electronic|electropop|pop,0.009692112450518644,-0.013566515239401987,-0.007463752584975137,2
1948,track_1416890,artist_003944,classical|easylistening,-0.029266757312258578,0.013154000456735825,0.009927603362967474,1
1949,track_1417338,artist_482355,classical,-0.019127468311051964,-0.014997874354477686,0.005038953790847239,1
1950,track_1417350,artist_482355,classical,-0.02406094138334158,-0.0335866577461693,0.003915006397165264,1
1951,track_1418765,artist_496074,drumnbass|electronic|progressive,0.0037386120241944374,-0.006352274823038737,-0.008524890519803196,2
1952,track_1418979,artist_496314,dance|soundtrack|trance,0.037791764527042526,0.0173114059485801,0.008133004978811335,2
1953,track_1419226,artist_489745,ambient|atmospheric|symphonic,-0.01677314065008525,0.0022353111472109086,-0.003579768200551599,1
1954,track_1419279,artist_343154,ambient|chillout|hiphop,0.0078818252006894,-0.015352031471321624,-0.0070218175938076876,2
1955,track_1419465,artist_457524,breakbeat|trance,0.01267139959559339,0.007627380384138307,-0.0036989052766611442,2
1956,track_1419626,artist_351588,jazz|latin,0.004358741590843611,-0.0038941349037630393,-0.00551588309899096,2
1957,track_1419650,artist_496074,hiphop|rap|rnb,0.007979240873806828,-0.030517989691982023,-0.01648018613277704,2
1958,track_1419657,artist_454118,hardrock,-0.004189079520089184,0.03346229716568388,-0.003728879633265388,1
1959,track_1419659,artist_454118,hardrock,-0.002730339897349221,0.021743094419848955,-0.00039153918532935944,1
1960,track_1419665,artist_496314,soundtrack,0.006335819907723684,-0.020452195815692263,-0.010039189887631575,2
1961,track_1419790,artist_497141,orchestral|soundtrack,-0.008025127074847033,0.02564009635925312,-7.21006879882726e-05,1
1962,track_1420242,artist_352232,electronic|experimental,0.030577896227593885,0.003012380666534358,0.007365128856954447,2
1963,track_1420413,artist_497198,dance|easylistening,0.028204611096513756,0.013070098996343043,0.005796468941079416,2
1964,track_1420426,artist_497198,chillout|dance|disco,0.08934362855611766,0.015136477288101618,0.03929116343416659,2
1965,track_1420438,artist_497198,chillout|dance|disco|funk,0.03541987086101408,0.001133687623474198,0.005365097331528741,2
1966,track_1420442,artist_497198,dance|easylistening,0.030064499161737767,0.0005651086401859166,0.007055005532920944,2
1967,track_1420450,artist_490851,chillout|house|lounge,0.024224126617884794,-0.01719888360705317,-0.003936586118499755,2
1968,track_1420454,artist_490851,chillout|house|lounge,0.024943856626543977,-0.002506576075515053,0.003508259446947921,2
1969,track_1420457,artist_490851,chillout|house|lounge,0.02967590121456292,-0.011075463057922199,0.003001444703863186,2
1970,track_1420459,artist_490851,chillout|house|lounge,0.00938454196130872,-0.021231478448915677,-0.008262394491561496,2
1971,track_1420465,artist_490851,chillout|house|lounge,0.038270604020680686,-0.012262110985868928,0.007613734618202664,2
1972,track_1420473,artist_497198,chillout|dance|disco|funk,0.0329762047911135,-0.00233935950293536,0.012423260446986032,2
1973,track_1420479,artist_497198,chillout|dance,0.03461504290609308,0.0021358803092134363,0.0089282146965023,2
1974,track_1420513,artist_497200,dance|funk|house,0.06520755977940751,0.0017266686242631234,0.04839743432708662,2
1975,track_1420526,artist_497201,chillout|dance|house,0.023719650058288633,0.0016223020963238798,0.002279081769161377,2
1976,track_1420538,artist_497202,chillout|house|reggae,0.026582867778967855,-0.006041494940044927,0.0018556469817409185,2
1977,track_1420542,artist_497202,chillout|house|reggae,0.02213493914590682,-0.002849274729240096,0.0023912923248073266,2
1978,track_1420550,artist_497202,chillout|dub|house,0.02159565325367046,-0.009997665599529665,-0.0032155111493375643,2
1979,track_1420554,artist_497202,chillout|house|reggae,0.02773861154131716,-0.02261896707539392,-0.011971000353886428,2
1980,track_1420557,artist_497202,chillout|house|ska,0.024312541303459667,-0.02873362334594365,-0.014772420083799295,2
1981,track_1420559,artist_497202,chillout|house,0.003137400723356826,-0.0208419472295155,-0.010296298990985272,2
1982,track_1420565,artist_497202,chillout|house|ska,0.019004662197704383,-0.005157156322831881,0.0012116798030542006,2
1983,track_1420573,artist_497202,chillout|house|ska,0.026131338651933865,-0.010783021433928614,0.0004555974974833484,2
1984,track_1420626,artist_497203,dub|house|lounge,0.03474324287101253,-0.01781744174727478,-0.002696869306382157,2
1985,track_1420638,artist_480599,soundtrack,-0.016666098807159274,-0.004788779080382654,0.003327079159980516,1
1986,track_1420642,artist_480599,ambient|atmospheric|soundtrack,-0.02499624080221022,-0.01849708589334848,0.0028618825213560417,1
1987,track_1420650,artist_480599,atmospheric|soundtrack,-0.0070263555680956605,-0.011059299967335965,-0.0043993585936345,1
1988,track_1420654,artist_480599,orchestral|soundtrack,-0.02201688122923881,-0.008465140417900082,0.0037620953033263536,1
1989,track_1420657,artist_497203,house|lounge|reggae,0.014828797071150675,-0.02372156051807731,-0.018116220283772494,2
1990,track_1420665,artist_490858,chillout|easylistening|house,0.02608728131468338,0.0050307562527278065,0.005328122241104482,2
1991,track_1420673,artist_490858,chillout|easylistening|house,0.040583681037439305,0.00812519747715732,0.01745770910647619,2
1992,track_1420679,artist_490858,chillout|easylistening|house,0.040301417392278244,0.00041856924495924227,0.020978486289382346,2
1993,track_1420690,artist_490858,chillout|easylistening|house,0.03637228628786235,-0.005881463515173122,-0.0007297266053749878,2
1994,track_1420850,artist_496074,ambient|easylistening|orchestral,-0.0013171473070277531,0.003565399351502247,-0.006048084891546374,1
1995,track_1421165,artist_003573,ambient|chillout|downtempo,0.014930407779252601,0.0025717075751335475,-0.00034922715276428004,2
1996,track_1421350,artist_466600,orchestral|rock|soundtrack,-0.06514445992630807,-0.029735803581058422,0.027269602711857622,1
1997,track_1422054,artist_496314,soundtrack,0.003345517742023418,-0.02135664215923014,-0.011862394054537215,2
1998,track_1422057,artist_496314,soundtrack,0.0031433164096459935,-0.023528668089783447,-0.011679799881644313,2
1999,track_1422059,artist_496314,soundtrack,0.007227435181663744,-0.02376674802247648,-0.013273973281420237,2
