global_node_index,track_id,artist_id,q_x,q_y,q_z,domain_id,sign
0,track_0000950,artist_000087,0.01859942814554666,-0.0020309925352699053,-0.0037101385169329426,1,1
1,track_0002165,artist_000326,0.015269886079133703,-0.008219881693917868,-0.01103139996275794,1,1
2,track_0003350,artist_000517,0.0066832485439459015,0.004424078772815082,-0.006062638259813434,1,1
3,track_0004638,artist_000087,-0.03683946956698705,0.004193685263898666,0.013267814063696778,2,-1
4,track_0005638,artist_000811,0.02131393231208344,0.021155099860359218,0.0001444893020526011,1,1
5,track_0005642,artist_000811,0.010042934748479306,-0.014055355816632658,-0.0076592982980318,1,1
6,track_0006250,artist_000811,-0.0441415956670493,0.01644771102541019,0.01342130784777969,2,-1
7,track_0006254,artist_000811,-0.03205753671423028,-0.006859238795420516,0.0080660576113444,2,-1
8,track_0006257,artist_000811,-0.00358374627073836,0.006669640162590869,0.001975072600436145,2,-1
9,track_0006726,artist_000937,-0.0012400686853794771,-0.03832737234638945,-0.019547230695485057,2,-1
10,track_0007359,artist_000937,-0.0008884853557236472,0.00309064887823718,-0.006071103489771338,2,-1
11,track_0011750,artist_000696,-0.007196878260227069,-0.020088428596281228,-0.005624460493232067,2,-1
12,track_0011765,artist_000696,-0.023077109092449442,0.024451660929246277,0.005128471437444663,2,-1
13,track_0011773,artist_000696,0.018657382009231734,-0.01606913867092427,-0.0025297205520488477,1,1
14,track_0011842,artist_001780,-0.007053822262802191,-0.020608612595862892,-0.012801376623405544,2,-1
15,track_0013826,artist_002023,-0.00907939366096977,-0.02472459231022706,-0.007486381226951373,2,-1
16,track_0014013,artist_002054,0.0022070003490953565,-0.0035160048763219747,-0.004447331783922445,1,1
17,track_0014026,artist_002054,-0.019806084678770184,-0.013136368627729895,1.1285999588598718e-05,2,-1
18,track_0015159,artist_002208,0.012931504712522418,-0.019457503119875763,-0.012744606423099342,1,1
19,track_0016038,artist_002323,0.036880256579893224,0.0033178794309529753,0.012678147374843265,1,1
20,track_0016659,artist_002455,0.017665053936142525,-0.007244911473876401,-0.013946150443535935,1,1
21,track_0016665,artist_002455,0.014317762549149484,-0.0015637273888526426,-0.012629928358461832,1,1
22,track_0017490,artist_002449,-0.00039109874595036754,0.004652918929934264,-0.007020124015670049,2,-1
23,track_0019238,artist_002854,0.008594759519621386,-0.004678358595445941,-0.007495896601685858,1,1
24,track_0020538,artist_003039,0.011210478545333373,-0.011932347067768872,-0.008865456125087007,1,1
25,track_0020742,artist_002656,0.01271180821246508,-0.017411435129742886,-0.008643338295590115,1,1
26,track_0021854,artist_002521,0.00814651726171023,-0.015236604979257539,-0.01367860920954278,1,1
27,track_0021857,artist_002521,0.00452532339751009,0.011840563052390765,-0.007900973683242173,1,1
28,track_0021859,artist_002521,0.008717299193422328,0.01837059937696338,-0.008425479035010307,1,1
29,track_0023865,artist_003498,-0.018250382824234426,0.05152307846724529,-0.000591900971211621,2,-1
30,track_0024026,artist_003581,0.01695284222024374,0.009130787647796205,-0.0019334359493655077,1,1
31,track_0024242,artist_001064,0.0066999011161448,-0.008209167047081117,-0.004567769092573677,1,1
32,track_0024842,artist_002534,-0.026442865506723496,-0.009561580917458685,0.008680308979695163,2,-1
33,track_0025226,artist_003786,-0.04270793628590072,0.012480398412047171,0.015971783492760853,2,-1
34,track_0025238,artist_003786,-0.034175791561548714,-0.015966172532526957,0.007181550830473261,2,-1
35,track_0025250,artist_002740,-0.007605933464742735,-0.001446393531340899,0.0008725064279551788,2,-1
36,track_0025254,artist_002740,0.011647115001064433,-0.015337627358185682,-0.013323954054879558,1,1
37,track_0025273,artist_001885,-0.0034391890901048897,0.001259858030762378,-0.007373421019287845,2,-1
38,track_0025379,artist_002740,-0.06490513757422738,-0.012374077164988721,0.02243831200470796,2,-1
39,track_0029865,artist_002020,0.012719173406519632,0.007754800352421616,-0.00324801444066469,1,1
40,track_0029873,artist_002020,0.020830157746594743,-0.009142640298101403,0.000693731489617153,1,1
41,track_0029959,artist_004118,0.0077425731520097425,0.02872189846357052,-0.0031384313626533966,1,1
42,track_0032538,artist_004180,-0.015996645984930724,-0.0030089982221330443,0.0028323997555511696,2,-1
43,track_0033179,artist_000787,0.022928673959371672,0.017096191789410246,0.0007370759435508588,1,1
44,track_0033326,artist_004658,0.008317560134952273,-0.008939363829787396,0.0005741842171251294,1,1
45,track_0033450,artist_004658,-0.008314298431958342,-0.019584791151835767,-0.008584463526153215,2,-1
46,track_0033826,artist_004488,0.020848780379002507,0.0064917743395728755,-0.013958035143015933,1,1
47,track_0035173,artist_002208,-0.00395795474954668,0.028104979644533283,-0.003470475789530385,2,-1
48,track_0035750,artist_000939,-0.0165159819906395,-0.017917190861737816,-0.0005943390322983209,2,-1
49,track_0036657,artist_005117,0.01512046659552674,-0.01612679529800964,-0.013289950548528863,1,1
50,track_0036713,artist_005126,0.016180529529204457,0.06811258122465924,-0.014223489401130596,1,1
51,track_0038657,artist_005422,0.027288595161455785,0.021358268969243227,0.0008756682165803545,1,1
52,track_0040026,artist_005669,-0.009335522810285397,0.016078998090619575,-0.0006374190597583684,2,-1
53,track_0040157,artist_005634,0.0126753555439723,-0.02763097555864231,-0.01672207401632184,1,1
54,track_0040159,artist_005634,0.024273227450022427,-0.021657518931037588,-0.00972275202240003,1,1
55,track_0040638,artist_004729,-0.007725521127687563,-0.002289094346294655,-0.0029605227986491973,2,-1
56,track_0042765,artist_005935,0.00961873692845098,-0.009071775154991095,0.0019139668544421585,1,1
57,track_0043038,artist_005385,0.008077617822129764,-0.013659668991758578,-0.008539870959062274,1,1
58,track_0043042,artist_005385,-0.0011323885719489505,-0.0015422966436425848,-0.008087430831116705,2,-1
59,track_0046190,artist_003687,-0.027023143923163465,0.008116212514743463,0.012534642271110156,2,-1
60,track_0046565,artist_002816,-6.580791419628904e-05,-0.0033956307420400875,-0.004286504880412516,2,-1
61,track_0047390,artist_005721,-0.01727672880570268,-0.01327046679307613,0.0014539281863224513,2,-1
62,track_0047457,artist_006573,-0.007539759090993363,0.03694767407940364,-0.0003661568578721475,2,-1
63,track_0047459,artist_006573,-0.002839654603237962,-0.023065026945055002,-0.009027529631029112,2,-1
64,track_0048165,artist_006741,0.010001563215737275,-0.002430734080240073,0.003868026169374612,1,1
65,track_0048379,artist_005126,-0.003066872550431846,0.0059196327464421696,-0.005383264739428138,2,-1
66,track_0048726,artist_000696,-0.0025739132518897926,-0.001851491573512533,-0.0024469342085850212,2,-1
67,track_0048979,artist_005801,-0.03753568919364918,-0.0064698553251365115,0.013501476032005513,2,-1
68,track_0049038,artist_006905,0.01666206791636633,0.0032310236218119352,0.0038969971874849674,1,1
69,track_0064073,artist_007211,0.0392588668266807,0.01234243796469486,0.004743392780742277,1,1
70,track_0066942,artist_007063,0.001331590527873242,0.014769291470177,-0.004997062867329151,1,1
71,track_0066954,artist_007063,-0.005571363904071716,0.011443025793405111,-0.00745143773205355,2,-1
72,track_0072638,artist_004347,0.006434739218688382,0.015344990609413401,-0.0005298407485945874,1,1
73,track_0072838,artist_007320,0.01374845312508012,-0.014605287420156507,-0.011550213723816422,1,1
74,track_0073073,artist_007362,0.029560519599941076,0.0057312824507495365,0.012070542779388616,1,1
75,track_0073157,artist_007063,0.020133857435618702,-0.017980062569576148,-0.02282285406272979,1,1
76,track_0073159,artist_007063,0.011647525887380113,-0.009760543653219966,-0.012855313579985104,1,1
77,track_0073990,artist_005240,-0.007035849578806491,0.035198766788730795,-3.125856438907135e-05,2,-1
78,track_0074654,artist_007379,0.02138085005274229,0.03187253754657859,-0.0038361997229725674,1,1
79,track_0076990,artist_007840,0.009072603958502772,-0.019193116136847436,-0.010322861334205475,1,1
80,track_0078313,artist_007872,-0.006198086912078464,0.007655541237419711,-0.0038096385407535294,2,-1
81,track_0078726,artist_007872,-0.02121459880977791,0.035894197735741644,0.0014372630540058892,2,-1
82,track_0078957,artist_006278,-0.006897761885098633,-0.015257983179801808,-0.002744005172256495,2,-1
83,track_0079750,artist_008094,-0.03487469496045855,0.005201835411566914,0.010609506265434002,2,-1
84,track_0079754,artist_008094,-0.006941257669781927,-0.01650910946674262,-0.007374533869600926,2,-1
85,track_0079757,artist_008094,-0.013363744169005024,-0.01893408452198294,3.3716858969158924e-06,2,-1
86,track_0079759,artist_008094,-0.007083581656477054,-0.015058293508846304,-0.0006685942419029937,2,-1
87,track_0080138,artist_001365,-0.042799374452188295,0.01386558080803958,0.01570653267978262,2,-1
88,track_0080890,artist_004812,0.002250764697480596,-0.013929324451131351,-0.0056603232566788736,1,1
89,track_0080979,artist_005126,0.0147296202059681,0.017061876637590206,-0.0008214110435214746,1,1
90,track_0081365,artist_005777,0.003921796067760236,0.04677214612623794,-0.001504758645969435,1,1
91,track_0082350,artist_005385,0.013462388097832468,-0.0059572874404066585,-0.001979089787149506,1,1
92,track_0082354,artist_005385,-0.016811218070101053,0.06420248285341137,-0.008389162686613823,2,-1
93,track_0082357,artist_005385,0.007629972549903827,-0.010414837833557952,-0.009852169989966906,1,1
94,track_0082359,artist_005385,0.005536999011546905,-0.013659070145539404,-0.00902686776532382,1,1
95,track_0082365,artist_005385,0.04130309056724286,0.006063566422825333,0.014599409027805649,1,1
96,track_0086742,artist_004812,-0.0031868539271476706,0.02734025099382001,-0.0049657859411842776,2,-1
97,track_0087473,artist_004545,0.018133098970284693,-0.022092415323197032,-0.011898621934059635,1,1
98,track_0087479,artist_003177,-0.003996760566338748,0.05528739148391451,-0.001956668926678952,2,-1
99,track_0089326,artist_004851,0.007819054747409147,-0.0396681281845345,-0.022628372659796888,1,1
100,track_0091373,artist_007969,-0.0012158118232838651,-0.04277209545684388,-0.02382315380296877,2,-1
101,track_0091826,artist_002222,0.008451525932098906,-0.02026849536735181,-0.012738138434795316,1,1
102,track_0094750,artist_007063,0.009775627587628481,0.030059015288444756,-0.005193962367644903,1,1
103,track_0095413,artist_000675,0.007781899891140656,0.017080031827669345,-0.006731777920192691,1,1
104,track_0095538,artist_005361,0.003654066690029674,0.013957656434842603,-0.001623811097759348,1,1
105,track_0095713,artist_336764,-0.0003613641605531395,0.019495330856861108,0.0003105016938968165,2,-1
106,track_0098542,artist_336896,-0.01798856217556332,-0.0035824488363757467,0.0020369666805461844,2,-1
107,track_0100642,artist_336984,0.00010573814915067218,0.039688622787540984,-0.00392818456921519,1,1
108,track_0103690,artist_000087,0.02513715779262245,-0.0017835664686189474,0.012521771512627618,1,1
109,track_0104259,artist_337114,0.017842854345540456,-0.0032042156710935564,0.006281647206705104,1,1
110,track_0106559,artist_008021,-0.0030767984707527904,0.03455138208120008,-0.0016134363087473302,2,-1
111,track_0106765,artist_008021,-0.0020784324090401835,0.04187501450674832,-0.003444595571766694,2,-1
112,track_0106838,artist_008021,-0.0038265328524615385,0.04479087539964995,-0.00454818535541891,2,-1
113,track_0106859,artist_008021,-0.007821254800382774,0.04230520617425935,-0.005019110286240648,2,-1
114,track_0108459,artist_337284,0.004153838728639483,0.0022985011212668764,-0.0018165081431476722,1,1
115,track_0109226,artist_337307,-0.07620112454619185,0.009567839014111932,0.027055975746052462,2,-1
116,track_0110642,artist_000811,-0.02071425502929247,-0.001206308574062754,0.00571684811615577,2,-1
117,track_0110657,artist_000811,0.004254711930743191,-0.005918177975762753,0.001254285475279274,1,1
118,track_0111026,artist_004116,0.02264331863998619,-0.005020477378181941,0.008416354318073666,1,1
119,track_0114765,artist_337503,0.010404066115336421,0.004179074037366,-0.0008880161917998496,1,1
120,track_0117550,artist_003769,0.010311258056956828,-0.0245152344646624,-0.015695528154641696,1,1
122,track_0120750,artist_004864,-0.04072987041288836,0.016913284527587447,0.013245728723980272,2,-1
123,track_0120754,artist_004864,-0.028517628111448336,-0.00928435316752828,0.010061573526704518,2,-1
124,track_0124826,artist_005390,0.042869000558456355,0.03556380098759724,-0.0002956123713123199,1,1
125,track_0126042,artist_337741,0.02546571586359204,-0.013387913191823931,-0.0039001013766291268,1,1
126,track_0126126,artist_337741,0.010823779955191945,-0.006047101244890638,-0.0066468844129722775,1,1
127,track_0126142,artist_337741,0.017563916462388206,-0.004079932056750677,0.0038451021991124344,1,1
129,track_0127890,artist_004812,-0.0058043334981677215,-0.010060312750895807,-0.0007846227783363173,2,-1
130,track_0128313,artist_337907,-0.010343924637160412,-0.008505803067441007,0.0028374771122329457,2,-1
131,track_0133654,artist_007063,0.018740058935229283,-0.013904595144543801,-0.00761367263990068,1,1
132,track_0133657,artist_007063,0.02657510158274109,0.013259427396591937,-0.008472332541745356,1,1
133,track_0134738,artist_337989,-0.02273374310476508,0.01497519570934383,0.0028079145893771945,2,-1
134,track_0134754,artist_337989,0.002510371860415974,-0.027743575281867033,-0.01300691291138931,1,1
135,track_0140638,artist_338395,0.0050999904181422955,0.024722457913960452,-0.0029957405979453345,1,1
136,track_0140642,artist_338395,0.0037235132290225534,-0.018264101338646022,-0.00741870372953916,1,1
137,track_0144654,artist_338563,0.016285924658212915,-0.012942257856995123,-0.013368433825185554,1,1
138,track_0148526,artist_338660,-0.0247551486136074,0.006397535082181544,0.008596246591757402,2,-1
139,track_0149779,artist_338660,-0.010888163519796983,0.010171811619903043,0.0035186098887693452,2,-1
140,track_0149790,artist_338660,0.018641101546036928,-0.018187495617236045,-0.011264123804424302,1,1
141,track_0152542,artist_338900,0.038027117030913396,-0.003710194804019368,0.003069729795948536,1,1
142,track_0152713,artist_338660,-0.00561417352880512,-0.019736175435311153,-0.006019120465569896,2,-1
143,track_0152754,artist_338660,-0.03382361857738911,-0.006142138559961761,0.01160252159280065,2,-1
144,track_0153865,artist_339263,0.003939401283269354,0.003092574232905258,-0.008399536475028906,1,1
145,track_0155513,artist_338660,-0.00789497985010713,0.009043936664536296,-0.002443213749349727,2,-1
146,track_0156873,artist_339104,-0.024803255648148954,0.041349714050546986,0.004995133700351465,2,-1
147,track_0158613,artist_338660,0.013924590180805848,-0.02728657614809688,-0.016725387674432213,1,1
148,track_0158626,artist_338660,-0.004152284877152427,-0.019557193465132145,-0.0068698117825916356,2,-1
149,track_0159450,artist_339226,0.026137905833602558,0.002721828362500301,0.004118700159419306,1,1
150,track_0159850,artist_338660,0.006431057024749138,-0.01825552847053373,-0.010521153481941067,1,1
151,track_0159854,artist_338660,-0.024678576602969945,-0.017133207122685148,0.0017648043663145072,2,-1
152,track_0159857,artist_338660,0.01046590135896,-0.001710313829230779,-0.006017757414540928,1,1
153,track_0159859,artist_338660,-0.003867765321318349,-0.007840667777551526,-0.0037638877654034538,2,-1
154,track_0162026,artist_007872,-0.029275641046233505,-0.033384550603939765,0.005613097182856458,2,-1
155,track_0162038,artist_007872,-0.01764900812854674,-0.0117927759951211,0.0012215601209480552,2,-1
156,track_0162042,artist_007872,-0.011046562981158699,-0.004397903646219729,-0.001074090048875589,2,-1
157,track_0162226,artist_338660,0.0022836136627749203,0.010186093345057547,-0.000530480495615146,1,1
158,track_0162579,artist_338660,-0.004671413953315148,0.018456528739596207,-0.0022934040529302003,2,-1
159,track_0162590,artist_338660,0.0013385555495558869,0.006682935132638773,-0.00784524703998707,1,1
160,track_0166613,artist_339527,0.012034338107562985,-0.01951754324123027,-0.01196090346443095,1,1
161,track_0168813,artist_338660,-0.008517289607359202,-0.011375178158181454,-0.00413755596350171,2,-1
162,track_0169257,artist_338660,-0.0015111170634838074,-0.008503066332779806,-0.005900443039229705,2,-1
163,track_0169259,artist_338660,-0.02359689931682587,0.009690382426641324,0.009075188643906766,2,-1
164,track_0169265,artist_338660,-0.00728427634095014,-0.014277764999250809,-0.002436533358209925,2,-1
165,track_0169273,artist_338660,-0.010384340513145178,0.0007321806707720689,0.0036648447388220096,2,-1
166,track_0169990,artist_338660,-0.0221003582683499,-0.014722853574001942,-0.0022750108981192375,2,-1
167,track_0170059,artist_338660,-0.02296901733400808,0.0005379535188613719,0.0057166841939625245,2,-1
168,track_0172326,artist_337897,-0.02163982559196799,-0.00498341984722568,0.003122853064555107,2,-1
169,track_0173759,artist_339169,-0.030390757959750114,-0.015613847692348574,0.004988980514453408,2,-1
170,track_0178638,artist_340076,-0.017285741014413443,-0.016797074685606813,-0.0002606544314294968,2,-1
171,track_0178665,artist_340076,0.00697067205104387,-0.020086981169279077,-0.01158494342571902,1,1
172,track_0181854,artist_004965,-0.028147756116931624,-0.013182837305696672,0.004558931546705516,2,-1
173,track_0184242,artist_340347,-0.052348381093922244,0.018550986513506985,0.019524559144702813,2,-1
174,track_0196250,artist_340652,-0.04211530370833877,0.003636097193312166,0.014381921692400062,2,-1
175,track_0196257,artist_340652,-0.02725314534433811,-0.008534342080894536,0.0031496738776107184,2,-1
176,track_0196259,artist_340652,-0.04134300569799025,-0.01697449017647627,0.006594668415545946,2,-1
177,track_0196542,artist_004118,-0.011793839538233084,0.00015958402174910333,0.0016869943985763367,2,-1
178,track_0196550,artist_004118,-0.02236402687076657,-0.012022001289847576,0.0013155330603888107,2,-1
179,track_0196554,artist_004118,0.021323034640184084,-0.026710919280463343,-0.01674730209136871,1,1
180,track_0196850,artist_339563,-0.03019336260726573,0.027717098210943595,0.0072490194359153305,2,-1
181,track_0201479,artist_004118,-0.007223708242526156,0.011724446266544224,-0.0008850712145467025,2,-1
182,track_0201490,artist_004118,0.0009707498005872427,-0.012500291389549884,-0.0069890866907157435,1,1
183,track_0202213,artist_008094,-0.02153888686860053,-0.0067795687024881715,0.004261669724395868,2,-1
184,track_0202657,artist_337114,0.04306850894275063,-0.0031358879418129284,0.00837447347573968,1,1
185,track_0205438,artist_004965,0.011509055898420256,-0.009720757304701707,-0.007298774341151093,1,1
186,track_0206073,artist_341323,-0.0256402227125271,0.01433828719443711,0.007498910559706828,2,-1
187,track_0207490,artist_341393,-0.002515544657533721,0.00269844404904395,-0.010322609889887825,2,-1
188,track_0208938,artist_341459,-0.004659703853213253,0.04023445249375673,-0.0011681216919058456,2,-1
189,track_0209073,artist_341393,0.0076177262449548646,-0.016771855674951076,-0.012622871127595183,1,1
190,track_0210038,artist_004118,0.0032047783860433498,0.02622342969583379,-0.00389501320945217,1,1
191,track_0210042,artist_004118,-0.019231686952378216,-0.012570989282294442,0.0011350965586566996,2,-1
192,track_0218559,artist_341999,0.013221720372471182,-0.0031556838863682638,-0.0008903104056957395,1,1
193,track_0239950,artist_004965,0.029049057816699534,0.004575899313475581,0.013146249377065615,1,1
194,track_0242738,artist_343767,-0.01017006405736382,0.016980118411045093,0.0040740515166878735,2,-1
195,track_0244938,artist_000811,-0.0034737291726612174,0.011750358228752719,-0.004488355067803731,2,-1
196,track_0244954,artist_000811,0.03175535383682741,-0.003369839908423479,0.009510713513108528,1,1
197,track_0245350,artist_337114,0.02825914783891467,0.00767658663290053,0.0038117943232195413,1,1
198,track_0248259,artist_002444,0.02994174756663077,0.004362686185113702,0.01368776559683987,1,1
199,track_0250990,artist_004965,-0.029566868786772255,-0.028321766166952093,0.0015489049517188871,2,-1
200,track_0251379,artist_337391,-0.004828772415372677,0.035191400125932165,-0.004424706522391035,2,-1
201,track_0253542,artist_005644,-0.0024226385669575295,0.0037165012488090273,-0.0015854692134442733,2,-1
202,track_0257059,artist_006821,0.006471972814668602,0.0010755776527176478,-0.005369720273825851,1,1
203,track_0257173,artist_003786,-0.07612717962236973,0.0010925959483922437,0.027569588966567277,2,-1
204,track_0257179,artist_003786,-0.03637801498851922,0.0070745729856930934,0.012560615849428695,2,-1
205,track_0258090,artist_337741,0.009961532151133436,0.0012484723231576992,-0.0023520166465176525,1,1
206,track_0259559,artist_339590,0.0060567362773744846,-0.004782550420882258,-0.004567788486078651,1,1
207,track_0264390,artist_007625,0.0036863434418979157,0.014382164883807141,-0.001815911856423841,1,1
208,track_0268259,artist_004118,-0.0014980032877787185,0.05586434117749963,-0.002617466884761081,2,-1
209,track_0268290,artist_004118,-0.0021059085289591066,0.04402189191210509,-0.001833227762850971,2,-1
210,track_0268313,artist_004118,0.010391283205529216,-0.01863820069389979,-0.008503045158264697,1,1
211,track_0278357,artist_344764,-0.04369587062911099,-0.008738780895954427,0.014210778921314069,2,-1
212,track_0278359,artist_344764,-0.0394219456681495,-0.014070730156582948,0.008366307522253815,2,-1
213,track_0280913,artist_007886,0.021281425129673886,0.012208016996507995,-6.477164668805652e-05,1,1
214,track_0282626,artist_347536,0.001565618497816806,0.030299570532547514,-0.005095049502676482,1,1
215,track_0283090,artist_003687,-0.014728262879182061,-0.008094166956199361,0.001231491038405924,2,-1
216,track_0283765,artist_337114,0.008481085045221872,-0.012211024915081428,-0.011638509678727057,1,1
217,track_0284365,artist_003687,-0.03307857278331481,-0.006839014208429858,0.008215946758682278,2,-1
218,track_0285042,artist_337114,0.012371268919343958,-0.007411635777118737,0.0010584128890405446,1,1
219,track_0287979,artist_007362,0.01004891997584784,0.014052684855498784,-0.005875622392350794,1,1
220,track_0290859,artist_005324,-0.04269474858599838,0.008363828884602957,0.06858876719810766,2,-1
221,track_0306438,artist_348501,-0.021787330615264534,-0.021418714964013815,0.005341240856802379,2,-1
222,track_0313013,artist_002189,-0.013633605506913775,-0.005794197961652514,0.0027663394777165534,2,-1
223,track_0313779,artist_338437,0.005469730238501141,-0.005188882634664233,-0.0040323927184121415,1,1
224,track_0317054,artist_337114,-0.0021565840578058756,-0.029422595363482667,-0.014642753354317103,2,-1
225,track_0319313,artist_345704,0.01949845698904266,-0.0055347806341540665,0.006292494551864859,1,1
226,track_0321238,artist_005681,-0.01865875055679102,0.04215771919082414,0.0009971906298680618,2,-1
227,track_0322342,artist_343489,0.025411700375669564,-0.022309136877475492,-0.010003538677285252,1,1
228,track_0324413,artist_338582,-0.01055079546764391,-0.00975628745543339,-0.0031112657433413696,2,-1
229,track_0324613,artist_336871,-0.003945989227360001,-0.024682737709196403,-0.008349383345483586,2,-1
230,track_0339038,artist_350059,0.005155915950809511,-0.028322919653987914,-0.012825006207485796,1,1
231,track_0340879,artist_350154,-0.007530690150940245,-0.022310880425128098,-0.007042244430157611,2,-1
232,track_0341550,artist_350154,0.004468805332238294,0.004870113959386065,0.00014847835625063867,1,1
233,track_0342254,artist_005240,-0.05547009440033587,0.005564962318912682,0.018640013548201537,2,-1
234,track_0342257,artist_005240,-0.06183768177100544,0.005711923228647651,0.02288938610148103,2,-1
235,track_0342259,artist_005240,-0.026242802441106806,-0.01710452741014997,0.0024912816669996505,2,-1
236,track_0343379,artist_007862,0.01278411577323372,0.0005926101461269679,-4.30490149835958e-05,1,1
237,track_0344326,artist_350222,-0.01675057470282342,0.012483544486289003,0.0034135400858586735,2,-1
238,track_0345913,artist_336871,-0.011184385099321563,0.003019860044375724,0.0013397029849490972,2,-1
239,track_0347557,artist_341393,-0.0016903989167606499,-0.058576998729007936,-0.03232125038761578,2,-1
240,track_0347638,artist_341393,-0.0010247492456690898,-0.02754708921141615,-0.009309515368607413,2,-1
241,track_0347859,artist_340710,-0.011011231728248265,0.04721495798045096,-0.002845539799701589,2,-1
242,track_0347879,artist_340710,0.011083835649268778,-0.024191671071791335,-0.013175976608275599,1,1
243,track_0355479,artist_350813,0.0018111827660643245,-0.00020300664916527754,-0.00425533765175077,1,1
244,track_0356426,artist_340710,-0.02155943149006924,0.04683417886277092,0.0011492688590553956,2,-1
245,track_0360990,artist_340947,-0.035577647773596156,0.013084236035938777,0.011561880004642833,2,-1
246,track_0361542,artist_351032,0.012273091223611692,-0.019135134223533183,-0.011571094113884295,1,1
247,track_0361554,artist_351032,0.006344982392643542,-0.017624946837453685,-0.010258077771134447,1,1
248,track_0361979,artist_347359,-0.0077556809362421585,0.023474761938491653,0.0005407397779612426,2,-1
249,track_0361990,artist_347359,-0.02013418336273939,-0.012411265323388947,0.0027125566918006438,2,-1
250,track_0362638,artist_340947,-0.010497469752370906,0.0022859007136003012,-0.002357917724438737,2,-1
251,track_0364090,artist_007063,0.03069551509743422,-0.020727451766470766,-0.011622227740307805,1,1
252,track_0368150,artist_351312,-0.027278852540052814,0.008601684342145999,0.009256455959091733,2,-1
253,track_0369913,artist_004934,0.005881390370138667,-0.009767184061713303,-0.005701076695532201,1,1
254,track_0372157,artist_350722,-0.006937511924649773,5.971646274986009e-05,-0.013099526264462055,2,-1
255,track_0373165,artist_351494,0.004375376605364256,-0.007210512667031616,-0.0098886748868259,1,1
256,track_0382590,artist_002034,-0.027908323916335544,0.01031231134247196,0.009745507894741798,2,-1
257,track_0383573,artist_341278,0.013784668635849161,-0.017629018112316524,-0.008547430940206548,1,1
258,track_0383990,artist_007597,-0.0036522338068933733,0.022483004920826555,5.884694805958533e-05,2,-1
259,track_0384150,artist_337391,-0.0060108186574933204,-0.011847450417658752,-0.0014381349531812047,2,-1
260,track_0385550,artist_005801,0.012705847298257288,-0.019599842053513356,-0.00988586657796936,1,1
261,track_0385559,artist_005801,-0.08522448619718916,-0.020667152099983144,0.029820611079283677,2,-1
262,track_0387438,artist_003944,-0.0007945793432341561,-0.0015266395083671027,-0.007441054166101636,2,-1
263,track_0387513,artist_352042,0.007304479533468315,-0.015357650410369033,-0.01343767279994678,1,1
264,track_0388473,artist_352130,0.00288877559722898,0.01290469753666755,-0.013335677013314978,1,1
265,track_0389479,artist_352130,0.00044514062362820193,0.00988831835406004,-0.010981305044025481,1,1
266,track_0391373,artist_004965,-0.0019427077870494656,-0.02093568953354736,-0.008552374350366303,2,-1
267,track_0393390,artist_350154,0.00239379609028712,0.0007515455273834491,-0.005063943485853687,1,1
268,track_0396938,artist_002741,0.00851292641671893,-0.017310526426355208,-0.008536371230411104,1,1
269,track_0398173,artist_338447,-0.01808502994915776,0.00427969693493742,0.004212975149338402,2,-1
270,track_0398179,artist_338447,0.01330951384751006,-0.03393139979408912,-0.01769570122054702,1,1
271,track_0398190,artist_352428,-0.007646577645681602,-0.016088236447971516,-0.006760580796885723,2,-1
272,track_0399350,artist_008094,-0.04199943942214836,-0.0070427756090226615,0.00808254787977778,2,-1
273,track_0399359,artist_008094,-0.024451060701909697,0.023406220849841317,0.005726366361305322,2,-1
274,track_0399465,artist_008094,-0.039027603994750054,-0.01704397141265621,0.008068773738810911,2,-1
275,track_0399526,artist_008094,-0.036733937810039245,-0.013269302494487486,0.012048452235133806,2,-1
276,track_0399926,artist_351221,0.029694431033984642,0.022255929724936344,0.0021649642081691474,1,1
277,track_0400857,artist_004934,0.0078253829983033,-0.020848000177228744,-0.009144255869231297,1,1
278,track_0400865,artist_004934,0.015851563896617224,-0.01958685201907693,-0.007054689631001759,1,1
279,track_0400873,artist_004934,0.019108318765441817,-0.016672084991997252,-0.005463819011351833,1,1
280,track_0402057,artist_002740,-0.06602963024183553,-0.01806129171731844,0.025745058405452825,2,-1
281,track_0414050,artist_003786,-0.04373854483825923,0.009631025150354213,0.01600868984368848,2,-1
282,track_0416873,artist_337741,0.0119676232580326,-0.011849980136026906,-0.006284630301587345,1,1
283,track_0417579,artist_361044,-0.012188952703208475,-0.0007334600037673829,0.005712747836537813,2,-1
284,track_0417626,artist_361044,-0.012376749928455022,0.024315822172916005,0.0019291459833238522,2,-1
285,track_0425626,artist_005721,0.026516010481272206,0.02031975890667156,-0.0031797577843805944,1,1
286,track_0425765,artist_348064,0.02945831616102977,-0.0031026233549688734,0.0029824473766488727,1,1
287,track_0432813,artist_353741,0.05307337489531252,0.009192091994190925,0.030561488471040385,1,1
288,track_0433642,artist_337741,0.0074186987937106775,-0.023907776587074044,-0.012564769461372811,1,1
289,track_0433650,artist_337741,-0.03217783137231001,-0.003126032061672693,0.011877407578958376,2,-1
290,track_0442226,artist_003786,-0.021817556950340666,0.015602377831605486,0.007589594257368714,2,-1
291,track_0442257,artist_003786,-0.03729495548438965,0.000859357543775304,0.013794318664864086,2,-1
292,track_0450990,artist_007063,0.018724909442873243,0.027142389352074223,-0.008096968606238404,1,1
293,track_0457238,artist_338779,-0.004855550352912667,-0.01947375483834383,-0.006063772723193818,2,-1
294,track_0459442,artist_352860,-0.014089366005169962,0.024428312626454046,0.0018232741067422367,2,-1
295,track_0461013,artist_352042,-0.004790928511027073,0.020826368565770047,-0.0023305114107259276,2,-1
296,track_0466290,artist_341968,-0.008208959385879752,0.033434453946686545,0.0007527835741446651,2,-1
297,track_0467954,artist_007506,0.008994825296645586,0.030931474668943065,-0.005595716521569046,1,1
298,track_0467990,artist_348313,-0.016982022694466126,0.03266014422763924,0.002862974616457391,2,-1
299,track_0477313,artist_355362,-0.03549007380393834,-0.013701366763662088,0.004735253717564453,2,-1
300,track_0489238,artist_005801,-0.0008501612887950414,-0.01772944373282266,-0.007083571111713558,2,-1
301,track_0492313,artist_338108,-0.034727066317368833,-0.0021404275995314578,0.004606376209975999,2,-1
302,track_0493957,artist_352844,-0.02874876312760012,-0.010884816275569822,0.005699166880663854,2,-1
303,track_0502326,artist_002189,-0.0018513925366864315,0.005707871178669518,0.0025850718718731245,2,-1
304,track_0506957,artist_356482,-0.020308279700600236,-0.01842361468015244,0.0012640102525758262,2,-1
305,track_0513479,artist_356880,0.0286670980591584,-0.0067171666217457696,0.004385125031620089,1,1
306,track_0516738,artist_353520,-0.0021493657877471495,-0.01651815566075329,-0.007301280833485667,2,-1
307,track_0516742,artist_340121,-0.034012385748611554,-0.01091197409601748,0.006233790375574445,2,-1
308,track_0516750,artist_340121,-0.03139171175844889,0.013660692899242308,0.010035818322548351,2,-1
309,track_0519565,artist_356877,0.0030731416696296865,-0.021170866593436446,-0.007649896692421985,1,1
310,track_0520926,artist_357359,0.02105883706337327,-0.018505453173579427,-0.007169705733109653,1,1
311,track_0523750,artist_355889,0.010065278102562693,-0.02951020675368415,-0.012149190608733032,1,1
312,track_0523754,artist_355889,0.00590149692463789,-0.013399113966984217,-0.005421787473966557,1,1
313,track_0523757,artist_355889,-0.019733189786079974,-0.00995765678067107,0.0012063851468859072,2,-1
314,track_0530326,artist_357887,-0.013997797918366988,0.029146641333917138,0.0005543669014885663,2,-1
315,track_0536673,artist_341968,0.02400664983460766,-0.007743920697516288,-0.003442134561089282,1,1
316,track_0541013,artist_358348,-0.02076411795343149,-0.014251132125896787,-0.0013587210226021307,2,-1
317,track_0541038,artist_337114,0.029638703441321034,-0.0033291373002352228,0.0050560746172902,1,1
318,track_0556950,artist_358348,-0.010044519971570656,-0.009724688564742838,-0.0014371826383408524,2,-1
319,track_0568126,artist_359452,0.0039855328937438575,0.004040387347349944,0.005786235235170096,1,1
320,track_0572373,artist_351213,-0.022492354345001814,0.011546027376090907,0.004610405977191891,2,-1
321,track_0575226,artist_004116,-0.00674289458482727,-0.009815338160491571,-0.007054973665522679,2,-1
322,track_0575457,artist_347359,-0.0004926140014496017,-0.03580689680793262,-0.018292043581496616,2,-1
323,track_0575750,artist_359735,0.0073535927274613775,-0.019003843124110402,-0.009057598786845839,1,1
324,track_0577965,artist_359828,0.04202825414692405,0.03361772267803494,-0.001948600022108572,1,1
325,track_0579642,artist_007063,0.01641221715765757,-0.005558231148112667,-0.012380190390350283,1,1
326,track_0579913,artist_007063,0.019708099166487907,-0.008300613542456356,-0.014688092097975865,1,1
327,track_0589242,artist_002740,0.0072605360612330305,0.008326502597140347,-0.004420953940154763,1,1
328,track_0589338,artist_359735,0.015453959635523758,-0.014763022022124591,-0.004392401243902279,1,1
329,track_0589413,artist_355362,-0.031919143669363007,-0.025258119123809375,-0.006253731281474214,2,-1
330,track_0590279,artist_353741,0.010915257363845033,-0.023671035360015885,-0.015634242020629786,1,1
331,track_0592190,artist_350716,-0.02830980012367228,-0.02207969271448795,0.008257516058928124,2,-1
332,track_0594259,artist_358060,0.005159606981620109,0.013505888558682413,-0.0023389053829776553,1,1
333,track_0594265,artist_358060,0.007458563065094935,-0.0019438064176778025,-0.006702449280090292,1,1
334,track_0594465,artist_003786,-0.005403199674107873,-0.015458885379305343,-0.006021616680718619,2,-1
335,track_0597313,artist_001336,-0.0035621480502341725,0.05833168899865042,-0.02074503478185669,2,-1
336,track_0600059,artist_341323,-0.006648911261037258,0.043361681627179176,-0.004781938194267537,2,-1
337,track_0608913,artist_361274,-0.03672026885867934,-0.02581438564537454,0.00881128209722823,2,-1
338,track_0618542,artist_361694,-0.050057363441695917,-0.014268124912323392,0.017058898804185277,2,-1
339,track_0618550,artist_361694,-0.04916123271336752,-0.0063831393300635385,0.016158190907816828,2,-1
340,track_0620613,artist_002189,0.01609503165478358,-0.01754431987563582,-0.006285239303427946,1,1
341,track_0625038,artist_354405,-0.020441202388870226,-0.02508532331107002,-0.0020418879205504506,2,-1
342,track_0628550,artist_352130,-0.0004228990627451339,0.005665252282769992,-0.007141840572374042,2,-1
343,track_0628865,artist_343151,0.0322913707222606,0.006614357073212083,0.019170701207274717,1,1
344,track_0635242,artist_337741,0.01902289050674285,-0.020773211323312692,-0.009736114461353968,1,1
345,track_0636313,artist_344764,-0.02196115916976232,-0.008014377314812016,0.0024584479171382285,2,-1
346,track_0638065,artist_343433,0.03234212606316714,0.026656205168366087,-0.0013394056613905637,1,1
347,track_0647257,artist_347673,-0.003246035576704345,0.14619340650573762,-0.04438315907598394,2,-1
348,track_0647259,artist_347673,-0.00593178292919797,-0.015043646457369872,-0.004262460519018052,2,-1
349,track_0647538,artist_359034,0.0025861267185024175,0.009577831030752224,-0.0008851593896670943,1,1
350,track_0647559,artist_359034,0.010987712572365884,-0.009882126391168153,-0.007267205597120201,1,1
351,track_0653313,artist_363229,-0.002348070495533809,0.0178831078595182,-0.0003393377980331945,2,-1
352,track_0659890,artist_359034,0.004215085235389844,0.021027123660156483,-0.0011421650088437208,1,1
353,track_0660442,artist_008094,-0.026987497998012894,-0.006083573295848557,0.0077537089116684055,2,-1
354,track_0660454,artist_008094,-0.04062375801642984,-0.011560168946924092,0.014033319554872194,2,-1
355,track_0660479,artist_008094,-0.016592554273429747,0.02196807318507247,0.003089814855848229,2,-1
356,track_0661313,artist_008094,-0.02989104077236886,-0.02202409142704808,0.002360391561952455,2,-1
357,track_0661542,artist_362501,0.025106134548045205,-0.0217591355434914,-0.00710159925636201,1,1
358,track_0661754,artist_363592,0.0009574719216057654,0.008265658061086503,-0.004801074723710807,1,1
359,track_0661757,artist_363592,0.01522435241932743,-0.025783676513427663,-0.011437408179593395,1,1
360,track_0662050,artist_362501,0.05859802756195679,-0.04949911397258154,-0.015896885146310324,1,1
361,track_0662054,artist_362501,0.029252116669766556,-0.02956634402933445,-0.010026301518963667,1,1
362,track_0662057,artist_362501,0.015461773234354286,-0.0038814327289201367,-0.006975520228983443,1,1
363,track_0662059,artist_362501,0.02310298880342285,-0.011062054364331234,-0.004534367498014379,1,1
364,track_0662090,artist_362501,0.039967902582078996,-0.01098990099480565,-0.00499511999704202,1,1
365,track_0662190,artist_362501,-0.01095474417271385,0.06838415084893242,-0.001541243119084226,2,-1
366,track_0662442,artist_008094,-0.017429724555114642,-0.01739924365258428,-0.00039907270451766154,2,-1
367,track_0665113,artist_341642,0.005704707628749037,-0.006045561461794619,-0.00022236047345484776,1,1
368,track_0666759,artist_008004,0.011804497794903808,-0.0008144284668938278,-0.0022968713835391738,1,1
369,track_0671173,artist_362935,0.010090069291171766,-0.02347044336600037,-0.012755128252487993,1,1
370,track_0671179,artist_362935,-0.024861138123864347,0.0061216323221291655,0.014154834715932025,2,-1
371,track_0678073,artist_355460,0.0306887164152507,0.006764519593391952,0.00980741456574654,1,1
372,track_0682338,artist_340121,-0.03264935987404069,-0.009904702520484853,0.00874342367913829,2,-1
373,track_0682365,artist_340121,-0.034798361168717824,-0.03142056561627047,0.002771245414567418,2,-1
374,track_0685850,artist_357317,0.00883504678395704,0.004885884299484679,-0.00014532787233290283,1,1
375,track_0686357,artist_351437,-0.0024835034878660433,-0.013138057205211976,-0.002767899135596506,2,-1
376,track_0686359,artist_351437,-0.04408764777077797,-0.0032509331012194435,0.015088865721442028,2,-1
377,track_0692954,artist_356877,0.04044325009333952,-0.0008942573304219549,0.017841061626628418,1,1
378,track_0693473,artist_357317,0.03437566029876206,-0.0009384302628153853,0.009666638264192791,1,1
379,track_0693479,artist_357317,0.010174095188209773,0.021223827018105535,-0.0001647817292733625,1,1
380,track_0694450,artist_005721,0.016232682113530524,-0.0036008670778870625,-0.0019858842552241385,1,1
381,track_0698138,artist_356877,0.03120591622121439,-0.027846211938088988,-0.00984009390935664,1,1
382,track_0699090,artist_351032,0.007115342166836238,0.031135099354693274,-0.0030844759659264492,1,1
383,track_0700573,artist_352114,-0.022959560348818096,-0.012678116751376851,0.005897390311458969,2,-1
384,track_0701779,artist_003581,-0.0005227693161441846,0.003336473527898259,-0.0037285520123766834,2,-1
385,track_0703954,artist_340121,-0.0906726552462273,-0.005131890653650265,0.028179277611007334,2,-1
386,track_0704157,artist_352844,-0.026933658244312503,-0.010905615491205016,0.008229190477442234,2,-1
387,track_0704838,artist_357317,0.018573113914471733,0.02119110660724138,0.00019247093063044652,1,1
388,track_0704842,artist_357317,0.013055004271771194,0.017783353690003858,-0.0058588475721074494,1,1
389,track_0707473,artist_356678,-0.006508384336737092,0.0064568209956562764,-0.0038605414788742617,2,-1
390,track_0708459,artist_341323,0.008034385276312249,-0.006282131464104151,-0.00499852055598985,1,1
391,track_0715554,artist_002656,0.01526370753885879,-0.008214185030113093,-0.01014371806278575,1,1
392,track_0715557,artist_002656,-0.011133408347710996,-0.008724511141155165,0.0035683564152084704,2,-1
393,track_0719759,artist_356877,-0.020157581816005774,0.001396025097035589,0.006871259605403303,2,-1
394,track_0719850,artist_366162,0.031001752305996732,-0.026967573187772965,-0.00814842501803781,1,1
395,track_0719854,artist_366162,0.0015336174490411863,-0.00033690824462979994,-0.004719907539212221,1,1
396,track_0725213,artist_366456,0.02139774421015781,-0.03751833601673627,-0.017027098950966792,1,1
397,track_0728926,artist_004934,0.03204791044555521,0.019410888186362926,0.005522677786807509,1,1
398,track_0733157,artist_366701,-0.009529278394459967,0.009246019107329894,0.000793331128211164,2,-1
399,track_0736790,artist_355362,-0.05597710184663417,-0.01396064738348528,0.018032150051365825,2,-1
400,track_0742879,artist_341355,-0.0069593070001738085,0.022269792219807797,-0.00329159126421331,2,-1
401,track_0743013,artist_337281,0.040648417026645484,0.007201266919689543,0.021173056781478256,1,1
402,track_0743965,artist_338582,-0.029259538603149587,0.006294405756513139,0.008061030540928658,2,-1
403,track_0747438,artist_337741,0.031841131567202044,-0.02946031941531345,-0.014510581370487297,1,1
404,track_0747442,artist_337741,0.0195389748981888,0.003640475201764478,-0.0011800542347078708,1,1
405,track_0749613,artist_357317,0.02409944946269785,0.021232537269028715,0.0001517052208343754,1,1
406,track_0750679,artist_363229,0.0011830274255077962,0.019438086505364546,3.7787948170757596e-05,1,1
407,track_0751965,artist_367696,-0.025161321173845893,-0.01130598885282857,0.005508674183965063,2,-1
408,track_0753526,artist_351712,-0.01781670133404741,0.005568625621324854,0.0025614812521909947,2,-1
409,track_0756226,artist_002189,-0.005240615165982196,0.0007254347051904467,-0.0069737851851983685,2,-1
410,track_0759290,artist_350333,-0.0013532577729355082,0.0024278750289130698,-0.009078804225401166,2,-1
411,track_0759338,artist_367988,-0.025462500048806784,-0.001072870911928269,0.007831953467484722,2,-1
412,track_0759342,artist_367988,-0.008936003682518765,-0.0031898361507746555,0.004109094462838241,2,-1
413,track_0759750,artist_363229,-0.01266425075817494,0.014872400675861088,-0.001623398822544463,2,-1
414,track_0769426,artist_363229,0.012740749004207916,-0.01128286731400464,-0.00580223547454083,1,1
415,track_0769790,artist_366613,-0.03943848824056591,-0.01216780877409982,0.010893298512006879,2,-1
416,track_0770973,artist_367334,-0.02163159392013652,-0.009832718545681475,0.003838265368513442,2,-1
417,track_0771290,artist_359034,0.014906422171761587,-0.014487555806967442,-0.005896889092880658,1,1
418,track_0774865,artist_005240,0.026166005210997344,-0.016016778925134777,-0.011212928243077448,1,1
419,track_0778565,artist_366613,-0.056204207466863255,-0.013960800645638984,0.019959589672332814,2,-1
420,track_0783250,artist_369008,-0.018825077123522837,0.007146775480021933,0.0037463796874827554,2,-1
421,track_0783626,artist_369019,0.014093040591449042,-0.009388956952078144,-0.0018225660857171878,1,1
422,track_0784526,artist_002189,0.011283930921389681,-0.019343261735497556,-0.014706291310592194,1,1
423,track_0785413,artist_007805,-0.018115485816021768,0.04852395216060721,0.0021824041249166744,2,-1
424,track_0785642,artist_007805,-0.016579829924872565,-0.005941125755832232,0.0017752620760904886,2,-1
425,track_0785650,artist_007805,0.010329370997964424,-0.014146965175442302,-0.006599379466826849,1,1
426,track_0786779,artist_369180,0.0007569176431228074,-0.015415209215344216,-0.005874159917013487,1,1
427,track_0789879,artist_007597,0.002856092935950075,-0.01503330338152027,-0.005462972493077995,1,1
428,track_0790654,artist_364644,-0.021281831330137158,-0.01073113255602314,0.007010310583112096,2,-1
429,track_0790657,artist_364644,-0.047982320900061146,-0.001014033029886669,0.016138719938613356,2,-1
430,track_0790659,artist_364644,-0.005749542308587003,-0.005081498551937811,-0.005095545851348778,2,-1
431,track_0791690,artist_364644,0.013396395930717788,-0.022548410749088785,-0.014760644502067093,1,1
432,track_0792442,artist_361501,0.006012237037686666,0.0037318201789947607,-0.0022593407925973704,1,1
433,track_0795726,artist_369534,-0.005854545478401073,0.04726617494618476,-0.006580561557286999,2,-1
434,track_0799226,artist_370191,-0.030247055210213484,-0.014665509326547173,0.006370304344863265,2,-1
435,track_0801459,artist_347916,0.021303728539018036,-0.0007930101206463357,0.005124864685291092,1,1
436,track_0802279,artist_359034,0.025933136209187566,-0.034601811197648796,-0.016677721173069638,1,1
437,track_0802326,artist_359034,0.010900933357309303,-0.02567799206966928,-0.016101013872203754,1,1
438,track_0806979,artist_370314,-0.0017595077490197026,0.0075783382675777495,-0.01095123827274689,2,-1
439,track_0809473,artist_006899,0.003481179767039571,0.0070783236784390255,-0.009194350714093967,1,1
440,track_0811126,artist_356592,-0.007586243782700227,0.002574642421220404,-0.003941821933549869,2,-1
441,track_0811238,artist_344764,-0.008883057346754772,-0.003097133833473259,-0.0027157385132813767,2,-1
442,track_0811242,artist_344764,-0.01929070833971379,-0.014488168321823074,0.004667397212221407,2,-1
443,track_0812226,artist_370759,-0.03112534601840775,0.002368776007239552,0.010172824916936399,2,-1
444,track_0812326,artist_370759,-0.0361810003132631,-0.007943844552299115,0.012076747982527091,2,-1
445,track_0816750,artist_370714,-0.020350408799017478,-0.016965574861370392,0.001707159932604402,2,-1
446,track_0817326,artist_340262,0.021797995436296548,0.00290352828823499,-0.004671320469788022,1,1
447,track_0817638,artist_363229,0.008022164867575602,-0.005061728029298718,-0.0059572430120159595,1,1
448,track_0818613,artist_002740,-0.002890350467980283,-0.017446247174304846,-0.005450350918623473,2,-1
449,track_0827326,artist_002656,-0.008625121181771474,0.005797598494217262,-0.0004222504511073606,2,-1
450,track_0833459,artist_371031,-0.00027363219877889086,0.0211068016478578,-0.0010856561320709594,2,-1
451,track_0834579,artist_002741,0.007265875448333435,-0.021388652675907747,-0.010728934120789532,1,1
452,track_0836526,artist_352870,-0.022363749093268707,0.03795017874653591,0.0033122539391465173,2,-1
453,track_0840573,artist_371727,0.02240817679212838,-0.041200859598662015,-0.027930345189760217,1,1
454,track_0843213,artist_363229,-0.0015096893759215333,0.00525029569060113,-0.00645842215120529,2,-1
455,track_0844690,artist_002323,0.011815011012495491,0.027110967595635707,-0.0045433936434440035,1,1
456,track_0856979,artist_004812,0.04515595223515584,-0.0011265754978861508,0.007467886673492831,1,1
457,track_0857157,artist_373002,0.007362910691571767,-0.017908550755037823,-0.007558891394012646,1,1
458,track_0858538,artist_342854,-0.034192955918885735,-0.012865871287897498,0.0070052528203526105,2,-1
459,track_0858542,artist_342854,-0.03040829651400817,0.02649520588259072,0.005630541210102437,2,-1
460,track_0858550,artist_342854,-0.037324479319325345,-0.006019281628417926,0.011175996352738915,2,-1
461,track_0858779,artist_373214,0.02521235809149656,-0.026795191996542705,-0.013251708168145021,1,1
462,track_0859973,artist_337741,0.018218732514920833,-0.0006614221002876579,-0.004202442471431663,1,1
463,track_0865438,artist_371727,-0.023908973347054063,-0.01064814572065339,0.005272804789396612,2,-1
464,track_0866765,artist_369180,-0.037861196338885766,0.009873738813665538,0.014409571185260314,2,-1
465,track_0868290,artist_357359,0.022462170444652787,0.03293835421487391,0.0009785733352715748,1,1
466,track_0871050,artist_002034,-0.028117326212726362,-0.016056393314672304,0.005972370671021834,2,-1
467,track_0873138,artist_347673,-0.05646785861494715,0.0014750301446620241,0.013376039327052123,2,-1
468,track_0873154,artist_347673,-0.03320992902232616,0.03186953919969176,0.009198916635096217,2,-1
469,track_0873554,artist_366162,0.026717392662655774,-0.00943625182241323,0.00038899552621109244,1,1
470,track_0873559,artist_366162,0.03014070548696086,-0.01259474385547354,-0.0006697755466510335,1,1
471,track_0873565,artist_366162,0.036020241554237074,-0.01011025616880501,0.0015694216405780607,1,1
472,track_0873613,artist_338447,-0.011153960223438264,-0.020025899544304518,-0.0034158872761184175,2,-1
473,track_0874650,artist_338582,-0.042265203745681636,-0.002722539561378721,0.013433906496256589,2,-1
474,track_0874890,artist_357317,0.03741969455998814,0.031769962426923266,-0.0005190495785013733,1,1
475,track_0875373,artist_337741,0.0241124302408342,-0.010554511961776314,-0.0003562297013292454,1,1
476,track_0875379,artist_337741,-0.011074485696873847,0.03728683011814296,0.00013903377637329757,2,-1
477,track_0877426,artist_366067,0.014531282789950424,-0.017941788368209362,-0.0103606566465024,1,1
478,track_0879142,artist_375104,-0.0025705029468497016,0.036511423182562806,-0.0011011712060036672,2,-1
479,track_0879150,artist_375104,0.09375035923595836,0.013934406214692259,0.49574116329672646,1,1
480,track_0880665,artist_357317,0.04432974229549443,0.040311636097717485,0.0014327527317824441,1,1
481,track_0880865,artist_006278,-0.0012875781987802303,-0.007181012611360582,-0.00024836866473109184,2,-1
482,track_0884126,artist_373067,-0.020525466343100866,0.019589479154606917,0.0008867765588760185,2,-1
483,track_0884659,artist_357291,-0.0030219438821781353,-0.014732815163654434,-0.0063968600103392025,2,-1
484,track_0884865,artist_363229,-0.015472915739210778,-0.01349775254484427,-0.00026137024359117785,2,-1
485,track_0887659,artist_002816,0.01766786999332201,-0.019572876651642087,-0.013730350980811691,1,1
486,track_0888290,artist_357317,0.019229451143650017,0.011432207999581149,-0.0044872456982969775,1,1
487,track_0889265,artist_007862,0.029792610933035705,-0.015002059805944429,-0.005778540404916823,1,1
488,track_0890459,artist_340121,-0.04418091248409957,-0.0055712280563150335,0.015628828689535364,2,-1
489,track_0890465,artist_340121,-0.05050610289085507,-0.009447778108646691,0.018143363631575767,2,-1
490,track_0890565,artist_340121,-0.042686557878521984,0.057346383100106736,0.006075770826510658,2,-1
491,track_0890979,artist_362390,-0.010129729233339067,-0.008144559512343942,-0.00493531692103894,2,-1
492,track_0891038,artist_362390,-0.021038348437754206,0.02737365330362879,0.0034071626163399158,2,-1
493,track_0893426,artist_356592,-0.005623630782205021,-0.001528847201374172,0.002164966475058227,2,-1
494,track_0900242,artist_005240,0.002182654332982479,0.017304806689778934,0.00010918346388740848,1,1
495,track_0900713,artist_378701,0.009268971205126231,0.009694081590348501,0.0006173855664788609,1,1
496,track_0900726,artist_378587,-0.036925661252573454,0.04030483091050128,0.006572802593155575,2,-1
497,track_0902079,artist_341542,0.008807259593980375,-0.003174746469748347,-0.007492280501151221,1,1
498,track_0902226,artist_339527,-0.012088441239034747,0.0017307506496262385,-0.0002076359078873122,2,-1
499,track_0902713,artist_001885,0.0007331933157454427,0.01175018263413803,-0.004620977757835732,1,1
500,track_0903590,artist_347673,-0.021454173359508652,-0.009406870046643968,0.0025527617793912587,2,-1
501,track_0908059,artist_365142,0.0051754379961401024,0.01615376445308067,-0.0030845819635773575,1,1
502,track_0908090,artist_365142,0.01433041141483524,-0.01826894397524882,-0.008647703426809763,1,1
503,track_0911357,artist_369180,0.030730993110903507,0.006169184972382861,0.006032892552955687,1,1
504,track_0911679,artist_345894,-0.01997779256874429,-0.0011168623660074795,0.004859956346975837,2,-1
505,track_0912259,artist_355362,-0.01637718306819222,-0.014637545882312234,-0.0040181701750446,2,-1
506,track_0912573,artist_349009,0.008424586845751718,-0.002406369822130254,-0.007306956400265902,1,1
507,track_0913290,artist_007063,0.011281811426083671,-0.01850613246185497,-0.008879645229601064,1,1
508,track_0914550,artist_341542,-0.0010145946379396308,-0.004193079965105937,-0.009406210713251918,2,-1
509,track_0915579,artist_341393,0.011516535488138142,-0.02311441269698994,-0.009964686107949296,1,1
510,track_0915738,artist_341393,0.002014942547735912,0.025170015035446622,-0.0010355286883693166,1,1
511,track_0916090,artist_362935,0.01526441787275921,-0.009676717022965133,-0.011922055200100706,1,1
512,track_0916173,artist_002208,0.02310946979496053,-0.0010840399432819278,-7.057373140638545e-05,1,1
513,track_0916879,artist_007584,-0.010491889190731239,0.054927991849333196,-0.00882096019762051,2,-1
514,track_0919938,artist_352814,0.023980349547624062,-0.023368459451938776,-0.008058789210345328,1,1
515,track_0919942,artist_352814,0.02706086434417819,-0.03326900996784012,-0.014839283355743079,1,1
516,track_0921757,artist_419285,0.00902425455438727,-0.01707870621231856,-0.010381923966444797,1,1
517,track_0922938,artist_362433,0.016329730375774572,-0.002198116242232073,0.0033494699127386922,1,1
518,track_0925526,artist_347673,-0.015306515676220076,-0.015864273650602716,0.0038302970631561017,2,-1
519,track_0934042,artist_007805,0.005604599206475998,-0.008859803230514236,-0.014732792340622837,1,1
520,track_0934050,artist_007805,0.004951139744495649,-0.011458739907829814,-0.008748741460647946,1,1
521,track_0935513,artist_007584,-0.005104624460871752,-0.01784586744825699,-0.006254715419622907,2,-1
522,track_0938065,artist_007805,0.018013949892052655,-0.0244479466653633,-0.016798891827638877,1,1
523,track_0938079,artist_366415,-0.004078714779883196,-0.02044498657088431,-0.008505013098266411,2,-1
524,track_0938326,artist_355753,-0.021473521318600374,0.02358819644142086,0.006361576356069723,2,-1
525,track_0941154,artist_343767,-0.0250657630488816,0.02016228006136219,0.003883291954398418,2,-1
526,track_0941157,artist_343767,-0.002194479749207549,0.02195078238606631,-0.0023749671165480923,2,-1
527,track_0941159,artist_343767,-0.05147140113287525,0.0010707170264954908,0.01309243088810985,2,-1
528,track_0941854,artist_366549,0.025101402407648656,-0.006304393106465205,0.005477970533674789,1,1
529,track_0941857,artist_366549,0.02775894951745676,0.02575065329103054,-0.001132534071200388,1,1
530,track_0944926,artist_338779,-0.005502156479962744,-0.0028962553411570253,-0.002389144417143858,2,-1
531,track_0944979,artist_341049,0.0017772440101740657,7.22382936977552e-05,0.0029686403058606045,1,1
532,track_0945026,artist_355362,-0.032835315405207635,0.025411568478447527,0.01014678740566352,2,-1
533,track_0946413,artist_005240,0.0222275305868917,0.0023945344153269445,0.0016701366053110357,1,1
534,track_0949226,artist_005240,-0.02555127115582849,0.004846600603167249,0.009464361492332277,2,-1
535,track_0950579,artist_340262,-0.022569260769956502,-0.015833119377684945,0.0021601262646749686,2,-1
536,track_0951879,artist_347673,-0.048509805849254246,-0.02280872806262433,0.005343791710223091,2,-1
537,track_0951890,artist_347673,-0.02887327061911028,-0.0028809848613502854,0.007237288078868757,2,-1
538,track_0952490,artist_361044,0.016008567868720777,-0.013737568399955132,-0.013124888652370506,1,1
539,track_0952690,artist_341323,0.02693947839029218,0.0041827930116986505,-0.004609375171327297,1,1
540,track_0955654,artist_363229,0.0008668863463615378,-0.02316880679991077,-0.012618410317327114,1,1
541,track_0956242,artist_369472,-0.026418495490324444,-0.013477833315183773,0.003686419073354068,2,-1
542,track_0956550,artist_366613,-0.05060592317435598,-0.027923121663207116,0.016939058267782338,2,-1
543,track_0957413,artist_363229,0.003853206106530969,-0.013803929689098661,-0.009502057348187105,1,1
544,track_0957754,artist_005801,-0.03483428748404249,0.021201866740664054,0.009471378483425337,2,-1
545,track_0957938,artist_420364,-0.0019218029460441176,0.0046074702508804525,-0.002145070053514359,2,-1
546,track_0958479,artist_005801,-0.03242855851159199,0.02280066442755604,0.009842479498407667,2,-1
547,track_0958857,artist_340947,-0.039046642791281776,0.024166715481567253,0.012167705995222915,2,-1
548,track_0959154,artist_366613,-0.053131070227900624,-0.025814397832854982,0.016773063705865416,2,-1
549,track_0959157,artist_366613,-0.05412409086188609,-0.03253565092355537,0.01642148318800665,2,-1
550,track_0961259,artist_356592,0.0023571195852101776,-0.027317096528819137,-0.010880280192933927,1,1
551,track_0961954,artist_423996,-0.035627931400961904,-0.007868702270936565,0.013703762999768327,2,-1
552,track_0963790,artist_348254,-0.001337256125017728,0.12825220915955848,-0.040330727607950714,2,-1
553,track_0964538,artist_424916,0.013559009345441735,0.014475953097335634,0.0010388389131322092,1,1
554,track_0964542,artist_424916,0.021753896051814645,-0.012081177948175505,-0.011267231651344937,1,1
555,track_0965313,artist_367887,-0.013642104213711662,-0.01489861173987886,-0.0012274006289984467,2,-1
556,track_0965438,artist_367887,-0.02300490307618486,0.025596498041663453,0.0018019275503662517,2,-1
557,track_0965442,artist_367887,0.002808811105454095,-0.021980047746544454,-0.008688501473660827,1,1
558,track_0965450,artist_367887,0.005702271177809138,-0.031361655444845635,-0.01324293704919162,1,1
559,track_0965790,artist_423996,0.006351798490713311,0.00014603608641459954,-0.003959665363438539,1,1
560,track_0966113,artist_005801,-0.010806692478446733,0.012521266605077849,-0.009414892218114182,2,-1
561,track_0966857,artist_425159,-0.010486149061897211,-0.015582646674479443,-0.003387569069255624,2,-1
562,track_0967238,artist_350774,0.007963428932614371,-0.018045224436513897,-0.009782135747991647,1,1
563,track_0967242,artist_350774,-0.012584181859550337,0.050460187688893314,-0.0011580716437299063,2,-1
564,track_0967573,artist_342854,-0.0624852409373976,0.02001828407543843,0.021287608177276242,2,-1
565,track_0968979,artist_336621,-0.0024405643666633027,0.013132359580728168,-0.008869575462357024,2,-1
566,track_0970850,artist_004729,0.005462985509053198,-0.017933402591913495,-0.008433623528387776,1,1
567,track_0970879,artist_004729,-0.006574832936240732,-0.01641780352773808,-0.0004395953649436211,2,-1
568,track_0972173,artist_366613,-0.03597513754510386,-0.010500585294508277,0.008524863301620358,2,-1
569,track_0972626,artist_005240,0.01654847129433587,-0.022985552381728,-0.00791930615891218,1,1
570,track_0973250,artist_000560,0.0018402046242922186,0.00981409553331063,-0.005587843647866869,1,1
571,track_0973254,artist_000560,-0.017077882751668914,-0.016119796427465565,0.0006371108000202555,2,-1
572,track_0973754,artist_375104,0.07651208136902679,0.011538667911654726,0.4142296431194825,1,1
573,track_0973757,artist_375104,-0.004055098615380513,0.027815424850155368,-0.0003129528222326161,2,-1
574,track_0974965,artist_006987,0.02356148342722277,-0.014594271234903257,-0.002749515608518657,1,1
575,track_0975526,artist_365142,-0.0137203953135523,-0.008764952678327444,-0.004252317014280097,2,-1
576,track_0976713,artist_347673,0.0068331714401413555,-0.008287824601582998,-0.00873022736180765,1,1
577,track_0976779,artist_421686,0.016498214283189077,0.04009093015468819,-0.003363801034725003,1,1
578,track_0976790,artist_421686,0.02881293640650316,-0.019151168108028197,-0.005360683362163487,1,1
579,track_0979838,artist_427108,-0.045612543838252674,0.00028074268390777867,0.0159116374078849,2,-1
580,track_0979842,artist_427108,-0.056792997096244406,-0.0038998661002061993,0.02135535629650726,2,-1
581,track_0979850,artist_427108,-0.06068654619871702,-0.013273351112929044,0.021454704562805682,2,-1
582,track_0979854,artist_427108,-0.043071485744188974,-0.002440608107352356,0.01652425718922318,2,-1
583,track_0979857,artist_427108,-0.03172002126526643,-0.008657024092208214,0.007976990476132213,2,-1
584,track_0979859,artist_427108,-0.04393132591884714,-0.010453905707907322,0.015019884491057489,2,-1
585,track_0979865,artist_427108,-0.03858035698244265,-0.004428810490039197,0.014644806045080769,2,-1
586,track_0980765,artist_365142,-0.028314472567007167,-0.006822518199021348,0.00565131330887594,2,-1
587,track_0981257,artist_375935,-0.04186164542484871,-0.0025213686247107315,0.013344173550132609,2,-1
588,track_0981913,artist_007584,-0.013411343646543252,-0.0027303617264539948,7.727765527830232e-05,2,-1
589,track_0982390,artist_364878,-0.0013428311280909908,0.011160467024601954,-0.005074858965740516,2,-1
590,track_0983938,artist_370822,0.01319807298993409,-0.027655983481693465,-0.013598201132562783,1,1
591,track_0984513,artist_368880,0.025977575071309746,-0.015074769923473862,-0.0020999178517204426,1,1
592,track_0984754,artist_007584,-0.029026926261717004,-0.007014638952129698,0.009756117058575493,2,-1
593,track_0984990,artist_428049,-0.00590878900450965,0.00880297784446218,-0.002932810189239229,2,-1
594,track_0986590,artist_007805,-0.020634176851274402,0.0198720039439569,0.004100062820912117,2,-1
595,track_0989065,artist_000560,-0.010054613845900328,-0.012471985688497897,-0.005730834853387107,2,-1
596,track_0989073,artist_000560,-0.03452343236135232,-0.03928326204971795,6.604867254622383e-05,2,-1
597,track_0989713,artist_347673,-0.0009055244254734597,-0.009160972675232498,0.002101087003327287,2,-1
598,track_0989850,artist_006905,0.0036637037513227635,-0.007294616373163833,-8.030503384422106e-05,1,1
599,track_0989879,artist_357359,0.018512367013716544,-0.005206878053338677,0.0011215620644559133,1,1
600,track_0993757,artist_428971,0.019916521099851026,0.009981793351549412,0.002033839779818064,1,1
601,track_0993759,artist_428971,0.0258987128379234,0.004289120682534825,0.0034418648682770056,1,1
602,track_0993765,artist_428971,0.012912474560244613,-0.006123916041886364,-0.0037701932714112882,1,1
603,track_0997273,artist_428971,0.020897144363072453,-0.0003468729872121969,0.0026030192405043636,1,1
604,track_0997279,artist_428971,0.0036761457696507273,0.01263703696096468,-0.0031591072855260386,1,1
605,track_0997879,artist_375935,0.01917108005124004,-0.01570439958333443,-0.004069421067029128,1,1
606,track_1000113,artist_355362,-0.006120455546118472,0.02862124321379157,-0.0023174652672234447,2,-1
607,track_1003073,artist_355274,-0.011860348237984188,-0.007633860906866445,0.00033829066578408475,2,-1
608,track_1006557,artist_337741,0.004777938119128375,0.023834764003370378,-0.0006869580083437915,1,1
609,track_1009350,artist_367979,0.0014616376077501003,0.007393170826914243,-0.013338416325692907,1,1
610,track_1009354,artist_367979,-0.027018724908270456,0.08941630356872879,-0.002538506376299832,2,-1
611,track_1009673,artist_007063,0.007652488305002862,0.009911098574382413,-0.007987167030071306,1,1
612,track_1010665,artist_002034,0.026479521476171455,0.011486385654179858,0.0019566549914270576,1,1
613,track_1010826,artist_000560,0.021445131014739837,-0.027274306804646594,-0.02110851920699517,1,1
614,track_1010979,artist_007584,-0.02612952838654639,0.004718117626402619,0.036643351198192765,2,-1
615,track_1011650,artist_431049,0.016068023131925933,-0.02924851394001274,-0.014831445847294487,1,1
616,track_1011950,artist_002054,0.00999685351174967,-0.023255519088438762,-0.01263896590074798,1,1
617,track_1011954,artist_002054,-0.027850679115529898,-0.015891338382062168,0.0035362205456845462,2,-1
618,track_1011957,artist_002054,-0.031203816543045867,-0.005408633460681949,0.009904848425021501,2,-1
619,track_1011959,artist_002054,-0.0024991615229634427,0.11433261165881721,-0.037298426499234656,2,-1
620,track_1011965,artist_002054,-0.02370275433675029,-0.012801810262488113,0.002332350944155169,2,-1
621,track_1012513,artist_431049,-0.0024129049455599177,0.052604204248871564,-0.0025814419767198307,2,-1
622,track_1012642,artist_431325,-0.03551223096466584,-0.01607048744735305,0.010126635142346409,2,-1
623,track_1016179,artist_004934,0.016160837861850408,-0.02060669700399368,-0.01116395263247378,1,1
624,track_1020438,artist_373547,-0.006672035818434488,0.03387845010764999,-0.0007726301067985946,2,-1
625,track_1021750,artist_428971,0.012941345861845097,-0.010278028912040237,-0.007008614196633823,1,1
626,track_1021754,artist_428971,0.02114590669508273,-0.002578342857972325,-0.0038725759513197023,1,1
627,track_1021913,artist_002741,0.01547519759458724,-0.027955784140364842,-0.01617220782513858,1,1
628,track_1022250,artist_432521,-0.01715558311485852,0.017167927925355958,0.0003122864447100614,2,-1
629,track_1022254,artist_432521,-0.022101478433189884,-0.01967768018523039,0.00031632594123624796,2,-1
630,track_1022638,artist_007584,-0.0319669715343572,-0.023377370299835984,0.006538621804247244,2,-1
631,track_1023138,artist_340121,-0.03475015264529277,-0.0025736286196300687,0.007694820306130717,2,-1
632,track_1023265,artist_432273,-0.03046914934813179,-0.010108581260307501,0.010043832024599584,2,-1
633,track_1023273,artist_432273,-0.027156250173363726,-0.0023518996989832027,0.006114819498105856,2,-1
634,track_1023279,artist_432273,-0.021718627191503907,0.008031305322124257,0.009252952233444542,2,-1
635,track_1026090,artist_366162,0.023211871205238807,0.013402265294096743,0.00030572425410205743,1,1
636,track_1026957,artist_432967,0.009523276114545046,-0.02147834130279452,-0.012663738860105214,1,1
637,track_1027159,artist_432967,-0.0163020795221169,-0.01787504984874661,-0.0009920538682430106,2,-1
638,track_1027573,artist_361694,-0.016776728573085212,-0.005556780992385237,0.0033218656709287993,2,-1
639,track_1027913,artist_005240,0.006343736293253073,-0.003608245947414923,0.0012594338990212465,1,1
640,track_1027926,artist_005240,0.001746003024282927,-0.02153901112615072,-0.009756602612501527,1,1
641,track_1027959,artist_360311,-0.007046514834764058,0.02792512530514569,-0.0034317654719462857,2,-1
642,track_1028913,artist_366613,-0.03270109806352908,-0.01946859091583981,0.008337883718078686,2,-1
643,track_1028938,artist_375104,0.021619587361165264,0.009169169788123746,-0.0034366691207423626,1,1
644,track_1029179,artist_004812,-0.020408619647382636,-0.02183866379755647,0.003692840096914147,2,-1
645,track_1029542,artist_361660,-0.00988194701606906,-0.009143459840846926,0.0028246569380446845,2,-1
646,track_1029554,artist_337159,-0.04726172084700796,-0.023015922444903816,0.019275201057292978,2,-1
647,track_1029838,artist_003004,-0.005002266134632697,0.0032881618537270066,-0.0022513450452988537,2,-1
648,track_1029950,artist_423996,-0.0008069814777490817,-0.017993385113240848,-0.009353364740155998,2,-1
649,track_1032157,artist_421279,0.020305858150871662,-0.018654446309715918,-0.012545634330329347,1,1
650,track_1032226,artist_379099,-0.018411126267240764,-0.022208390104187625,-0.001990773824919976,2,-1
651,track_1032850,artist_375327,0.018269612758830826,0.0012244389871966786,0.007275899473076526,1,1
652,track_1033354,artist_428489,-0.008928132471097918,-0.0022293172282733895,-0.002249111087893598,2,-1
653,track_1033913,artist_422519,-0.008827151189638486,0.009650987530604227,-0.004749578743791283,2,-1
654,track_1034238,artist_434091,0.004289429652795273,0.014039637720407292,-0.004350591579791267,1,1
655,track_1034573,artist_432466,-0.009042119006839627,0.010473607265782975,-0.0026017855544860236,2,-1
656,track_1035757,artist_339169,0.016529852085845405,-0.02784798756284986,-0.017732971551590433,1,1
657,track_1035759,artist_339169,-0.001393116099173819,0.12075895026330513,-0.03844481721222998,2,-1
658,track_1035765,artist_339169,0.023426340921322897,-0.0034061504068649694,0.004869905390244815,1,1
659,track_1037338,artist_000811,-0.048845101506408306,-0.016347045052015646,0.014852641968143149,2,-1
660,track_1038157,artist_434578,-0.039883423896018386,-0.00822708806218684,0.013173748364756566,2,-1
661,track_1038159,artist_434578,-0.05113638664464602,-0.028663014413316742,0.0153191487212396,2,-1
662,track_1039757,artist_366701,-0.004658600290314395,-0.012314635511074614,-0.004101094662560454,2,-1
663,track_1039759,artist_366701,-0.0026308180750938513,0.006606450721654492,-0.004311768311953464,2,-1
664,track_1041157,artist_363226,0.027977356944783698,0.02698499697086569,-0.003668919321807783,1,1
665,track_1041265,artist_434948,0.026571989893304015,0.0010933588035880874,0.022432325715410033,1,1
666,track_1041557,artist_427960,-0.005285983507138954,-0.018037198705271807,-0.0055104901229677365,2,-1
667,track_1041559,artist_427960,0.012815245754153682,-0.022520704435575502,-0.010535798754378106,1,1
668,track_1041957,artist_341642,0.039395924859063715,0.006829290270504745,0.01873784838520265,1,1
669,track_1041959,artist_341642,0.01468457283849307,0.011981603427959535,-0.0019397695216915604,1,1
670,track_1042013,artist_434945,-0.01804446062092561,-0.01024707646605161,-0.0032311264860112082,2,-1
671,track_1042079,artist_362636,0.0010311375789858162,0.014799366428057497,8.072978301956667e-05,1,1
672,track_1043173,artist_359114,0.010142255029247543,-0.026245292302405573,-0.014970459728127019,1,1
673,track_1043538,artist_375104,-0.0013472873592741406,0.01939835792931733,-0.0024152082580773545,2,-1
674,track_1044779,artist_355675,0.005292769415357243,0.01748844975354777,-0.006154683123590507,1,1
675,track_1044813,artist_362473,0.003555272829489644,-0.0037908979935729185,-0.0005835764811926357,1,1
676,track_1044826,artist_375935,0.012391537436948161,0.008643595558089055,-0.004288392422831373,1,1
677,track_1044950,artist_005279,-0.00631589452880056,-0.015675977129593073,-0.0045697120749368545,2,-1
678,track_1045065,artist_379099,-0.006864247361764928,0.0799261579145234,-0.020012954763341143,2,-1
679,track_1045250,artist_003944,0.024858868818801172,-0.042254261157462426,-0.026092416201739105,1,1
680,track_1046465,artist_005951,-0.08036476949676731,-0.001688968310468989,0.02897499565082825,2,-1
681,track_1046742,artist_370789,-0.036985294127317735,-0.011533691637135244,0.010116461845714282,2,-1
682,track_1046759,artist_361044,-0.022220238037773874,-0.00950014145416335,0.002622818020706383,2,-1
683,track_1047438,artist_359452,0.02844906146179325,0.007172332768557375,0.008871239118812038,1,1
684,track_1047957,artist_369180,0.02535460573696311,0.002259265172289678,0.004636398458803394,1,1
685,track_1047959,artist_369180,0.011353428293705259,-0.02608432918295061,-0.01702675527599788,1,1
686,track_1048090,artist_420796,-0.029565029162393876,0.002235340943389224,0.011148625861451834,2,-1
687,track_1048226,artist_375935,0.007330957676844991,-0.011236201999968663,-0.00554880017782033,1,1
688,track_1048290,artist_008094,-0.03673717902190341,0.030380524757043968,0.00933948332066693,2,-1
689,track_1048357,artist_008094,-0.07048703144875738,-0.010729688247393319,0.02600948436296542,2,-1
690,track_1048359,artist_008094,-0.02654849773119603,-0.005640674875764356,0.00892496111975181,2,-1
691,track_1048679,artist_352172,-0.02253667280937463,0.004578835271394091,0.005738160285389526,2,-1
692,track_1048750,artist_008094,-0.06534164058608222,-0.01811419101904301,0.022137425969908333,2,-1
693,track_1048765,artist_008094,-0.0008220021691694431,0.1230632218086781,-0.038985048598952785,2,-1
694,track_1048773,artist_008094,-0.023473453276107066,-0.014885199661592012,0.002866985819836643,2,-1
695,track_1049513,artist_008094,-0.019583664053244076,0.005774354641381814,0.00553351137476228,2,-1
696,track_1049713,artist_008094,-0.015805722917897117,-0.013023314872968664,0.001667388344784434,2,-1
697,track_1051173,artist_435792,-0.013179619691627075,-0.02936945258493346,-0.0071574080287848535,2,-1
698,track_1052138,artist_435725,-0.03220046019994055,-0.005945854950438818,0.010014508305431383,2,-1
699,track_1052154,artist_421686,0.037992424165322766,0.011170700044522263,0.012500469215271417,1,1
700,track_1052157,artist_421686,0.01736398102979911,0.004161116116938947,-0.003952002239499391,1,1
701,track_1052159,artist_421686,0.023750313973118435,0.01857668601989365,-2.1957826954044518e-05,1,1
702,track_1052679,artist_344764,-0.03570019394423209,-0.019910705061890285,0.00465074901626398,2,-1
703,track_1053054,artist_436282,0.030647261266270688,0.003207583173078276,0.01410224428357452,1,1
704,track_1053226,artist_350115,0.024724198051535456,0.0019236777520256622,0.019810425137540544,1,1
705,track_1053338,artist_359617,0.03389431681309507,-0.010557636045190298,-0.009367304712651544,1,1
706,track_1053842,artist_340225,-0.03500553402297128,-0.0030097655331946986,0.01196817220871315,2,-1
707,track_1054342,artist_007805,-0.012726366709040711,0.0016429081892644062,-0.0036376946019647366,2,-1
708,track_1054373,artist_367887,-0.0026985388141034044,-0.00930995224314423,-0.008292670101527016,2,-1
709,track_1054438,artist_007805,-0.018659784914889076,0.01918790190278964,-0.003082450516317866,2,-1
710,track_1056142,artist_349503,-0.03798073286973451,0.009529960689960551,0.012484770215124355,2,-1
711,track_1057257,artist_359114,-0.015437642039953545,-0.0004324356254500646,-0.0006999655010887654,2,-1
712,track_1057426,artist_436872,0.008029781638457141,0.03798863905218972,-0.008066485287009508,1,1
713,track_1058213,artist_436908,-0.051286236484907245,-0.016406648137285384,0.016223375630673584,2,-1
714,track_1058226,artist_005544,0.015172813147648246,-0.0021977684105448955,0.006820907961734767,1,1
715,track_1058326,artist_366613,0.009443279796886004,0.0011408087276417829,-0.0031776909420408563,1,1
716,track_1059973,artist_428874,-0.018377338967316262,-0.019315968493890508,0.0005234422403963418,2,-1
717,track_1060626,artist_432545,0.01044231564296768,-0.001712364905601439,-0.0017169768295047345,1,1
718,track_1060638,artist_432545,0.01515452648270668,-0.022482747464083238,-0.01452644078731911,1,1
719,track_1061373,artist_007063,-0.0076975041914201054,0.045158583410855595,0.0001943989477424773,2,-1
720,track_1061379,artist_007063,0.008681273671722927,0.015291784881659578,-0.011315997164028582,1,1
721,track_1061413,artist_007063,0.012031383126047353,-0.026683472313530215,-0.0226474115908572,1,1
722,track_1061457,artist_007063,0.007833990517803426,0.015317689959584662,-0.005832610541435872,1,1
723,track_1061459,artist_007063,0.005938853641094671,0.010958992757092258,-0.004834998478135816,1,1
724,track_1061473,artist_007063,0.0069914638505228326,0.015444848172898278,-0.006608179561663701,1,1
725,track_1062590,artist_428449,-0.010940542599778386,0.019781336135258672,0.0007510264768144616,2,-1
726,track_1063179,artist_000560,-0.020623462922363237,-0.019386142803041007,-0.0026493721797893354,2,-1
727,track_1063326,artist_437571,0.0072432653081947115,-0.020176787546211994,-0.013643428460401116,1,1
728,track_1063450,artist_437571,0.010995535638561385,0.0008033228194319312,0.004608112158423509,1,1
729,track_1063454,artist_437571,-0.011920239017670971,-0.005690235141231808,0.0012345579319693386,2,-1
730,track_1063457,artist_437571,0.026668332896801462,0.0006273973229232869,-0.00961273864053823,1,1
731,track_1063459,artist_437571,0.013895668771563938,-0.008408580448707475,-0.0023467756800610866,1,1
732,track_1063679,artist_337741,0.0056859628398852734,-0.010919611990992397,-0.006159884208777832,1,1
733,track_1064438,artist_338130,-0.0033181382117293988,-0.003651497895044315,0.000688529900556915,2,-1
734,track_1064559,artist_377663,-0.006208189981806693,-0.0035039763530845605,-0.00536692549109047,2,-1
735,track_1065626,artist_437812,-0.0070607144167473285,-0.015485569526390353,-0.006717937838735919,2,-1
736,track_1065654,artist_340710,0.013388885192844013,-0.025318598620901914,-0.017337210729019493,1,1
737,track_1066054,artist_350284,-0.04267325573981961,-0.03473369623774471,0.0046019923273898445,2,-1
738,track_1066513,artist_437980,0.006540600170675383,-0.0062462654263597496,-0.0061740439939442695,1,1
739,track_1066526,artist_437980,0.011845961492258096,-0.009603866229524647,-0.007805896429337582,1,1
740,track_1066557,artist_437980,0.007325734579420706,-0.014775164783829658,-0.008139720212988947,1,1
741,track_1066573,artist_437980,0.026399168962242033,-0.0018936565020985403,0.002688232630185709,1,1
742,track_1067265,artist_438155,0.02159196222677794,0.004480165463064674,0.011678028075852545,1,1
743,track_1067273,artist_438155,0.04786323192621154,0.008853264343763682,0.025343373036309763,1,1
744,track_1067290,artist_351337,0.005706649316115327,-0.024937036934385964,-0.016139105224543013,1,1
745,track_1068379,artist_363229,-0.015014393142766947,0.015809140224353837,0.001704842896440277,2,-1
746,track_1070113,artist_435725,-0.025236185749246864,-0.010313069491697505,0.005910144020045873,2,-1
747,track_1070638,artist_367887,-0.017815943325513634,0.008666455153805715,0.0006019497397289848,2,-1
748,track_1072126,artist_375104,0.0064131756437890205,0.0014706601381688522,-0.004547587750051628,1,1
749,track_1072426,artist_339989,0.006204307807805278,-0.00943969586597028,-0.002789299189172026,1,1
750,track_1072438,artist_339989,0.012888340471404792,-0.012587831947767593,-0.003714140111665192,1,1
751,track_1072579,artist_430947,-0.0056282193839824616,-0.014009117942626739,-0.007565712087864271,2,-1
752,track_1072913,artist_354832,0.024384997209815473,-0.01574701013450543,-0.00033050293529175994,1,1
753,track_1073154,artist_007862,0.015341795627783346,0.0037969122399846337,0.0043713001942244775,1,1
754,track_1073157,artist_007862,0.007240556608635188,-0.016423311698351276,-0.007442937078204285,1,1
755,track_1073213,artist_428449,-0.013646879473336128,0.04312175332930391,-0.00027190556723580555,2,-1
756,track_1073290,artist_421686,0.005009497337592967,0.0013191178424710236,-0.006558099858178926,1,1
757,track_1073654,artist_341778,0.017756183090389305,-0.013617302614043389,-0.00474355755211691,1,1
758,track_1074726,artist_000560,-0.022859495282316757,0.044925287127605774,0.0010885548598100101,2,-1
759,track_1074738,artist_000560,0.017703019959247605,-0.013114297959820397,-0.00615353760967783,1,1
760,track_1074742,artist_000560,-0.004773781798457823,0.038780297549951825,-0.00043126305996047586,2,-1
761,track_1074750,artist_000560,0.01513840141513588,-0.04178339854820004,-0.027124960487809775,1,1
762,track_1075326,artist_360980,-0.016666618379899027,0.05208924608997072,-0.0002248971634203758,2,-1
763,track_1076454,artist_340553,0.013992854588459322,-0.02348220738469539,-0.014970548892089468,1,1
764,track_1076457,artist_340553,-0.006273429639626639,-0.015806024226934657,-0.007433326165581228,2,-1
765,track_1076459,artist_340553,-0.0009813400094031257,-0.0017337960862895854,-0.007774152615371704,2,-1
766,track_1076690,artist_426277,0.009122554013046269,-0.01732014412121432,-0.0076225370144325805,1,1
767,track_1077954,artist_005240,-0.0008766616537824278,-0.008101653515635313,-0.005949483571437955,2,-1
768,track_1078365,artist_341528,-0.021848159056949316,0.002567449393178447,0.008046028678572846,2,-1
769,track_1078426,artist_438603,0.002318541611366482,-0.01710843326650548,-0.009247479681775533,1,1
770,track_1078438,artist_438603,-0.007479045933592608,-0.0014314095991515082,-0.0021843140076667853,2,-1
771,track_1078442,artist_438603,9.044373303351507e-05,-0.02236116388817038,-0.009631838169714668,1,1
772,track_1078450,artist_438603,-0.017970207744857875,0.04194338405053251,0.0023200174198699875,2,-1
773,track_1078457,artist_438603,-0.010030902262637602,0.010246140801913972,-0.005849997915498872,2,-1
774,track_1078465,artist_438603,-0.01747315609016251,-0.017945275488914385,-0.005244555446038716,2,-1
775,track_1078473,artist_438603,-8.995744144385995e-05,-0.0025482002286124684,-0.00791124967944915,2,-1
776,track_1078479,artist_438603,-0.03169817693073551,0.04609064427819049,0.0045454397627230515,2,-1
777,track_1078613,artist_007805,0.01112606559283673,-0.005700632518467991,-0.008152691637509108,1,1
778,track_1078826,artist_433381,0.020573419471426945,0.05273402802785538,-0.016188506740182924,1,1
779,track_1079150,artist_375104,0.016598816072728916,-0.023617430247666712,-0.011022862648490402,1,1
780,track_1079157,artist_375104,0.0038534475806338057,-0.01599368997700364,-0.008501056368515596,1,1
781,track_1079250,artist_368762,-0.008321112605927765,0.03328238378396773,-0.0007159070388806099,2,-1
782,track_1079254,artist_368762,-0.014963063622998894,0.0004116602824611988,-0.0030273136180486897,2,-1
783,track_1079257,artist_368762,-0.02937323865624545,-0.006772584556448434,0.0007967068809598362,2,-1
784,track_1079313,artist_423996,-0.00906184600665906,0.004711642157302835,-0.001961499685676406,2,-1
785,track_1079757,artist_438603,-0.016817558344795105,0.04390748804733157,0.00014242549456149197,2,-1
786,track_1080157,artist_438910,-0.02154789295035872,-0.0035697001853189697,0.005036290517917008,2,-1
787,track_1080165,artist_438910,-0.023594073621437332,-0.003836820287203009,0.007663682193951356,2,-1
788,track_1080565,artist_438910,-0.04273661775949618,-0.0034633891102705803,0.014579797131524252,2,-1
789,track_1080990,artist_370789,-0.024868666150579272,-0.013394069335161386,0.004450512455013846,2,-1
790,track_1081159,artist_007907,-0.024553462012552096,-0.03221525086342786,-0.007267061964707078,2,-1
791,track_1081690,artist_352416,0.021613056774230015,0.003801744523633921,0.007082869299761932,1,1
792,track_1081713,artist_352416,0.031041695110462897,0.0011856817573777942,0.013709906882439437,1,1
793,track_1081842,artist_419438,0.024334510556044856,-0.0021732000639983757,0.012294829720625868,1,1
794,track_1081857,artist_419438,0.020589036708884723,-0.01424226487813554,-0.0021739107693603413,1,1
795,track_1081859,artist_419438,0.010251641703824917,-0.015514186899039618,-0.007301478121151667,1,1
796,track_1081865,artist_419438,0.01888641101290596,-0.019248820693497475,-0.004162768688974409,1,1
797,track_1082554,artist_352844,-0.025026335187404394,-0.032305484864841756,-0.0019704959490427884,2,-1
798,track_1082754,artist_427777,-0.01076766992780346,-0.0008869979130916752,0.0024282624305113766,2,-1
799,track_1082757,artist_427777,-0.022016187438644474,0.016525032360490896,0.005811411395125011,2,-1
800,track_1082759,artist_427777,0.004159728011875744,0.001060080882299391,-0.004902310025836341,1,1
801,track_1083213,artist_439372,0.00828867406946863,-0.026165746454930278,-0.01715885701595123,1,1
802,track_1083413,artist_439604,0.007874790595921869,-0.008737463403699111,-0.003916362396330359,1,1
803,track_1083526,artist_352428,-0.01900857332975303,0.01792955387375176,0.0037691953365098217,2,-1
804,track_1083538,artist_352428,-0.02557532083470538,-0.016830593447945012,0.0010781904712073578,2,-1
805,track_1083959,artist_373214,-0.02962966522979637,-0.011331560638492721,0.006976343143614603,2,-1
806,track_1084165,artist_358348,0.0011870261452780917,-0.00044424901742804075,-0.0063446493484710514,1,1
807,track_1084173,artist_358348,-0.006369494402098415,0.009742938624592558,-1.0924490134959905e-05,2,-1
808,track_1084190,artist_439398,-0.005605419813843286,0.0030490467427760556,-0.0011271295004884518,2,-1
809,track_1084365,artist_361274,-0.013001721784165983,0.006789019532629215,0.002649405264957718,2,-1
810,track_1084379,artist_361274,0.007262397674413558,-0.023402683661532565,-0.010027197068299534,1,1
811,track_1084738,artist_439604,-0.029835867616226124,-0.010759508961962263,0.00806498268728416,2,-1
812,track_1084742,artist_439604,-0.02536325686269812,-0.008686997607924737,0.006973028710671522,2,-1
813,track_1085242,artist_347673,-0.012630322254153123,0.023812974661202937,0.002041950765512676,2,-1
814,track_1085279,artist_439604,-0.031645104829567464,-0.011718901442148188,0.008482783860270198,2,-1
815,track_1085738,artist_369391,-0.01432491519814818,-0.027183499241214118,-0.0075384455258113645,2,-1
816,track_1085742,artist_369391,0.003652361457781884,0.0038596316109517715,0.0020492013694495973,1,1
817,track_1085950,artist_370789,-0.020885699973857,0.004331458027125847,0.005572357745068638,2,-1
818,track_1087059,artist_000560,-0.0331643927255123,-0.02190273530313757,0.007124824871859915,2,-1
819,track_1087079,artist_000560,-0.042115983850387465,-0.001618308346099629,0.01564143085035703,2,-1
820,track_1087090,artist_000560,-0.027661585149880246,-0.018736398547470702,0.005997918680628927,2,-1
821,track_1087257,artist_378747,-0.029336118690413266,-0.003398819382499553,0.007010511034818334,2,-1
822,track_1087538,artist_004142,0.007642455963446851,-0.0367826269647565,-0.01884308283633359,1,1
823,track_1087554,artist_419438,0.03433127533899963,-0.0013719887935495878,0.012113879933734379,1,1
824,track_1087557,artist_419438,0.019078181408909083,-0.022147844930676005,-0.015405386139011292,1,1
825,track_1087559,artist_419438,0.01691308344191047,-0.017340167599303007,-0.006777308474408275,1,1
826,track_1087565,artist_419438,-0.0036085221032857947,0.033725017887689855,-0.0011757233986418583,2,-1
827,track_1088579,artist_375104,0.08728667640899189,0.01317991678640593,0.47351215927115264,1,1
828,track_1088590,artist_375104,-0.02216949783575526,0.038825622196296504,0.005765601366726747,2,-1
829,track_1089138,artist_357317,0.025704730600927712,0.00140647650174589,0.005971559580996292,1,1
830,track_1089142,artist_357317,0.029115752539819437,0.006971390124533831,0.010219544533518855,1,1
831,track_1089265,artist_432564,0.002366666991913391,-0.021705903239824374,-0.013436575629479053,1,1
832,track_1089273,artist_432564,-0.04704936040100741,-0.010842112498283218,0.016568173716480675,2,-1
833,track_1089913,artist_428829,0.017499093898957815,-0.013309764618889677,-0.006646612450965497,1,1
834,track_1090150,artist_437571,0.0007556164736039958,0.01562821736370387,-0.0007963741227028769,1,1
835,track_1090465,artist_439398,-0.00048039662330836853,0.003066931324543323,-0.0032136988283911266,2,-1
836,track_1090657,artist_438910,-0.019324263102454723,-0.014575128553729505,0.0019109787053199372,2,-1
837,track_1091338,artist_437812,0.0016724566271240323,0.0029291627880059707,0.005372642861604655,1,1
838,track_1092173,artist_438910,-0.03900059297290491,-0.008498233330464176,0.014981050201992436,2,-1
839,track_1093426,artist_352416,0.014214558626446053,0.0030209289557619344,0.0020171324874596218,1,1
840,track_1093613,artist_378695,-0.009746299596483776,0.04374155165510428,-0.001949386290454744,2,-1
841,track_1094050,artist_350284,-0.029642036786762298,-0.023838054964695387,0.002947270124201432,2,-1
842,track_1094054,artist_350284,-0.020292099343011915,-0.02744194420283009,-0.002000829596447054,2,-1
843,track_1094138,artist_003025,0.02613629238089842,0.008439026786928051,0.00816330267342528,1,1
844,track_1094142,artist_003025,0.010798378478421748,0.0035836196876004554,0.0008681758543267383,1,1
845,track_1095113,artist_428449,0.009700983743135699,0.09100201429191235,-0.027143943015133454,1,1
846,track_1095365,artist_386200,0.01728503345911557,-0.0008253070716672229,0.009934309929434547,1,1
847,track_1095473,artist_437812,-0.00030274846336267905,-0.01238480507583016,-0.003252833111995965,2,-1
848,track_1095757,artist_338779,-0.006606924868297019,0.009577996235113346,-0.0018629809109797163,2,-1
849,track_1096057,artist_369391,-0.00780713572225514,-0.010791870994285893,-0.002099898490078298,2,-1
850,track_1096126,artist_358348,0.002997755451837101,-0.013077860901350517,-0.007117124887544587,1,1
851,track_1096138,artist_439935,-0.013493831552583995,0.001720735992528048,-0.0025152153172912422,2,-1
852,track_1096873,artist_440452,-0.005183996517044692,0.034939778871083314,-0.0013273621671832012,2,-1
853,track_1098065,artist_363592,0.017653216276734177,-0.01650681548596729,-0.005487016796744577,1,1
854,track_1098190,artist_360077,-0.00043536903444659863,0.007763225620292473,-0.004507877977312192,2,-1
855,track_1098826,artist_434847,0.02565915223929805,0.012534791274054592,-0.005705719831367811,1,1
856,track_1098838,artist_437812,0.016779567489276316,0.00013909820953652465,-0.012521525841832906,1,1
857,track_1099313,artist_004116,-0.01836441933868204,0.015177568826175377,0.00238790809800273,2,-1
858,track_1100513,artist_357359,0.010672923522391253,0.005614566755955503,-0.00030959113305901374,1,1
859,track_1100750,artist_437980,0.016652014664669323,-0.007884391271671143,-0.0020833174220626126,1,1
860,track_1100973,artist_437812,-0.00043202025762908384,-0.018434427819078475,-0.005023477760958316,2,-1
861,track_1101290,artist_366162,0.02494851054479439,0.0190643961955333,-0.0017439509994564377,1,1
862,track_1101379,artist_357317,0.01389493286207021,-0.011223605027727073,-0.006822889681690848,1,1
863,track_1103259,artist_337939,-0.04786066306785976,-0.01791624739835757,0.014950916325866597,2,-1
864,track_1103265,artist_337939,0.017033632201515915,-0.025399318614324973,-0.016105805008097097,1,1
865,track_1103659,artist_423187,-0.011202156353956612,-0.013595142564101038,0.0014495473122078492,2,-1
866,track_1104238,artist_363229,-0.011953312821159063,-0.013073835136789204,-0.0007308352972509701,2,-1
867,track_1104257,artist_363229,-0.011573603795310347,0.028267129070837945,0.0008441526123540574,2,-1
868,track_1104259,artist_441841,0.029159599316498024,0.0009633022942066689,0.014373544768653617,1,1
869,track_1104342,artist_441810,-0.0063846532038608,0.028823234954001933,-0.013197093585910986,2,-1
870,track_1104754,artist_440452,0.007111218105306894,-0.019447855819924396,-0.009126456463719613,1,1
871,track_1105473,artist_008004,0.028762409145224876,0.00197428779338538,0.006117239385721788,1,1
872,track_1105642,artist_367947,-0.007210548132537648,-0.006977951766798318,-0.004765301199842353,2,-1
873,track_1105679,artist_367947,-0.024540598125714387,-0.009073716419212443,0.005006700607223483,2,-1
874,track_1106257,artist_438910,-0.016597617633683805,-0.011968872153245748,0.0028352117145477827,2,-1
875,track_1106259,artist_438910,-0.014165682042535536,-0.00696618723840406,0.0012899874484498801,2,-1
876,track_1106265,artist_438910,4.029051241766977e-05,0.014092635416750083,-0.002617479534131456,1,1
877,track_1107273,artist_366613,-0.02381110368999768,-0.009316788398004528,0.004574936958228834,2,-1
878,track_1107279,artist_366251,0.010182009818843402,-0.014436357804935032,-0.010476675717150295,1,1
879,track_1108513,artist_347673,-0.030203598330350415,-0.02581591780596425,0.003452858812757916,2,-1
880,track_1108554,artist_442559,0.012041094233699591,0.002228043958487021,0.002180543357900451,1,1
881,track_1108659,artist_006916,0.03849547489077107,0.005544850721898841,0.01753409223642504,1,1
882,track_1108959,artist_442612,-0.019795222874336334,-0.0030379234116746394,0.005168836066877757,2,-1
883,track_1108965,artist_442612,-0.02430106586073283,-0.002950723207923897,0.007932216164104614,2,-1
884,track_1109057,artist_356326,0.002133500451180403,-0.002186470965000803,-0.0010609871337675845,1,1
885,track_1109742,artist_007635,0.019185443205054442,-0.013465663512524047,-0.0037704211335966575,1,1
886,track_1109765,artist_436872,-0.0004834455214046953,0.016463955611227765,-0.012233752653469088,2,-1
887,track_1109773,artist_436872,-0.005135577334541193,0.004559361339156665,-0.012659084026202706,2,-1
888,track_1109813,artist_437998,-0.014746682209088176,0.009467593033840392,0.00043590256838000084,2,-1
889,track_1109879,artist_441505,0.012149336769981423,-0.013171865660898155,-0.002876514136871543,1,1
890,track_1109890,artist_441505,0.007571777367163059,0.006606706692659274,0.008445147341156346,1,1
891,track_1109954,artist_441505,-0.003467326151751121,-0.008467678122114974,0.00039500817557311797,2,-1
892,track_1110013,artist_441505,0.011933141351861342,-0.002646970881153405,-0.002223115985693384,1,1
893,track_1110026,artist_441505,-0.005813060128014158,0.006120932629028448,0.0007464880199600714,2,-1
894,track_1110057,artist_436558,-0.023275485132042317,0.07932488585120849,-0.002294082704062644,2,-1
895,track_1110059,artist_441505,0.020691216496761543,0.0024460065082370845,0.004158680936968216,1,1
896,track_1110065,artist_441505,0.01805957827096872,-0.01275269308712783,-0.0024842525530487628,1,1
897,track_1110073,artist_441505,0.016377897672819164,-0.012816898485287177,-0.004139678370463061,1,1
898,track_1110513,artist_441505,0.026379309866368824,0.004342655339391714,0.020962035609422336,1,1
899,track_1110526,artist_441505,0.031785807395498474,-0.0030130988764116495,0.0050748254277561515,1,1
900,track_1110538,artist_441505,-0.01807253538498449,-0.010681546260790483,0.0025806334032591203,2,-1
901,track_1110750,artist_441505,0.007638416975903652,0.011644347576952131,0.0010430458961418342,1,1
902,track_1110754,artist_441505,0.010875048110791392,-0.010064216814900741,-0.004711322369062039,1,1
903,track_1110757,artist_441505,0.02656788468839153,-0.023178328913633174,-0.0030981559025894233,1,1
904,track_1110759,artist_441505,0.0023048147725759764,-0.005168882383874218,0.0011624039275819733,1,1
905,track_1110765,artist_441505,0.03676841575993459,-0.030934536598822882,-0.006950560828692427,1,1
906,track_1110773,artist_441505,0.025730160153007924,-0.003908920550995135,0.003161801650528211,1,1
907,track_1110779,artist_441505,0.011021217176857875,0.005554266757255857,-0.002590981900840965,1,1
908,track_1111738,artist_442664,0.013957534865760892,-0.016517377375097227,-0.01073027528238306,1,1
909,track_1111742,artist_442664,-0.019300607404865375,0.02723010788333302,0.0027873560805123884,2,-1
910,track_1111973,artist_441505,-0.03257986971629321,-0.00611153937937465,0.010224991298240832,2,-1
911,track_1111979,artist_441505,-0.0047863600508437805,-0.002919416654328904,-0.000524560685352785,2,-1
912,track_1111990,artist_441505,-0.0326176567958365,-0.0037779135125243202,0.011715991461865383,2,-1
913,track_1112013,artist_441505,-0.04942355929991156,0.0002469284655055403,0.01799589300734201,2,-1
914,track_1112026,artist_441505,-0.0224207689560037,0.0015310849137797292,0.004903283403376745,2,-1
915,track_1112054,artist_441505,-0.009606722783915599,-0.009609662870094075,-0.000715850968339758,2,-1
916,track_1112057,artist_441505,-0.012418297121100258,-0.012091909685855365,-0.001478564698300619,2,-1
917,track_1112059,artist_441505,-0.013355990129760765,-0.014051094469089842,-0.0006402413061386444,2,-1
918,track_1112065,artist_428449,-0.0035358453946803367,0.11979219674325825,-0.03995147290710427,2,-1
919,track_1112173,artist_438966,0.014953950184475533,-0.011906708315058575,-0.006250241281340094,1,1
920,track_1112338,artist_441505,0.015597940775501985,-0.00973325907992155,-0.0029221644832137976,1,1
921,track_1113613,artist_340663,-0.023390017848046393,0.00047383971592948555,0.01378313331688248,2,-1
922,track_1113973,artist_340225,0.02075987385638857,-0.0019927381949480967,0.005061011655792447,1,1
923,track_1114038,artist_437980,0.01701039483274966,-0.031208599346942412,-0.02340623647981375,1,1
924,track_1114938,artist_004965,0.010264381258309418,-0.011693458396387945,-0.010674684176733491,1,1
925,track_1115613,artist_441505,-0.0007525604115148486,0.010464527838387453,0.0034504801375943215,2,-1
926,track_1115626,artist_441505,-0.027454746272282986,-0.004458985917692527,0.010224689635758009,2,-1
927,track_1115642,artist_441505,0.011078532897570022,0.012795453716300958,0.009383140803987602,1,1
928,track_1115679,artist_441505,0.009974072530819871,0.031154792900733006,-0.004608097414281005,1,1
929,track_1115690,artist_441505,-0.009215595796076788,0.006184968092197008,-0.0028020425743795242,2,-1
930,track_1116938,artist_423996,-0.025271364563473907,0.0005561726886504645,0.006465738568426507,2,-1
931,track_1116942,artist_423996,-0.005760624127762821,-0.006230642668177141,-0.0010887943409126348,2,-1
932,track_1116950,artist_423996,0.009020351141430433,-0.008232947305361485,-0.007472964977681139,1,1
933,track_1117565,artist_443173,0.02972744824020319,0.004210605530677172,0.004860493561479262,1,1
934,track_1118090,artist_438910,-0.01578131217777601,-0.006058750968118007,0.0005115390650725254,2,-1
935,track_1118542,artist_366940,-0.050599726941434914,-0.024438176325423163,0.02016717031365549,2,-1
936,track_1118838,artist_438910,0.013039752438732444,-0.019577732402862143,-0.011921285956746136,1,1
937,track_1119738,artist_375104,-0.017679868318676288,0.0323707654218703,0.0015420278701793117,2,-1
938,track_1119938,artist_000560,-0.0016498492443019243,0.009169010122813763,-0.006262445176918421,2,-1
939,track_1119942,artist_000560,-0.00811889998388066,-0.0046393452455069685,-0.007096751553779893,2,-1
940,track_1121413,artist_443553,0.035509756275754034,0.012757645001000063,0.009725164882334377,1,1
941,track_1121426,artist_443553,-0.007518687940934964,-0.013189418897229003,-0.0056723230570760305,2,-1
942,track_1121438,artist_443553,0.020788740444885944,0.005252089102007893,0.004748838815881443,1,1
943,track_1121442,artist_443553,0.02554815212123137,0.023813557961406877,0.0019048040111964662,1,1
944,track_1121457,artist_443553,-0.006172755712562167,-0.0010806463700971222,-0.006133269157793877,2,-1
945,track_1121459,artist_443553,-0.01127500752493929,0.0008359231024089084,-0.0005965791069255102,2,-1
946,track_1121465,artist_443553,0.024772043322674835,-0.021475055734472007,-0.0070099905729936575,1,1
947,track_1121554,artist_443569,0.009715911656997755,-0.008084012027229472,-0.007198873958282272,1,1
948,track_1121559,artist_443173,0.0016107794324718623,0.03188024645060639,-0.002387834818077259,1,1
949,track_1121565,artist_443173,-0.012034880562971627,-0.0122096514875717,-0.0004953055520643898,2,-1
950,track_1121813,artist_367947,0.0031019324961390473,0.008685245493827848,-0.004164719082816307,1,1
951,track_1121826,artist_367947,-0.009572223683889542,-0.009817351325455819,-0.001410353578411443,2,-1
952,track_1122013,artist_437998,-0.015487435033173094,-0.004116879571407521,0.0007255344452321194,2,-1
953,track_1122913,artist_428874,0.007357325006424257,0.0190690820382544,-0.004459049425080809,1,1
954,track_1123273,artist_431049,0.01171661496960359,-0.017117892079750504,-0.008325151807612117,1,1
955,track_1123759,artist_428489,-0.02468572488932723,0.005695594803506115,0.007336906042686647,2,-1
956,track_1123854,artist_443769,0.02421959631383288,-0.03500797899132912,-0.018067024506403302,1,1
957,track_1123873,artist_443769,0.001175538376014814,-0.013004124144316358,-0.005764899193339565,1,1
958,track_1123938,artist_440452,0.013606927105857272,-0.02023835811122799,-0.012925332021028716,1,1
959,track_1124713,artist_432273,-0.02335120341139186,-0.014603099780469983,0.003808739962805944,2,-1
960,track_1124726,artist_432273,0.02142239181934543,-0.00567896526592876,-0.0023987636276721954,1,1
961,track_1125513,artist_352184,0.016145278544239812,0.006192714583512044,0.00367571157369102,1,1
962,track_1125673,artist_375104,0.010624554110296057,-0.011475958395720675,-0.009169773476016857,1,1
963,track_1125679,artist_375104,0.012687025457328282,-0.00951757462960832,-0.008578924009471455,1,1
964,track_1125690,artist_375104,0.010649717674404351,-0.0115027997674584,-0.009191053774670386,1,1
965,track_1125757,artist_423996,-0.019204695284747303,-0.0036962556445256124,0.004457631639345239,2,-1
966,track_1125842,artist_437812,0.011184797651558857,-0.017146536220273994,-0.0153085060027283,1,1
967,track_1127390,artist_438910,-0.03854334484950654,-0.009656815522254182,0.013180521456407813,2,-1
968,track_1128890,artist_433123,-0.013077413978435638,0.0076885496711495555,0.0018042328036288375,2,-1
969,track_1129026,artist_433123,-0.0020762999054673888,0.005747941783023525,-0.0011038093159780344,2,-1
970,track_1129342,artist_365532,0.008873030570712035,0.015342029861418605,-0.00668715625900559,1,1
971,track_1129413,artist_340262,0.03757152434207078,-0.0005466548410047009,0.014156748594974247,1,1
972,track_1129459,artist_002986,0.026698535599173404,-0.0004468417006957522,0.00645718420919473,1,1
973,track_1131173,artist_352428,-0.02441637593721461,0.02699386193022597,0.005635580315866486,2,-1
974,track_1131179,artist_352428,-0.022014045794902435,0.026494950563763574,0.004102688623752535,2,-1
975,track_1131442,artist_444350,0.028080832709528963,-0.03955173441032141,-0.023143030791203015,1,1
976,track_1131450,artist_444350,0.018220362209637818,-0.027191529978615084,-0.01565359134313613,1,1
977,track_1131565,artist_340121,-0.015934299352235306,-0.011172347084804734,-0.0017058021850727136,2,-1
978,track_1131573,artist_340121,0.01744386792604806,-0.03314981546310598,-0.02136261861933647,1,1
979,track_1133342,artist_434948,0.03396772204997229,0.017514566144704667,-0.003582316597931348,1,1
980,track_1133350,artist_434948,0.05331973890572949,0.002971497171724845,0.04965795822035041,1,1
981,track_1133479,artist_444486,0.009996140688124997,0.02971771443318588,-0.00546480145254573,1,1
982,track_1133554,artist_375104,-0.0022766894252221745,0.0037149924249793246,-0.004238805755024623,2,-1
983,track_1133559,artist_375104,-0.0007200709283749216,0.002235636583805079,-0.004738042937130696,2,-1
984,track_1134438,artist_433123,-0.026732980515373563,-0.02608599000440374,0.0017832175504517995,2,-1
985,track_1134465,artist_338779,-0.010339234557161436,0.03299824925161625,-0.00019960093550476336,2,-1
986,track_1134850,artist_437980,0.02357535583425271,0.003832839442758602,0.003279386435709893,1,1
987,track_1134854,artist_448491,-0.0005001594716358605,-0.0010436762147643583,-0.012667613819488478,2,-1
988,track_1134859,artist_437980,0.01749590152488598,0.015192230973386926,-0.004068350465737153,1,1
989,track_1135054,artist_423882,-0.012530719182977323,0.03424056966134447,0.001063945327246771,2,-1
990,track_1135079,artist_338444,0.04782235457040294,0.010748228929511083,0.03127029676138173,1,1
991,track_1135157,artist_375935,0.017443242988099985,-0.0011092609992511434,-0.007953701031881399,1,1
992,track_1135390,artist_370748,0.009106920616959873,0.058222544441215954,-0.015406592802806046,1,1
993,track_1135473,artist_006916,-0.001008615722755172,-0.004227760896566165,-0.0010127551176926423,2,-1
994,track_1135713,artist_007063,-0.004484655761076157,-0.006762171570395598,-0.0035107172643449986,2,-1
995,track_1136338,artist_357317,0.019920252527770545,0.002236948586239617,0.002939280623760451,1,1
996,track_1136342,artist_357317,0.02539919907251014,0.019269393991818286,0.0009062650425340335,1,1
997,track_1136365,artist_337741,-0.0030653766481907076,-0.01082161592004028,0.004373998115389642,2,-1
998,track_1136842,artist_367979,-0.005134154703277452,0.01738068300548663,-0.0033892985822939568,2,-1
999,track_1137259,artist_448643,0.022346984370743696,-0.009772400667661902,0.000987308503078088,1,1
1000,track_1138773,artist_357359,0.024901716367545845,-0.012238154186390168,-0.006726211001934835,1,1
1001,track_1139426,artist_428449,-0.019325049844091318,-0.024792505956814405,0.0032289229922924014,2,-1
1002,track_1139450,artist_435845,0.025189464361878407,0.0015506125350020128,0.0202145913295591,1,1
1003,track_1139454,artist_435845,0.020301408796540132,0.010286160292429304,-0.0017165472570323346,1,1
1004,track_1142559,artist_451078,0.012571037232312326,-0.01968223470313437,-0.01191617186838659,1,1
1005,track_1142857,artist_429523,0.014368918711558116,-0.008376715313953939,0.0022075366839165306,1,1
1006,track_1143154,artist_366613,-0.030546115855693765,-0.021014472524174026,0.009200093639325502,2,-1
1007,track_1143857,artist_452142,0.0023818600923635946,-0.017091019291828363,-0.010053775031588864,1,1
1008,track_1143942,artist_375935,-0.0035954442295544724,-0.0068068419102573705,-0.007194719737366797,2,-1
1009,track_1144754,artist_375104,0.0013701345793344028,-0.016607421863473082,-0.009049196699825091,1,1
1010,track_1144757,artist_375104,0.0057764028708217115,-0.016085024484766917,-0.00962568385031071,1,1
1011,track_1145459,artist_374130,0.006770445168495111,-0.008491678960703502,-0.0034434108267266633,1,1
1012,track_1145838,artist_442397,0.01057978435012999,-0.006180915553491551,-0.00637755599114853,1,1
1013,track_1147338,artist_452945,0.027531886010790596,0.0010568603800177343,0.00890720116157844,1,1
1014,track_1147359,artist_452945,0.0031950157188373237,-0.006240357411249988,-0.011306136831481578,1,1
1015,track_1149226,artist_357317,0.025153939430157694,0.02124230144837981,-0.0002608833649766402,1,1
1016,track_1149238,artist_357317,0.01851742406153272,0.01768263526175135,0.0003789864833795041,1,1
1017,track_1149313,artist_452142,-0.014059035132739517,0.0027849216761975794,0.007201559671912573,2,-1
1018,track_1149373,artist_005240,0.017955329851526588,-0.0097007354419829,-0.0001696328227220075,1,1
1019,track_1149454,artist_005240,0.0362755331619993,-0.027618666714190387,-0.0028852111755887574,1,1
1020,track_1149573,artist_359452,0.015182020503497496,-0.0008888959559444269,0.0012872504006216207,1,1
1021,track_1149713,artist_008094,-0.050767773606080244,-0.014991013679670543,0.017094599934805287,2,-1
1022,track_1149726,artist_008094,0.005582372419833089,-0.013103755479377099,-0.008116732488996022,1,1
1023,track_1149757,artist_347673,-0.024959092187650547,-0.020974437935441122,0.0028041288973046537,2,-1
1024,track_1149873,artist_008094,-0.01673291803252282,-0.008360098038385128,0.0013155528279933844,2,-1
1025,track_1150079,artist_008094,-0.018753780593013608,-0.0009145265329728843,0.0016515363940606844,2,-1
1026,track_1150113,artist_008094,-0.031811997227887426,0.016178279173525698,0.008997792729116659,2,-1
1027,track_1150126,artist_008094,-0.014299200462041266,0.013338200172183677,0.0010675221139615965,2,-1
1028,track_1150350,artist_008094,-0.04695782414578309,-0.014194608217490821,0.01532166095201953,2,-1
1029,track_1150354,artist_008094,-0.031487040261524823,0.0007256566392163705,0.00792852783433244,2,-1
1030,track_1150357,artist_008094,-0.03259855037942584,-0.014497989675795044,0.007794454667010218,2,-1
1031,track_1150359,artist_008094,-0.04086147660553259,-0.013060076423300829,0.010987457255874085,2,-1
1032,track_1150379,artist_008094,-0.019565225094516955,-0.0007968709145173714,0.0011873056672491895,2,-1
1033,track_1150490,artist_439567,0.0016031939566402997,-0.014488696712902012,-0.005836109555561206,1,1
1034,track_1150738,artist_007872,-0.012049394132143152,-0.0386894572938563,-0.011801621500608752,2,-1
1035,track_1151550,artist_452945,0.012245122098393823,-0.016008126718391608,-0.009407244176693098,1,1
1036,track_1151554,artist_452945,0.021064726605929594,0.018168546030294917,-0.004808338946004365,1,1
1037,track_1151559,artist_452945,0.006274828916431372,-0.02566227461644673,-0.013515826857604954,1,1
1038,track_1152638,artist_452945,0.006999743680799795,-0.01004444788364247,-0.011527815109318993,1,1
1039,track_1153942,artist_339574,-0.013857584127010533,-0.021995654405955238,-0.009103766329179225,2,-1
1040,track_1153990,artist_340444,0.012627561860353537,-0.00931044253104089,-0.00723164322957495,1,1
1041,track_1154279,artist_441699,0.010247870384812967,-0.015377258624794412,-0.01012428087526322,1,1
1042,track_1154338,artist_375104,0.041804214962332935,0.03292605089233161,-0.004422668916615725,1,1
1043,track_1155054,artist_454134,0.012986852387143753,-0.0044790084870570184,-0.011773964462814687,1,1
1044,track_1155057,artist_454134,-0.0014179046852297954,-0.013509552760609283,-0.006126047280461391,2,-1
1045,track_1155059,artist_454134,0.005060739671777174,0.0015502670286254823,-0.005886719829364015,1,1
1046,track_1155157,artist_432273,0.0012304355338149738,-0.00654736531394789,-0.0036337277928824075,1,1
1047,track_1155559,artist_362955,0.012603117606194855,-0.018690258874595918,-0.011937303294301609,1,1
1048,track_1156042,artist_439289,-0.0013020902758315133,0.12316168787767975,-0.038746091732672884,2,-1
1049,track_1156573,artist_371382,0.02573446189809031,0.002821133123668456,0.015274417247787221,1,1
1050,track_1156579,artist_375935,-0.03551693336451482,0.0850740079196465,0.0006421041564173936,2,-1
1051,track_1157350,artist_381661,-0.0034946430979072196,0.0008118721272779216,-0.0019554586797770825,2,-1
1052,track_1157357,artist_381661,-0.048063365351953546,0.0035919927436616913,0.0163792166445784,2,-1
1053,track_1158173,artist_432273,0.002768091701462441,-0.017232651244966514,-0.00859099200205034,1,1
1054,track_1158965,artist_450929,0.03250737875302286,0.018920783681339336,-0.0003738693295926737,1,1
1055,track_1158979,artist_357317,0.028746571045841794,0.005486647390018495,0.023875112115847908,1,1
1056,track_1159259,artist_442381,0.022526773942515642,-0.009457668358856796,0.002535002534830956,1,1
1057,track_1159659,artist_455072,-0.0013340648641766242,0.0031456002889446145,-0.006655210104995275,2,-1
1058,track_1159665,artist_455072,-0.008117394144597024,0.046786832480182505,-0.0013858648819072875,2,-1
1059,track_1159690,artist_437812,-0.0054619274478097425,0.02156814689898502,-0.0005287000051462358,2,-1
1060,track_1159738,artist_435953,-0.008574407966061166,0.01608233088156737,-0.006906618392444855,2,-1
1061,track_1159742,artist_455072,0.00843680376097945,0.014790249673344823,-0.006506013437138237,1,1
1062,track_1159859,artist_455091,0.010877888257873872,-0.01249041291377757,-0.0077829621010884215,1,1
1063,track_1160273,artist_443553,-0.0324951617236603,0.0023111238215993775,0.012192598110851922,2,-1
1064,track_1161157,artist_002656,0.009336429527702882,-0.018405106220564387,-0.009063714201354232,1,1
1065,track_1161459,artist_375104,-0.0025792691620509433,0.010685697484824445,0.005488386103887035,2,-1
1066,track_1161938,artist_357359,0.03168582638384297,0.011235007091347332,0.010237230307881318,1,1
1067,track_1162013,artist_004777,-0.02362255679765673,0.08051019653963211,-0.0023284066238988014,2,-1
1068,track_1162938,artist_455463,-0.00651536417360207,-0.0044765487180288745,-0.0013802547089757718,2,-1
1069,track_1162942,artist_428877,-0.018751117822885948,-0.02264339851606917,0.0008023236363955478,2,-1
1070,track_1162954,artist_438910,-0.037286643406443706,-0.001505705516985183,0.012984899454030616,2,-1
1071,track_1162957,artist_438910,0.010367113745008757,0.005513856455390671,-0.0053242894019449585,1,1
1072,track_1162979,artist_455689,-0.043055003326326204,-0.003026341918362696,0.016705463131379588,2,-1
1073,track_1163350,artist_347673,-0.022306229072992248,-0.019946787433254773,0.0017662839788476113,2,-1
1074,track_1163779,artist_370988,-0.008909108541568766,0.005234954631888354,-0.007278812562747522,2,-1
1075,track_1163965,artist_455760,-0.004614655746983857,-0.01483974622218772,-0.004277555816064703,2,-1
1076,track_1164050,artist_341459,0.00622850857317521,-0.02192409023888424,-0.013489420940861958,1,1
1077,track_1164338,artist_353294,-0.014592652195536657,-0.0058761068348352355,0.003649433373113848,2,-1
1078,track_1164465,artist_437980,0.025065406224223128,-0.0228630179185402,-0.01396839561580929,1,1
1079,track_1164479,artist_437980,-0.004693779011517478,-0.0014811135509845363,-0.0047364298264203275,2,-1
1080,track_1164990,artist_007805,-0.01820875793932909,-0.0005281150705512643,0.0030826487397202502,2,-1
1081,track_1165173,artist_352416,0.014726945124805562,-0.004492540404327559,0.002436860971913062,1,1
1082,track_1165179,artist_352416,0.010892070845548288,-0.029547907443265266,-0.018602518958507563,1,1
1083,track_1165465,artist_455057,0.010269009018503377,-0.01828005010486459,-0.00975584590660042,1,1
1084,track_1165473,artist_455057,-0.007712144204960143,-0.0009913902923511062,0.003057378778183226,2,-1
1085,track_1166090,artist_437980,-0.0011005434190999774,0.22392572379516565,-0.06901728277819344,2,-1
1086,track_1166150,artist_005240,-0.0236134471539454,-0.01904499567912976,0.00274539573576119,2,-1
1087,track_1166159,artist_005240,-0.0016454424627149371,-0.004758714585633696,-0.003141384128447093,2,-1
1088,track_1166679,artist_442397,0.01883344653001531,0.0010308833362128384,-0.003980524566319629,1,1
1089,track_1166926,artist_007805,0.0011450154601186245,-0.0032261432659935006,-0.015155111402055142,1,1
1090,track_1167073,artist_367887,-0.038444574821760724,-0.0037814295752799858,0.013529010053170525,2,-1
1091,track_1167079,artist_367887,-0.026221931647352238,-0.008381861131204595,0.004087383343875547,2,-1
1092,track_1167557,artist_375104,0.027818570271988967,0.02412832408784221,-0.00038204473445653607,1,1
1093,track_1167565,artist_375104,0.006016642413384701,0.02034164793406693,-0.0034977867782696507,1,1
1094,track_1167873,artist_456650,-0.015751838039650485,0.05182138111416876,0.000847282882361646,2,-1
1095,track_1167954,artist_451073,-0.016446035285465416,-0.011816299630161932,0.003865036844648963,2,-1
1096,track_1168479,artist_367887,-0.00888810660343041,0.03328941817425947,-0.0023984972713235846,2,-1
1097,track_1168813,artist_448635,-0.01729858622131109,0.05287772313448752,-0.00037062827014456044,2,-1
1098,track_1169057,artist_374229,0.030561863428339796,0.021387951850756513,0.0017521132495119417,1,1
1099,track_1169059,artist_374229,0.004614380957991142,0.017944055348526857,-0.004803608047319905,1,1
1100,track_1169526,artist_362473,0.01145729007171019,0.004117726693567453,-0.005888215658381502,1,1
1101,track_1169713,artist_338649,-0.037714729495435396,0.00021150516973250698,0.008486614084043734,2,-1
1102,track_1169726,artist_338649,-0.021976941395318545,-0.010223741781846117,0.00022571531844406127,2,-1
1103,track_1169942,artist_457223,0.03341123013097635,0.007179531703693096,0.014477842514947811,1,1
1104,track_1170413,artist_455493,-0.03092448222508773,-0.0088653525269628,0.010723666408965105,2,-1
1105,track_1171150,artist_368975,0.007249664767185245,0.009047781947952572,0.0004976221869402471,1,1
1106,track_1171238,artist_375104,0.004668105918085367,0.0038809478119597104,0.0011733594271228624,1,1
1107,track_1171250,artist_375104,-0.012188452681392887,0.002052006477516695,0.0036461685643319527,2,-1
1108,track_1171254,artist_375104,0.018230299428572024,-0.0016635801090148024,0.0052169847930930244,1,1
1109,track_1171550,artist_370490,-0.014779171663164755,-0.03438371068060729,-0.010181638525954665,2,-1
1110,track_1172557,artist_435725,-0.013742892033369637,-0.017043659912750315,-0.0015511874641913627,2,-1
1111,track_1172565,artist_435725,-0.05309497429037089,-0.0039686319923822174,0.016681274794931377,2,-1
1112,track_1173138,artist_338447,-0.006491166702117436,-0.025810161159881457,-0.01226963255335078,2,-1
1113,track_1173142,artist_338447,-0.01353323899242517,0.10559767490642298,-0.023126256358101123,2,-1
1114,track_1174090,artist_337741,-0.021155268221484246,-0.012615732212693262,0.004872243024915777,2,-1
1115,track_1174442,artist_352230,-0.0024407145545791366,0.004444463851756843,-0.004796194263674391,2,-1
1116,track_1174465,artist_457860,0.006800954615701379,-0.014671076923719852,-0.006499630449609652,1,1
1117,track_1176150,artist_457205,0.005258854555307961,-0.0074734630561700596,-0.005719515564235836,1,1
1118,track_1176413,artist_457998,0.0029818875564929883,-0.0177457023813077,-0.008120850990619242,1,1
1119,track_1177354,artist_458036,0.020550167465361282,-0.005933625074080037,-0.0022717039263230802,1,1
1120,track_1177757,artist_437571,0.007526503973843503,-0.0021217251321284988,-0.006309997011834942,1,1
1121,track_1177790,artist_437571,0.006229949659371848,0.007182768990423511,-0.010116322330040272,1,1
1122,track_1177890,artist_438603,-0.0025406881182756065,0.011190264532042886,-0.009444062358929048,2,-1
1123,track_1180613,artist_007349,0.012172806567318287,-0.01350014788925546,-0.006305156393928245,1,1
1124,track_1185757,artist_003944,0.022510091773240665,0.002902409624531541,-0.009394607834206009,1,1
1125,track_1185765,artist_003944,-0.009363383618319013,0.04043870839266876,0.0002899855671826618,2,-1
1126,track_1185773,artist_003944,-0.021240624183681656,0.014855915063293696,0.006114984037261196,2,-1
1127,track_1185779,artist_003944,0.001030102959622148,-0.015053892500509468,-0.007504643561520994,1,1
1128,track_1185790,artist_003944,-0.0009040825290637613,-0.017135140107697545,-0.006779880407779875,2,-1
1129,track_1186026,artist_375104,-0.009003744409504692,0.03664974623437072,-0.001320931418268903,2,-1
1130,track_1186165,artist_457665,-0.0028242830475604316,-0.01567310120391122,-0.008612636095743226,2,-1
1131,track_1187479,artist_434945,-0.03428694901514956,0.0030357192333561596,0.011724081762794335,2,-1
1132,track_1187642,artist_005365,-0.006341447322114585,-0.02155231952969327,-0.00908271655295486,2,-1
1133,track_1188126,artist_434337,0.034391012554799726,0.028565338667995165,-0.002718449288927805,1,1
1134,track_1188990,artist_000560,-0.006889093143228671,-0.014719826450512435,-0.006022356753832432,2,-1
1135,track_1189073,artist_460234,-0.008892185006661899,-0.014341232146741632,-0.0018930246999761633,2,-1
1136,track_1189913,artist_460469,-0.0010544268006314886,0.002107101125859708,-0.0031908038715260777,2,-1
1137,track_1189926,artist_460469,0.006336482437623328,-0.013447661358807162,-0.007692903965217524,1,1
1138,track_1189938,artist_460469,-0.006831159383236423,0.008837908676499324,-0.003518531874358331,2,-1
1139,track_1189942,artist_460469,0.016517461958335585,0.013483651402166294,-0.006120833733150175,1,1
1140,track_1189950,artist_460469,-0.026331966030202453,0.036302711837017124,0.004916075702995679,2,-1
1141,track_1189954,artist_460469,-0.019433941743135168,-0.005279909439538747,0.00037701478280225987,2,-1
1142,track_1189957,artist_460469,0.020237761462546598,-0.017310452395759606,-0.003518407936863772,1,1
1143,track_1190138,artist_460519,0.004741983813806924,-0.012542226508945074,-0.003683571205483445,1,1
1144,track_1190159,artist_006916,0.01544303022948554,-0.035451349985736444,-0.019109344915963937,1,1
1145,track_1190165,artist_460519,-0.027875514430346273,-0.011283705463925618,0.00737298925756175,2,-1
1146,track_1190626,artist_340121,-0.005000302570579096,0.023141420227161546,-0.00022061721715216178,2,-1
1147,track_1190665,artist_340121,0.014390004447502169,-0.008831153779652693,-0.0078100409107876925,1,1
1148,track_1190959,artist_455057,0.0033187406955149023,-0.004017809352048224,-0.0006077497849184562,1,1
1149,track_1190979,artist_453529,0.014634396631134415,-0.015070678551747133,-0.00358829904549876,1,1
1150,track_1191326,artist_355362,-0.022604656548192686,-0.017808903207895133,-0.004150201161104846,2,-1
1151,track_1192554,artist_456894,0.0052330432675830865,0.01814158731714274,-0.001056908004473726,1,1
1152,track_1193450,artist_461256,-0.003962406392434566,-0.017074778635272906,-0.008122515686658352,2,-1
1153,track_1193890,artist_348759,-0.039287860437363174,-0.012385995611136407,0.013210439492133866,2,-1
1154,track_1193990,artist_431036,0.0168229428337968,0.008946684383897355,-0.0015604250730821756,1,1
1155,track_1194557,artist_002656,-0.00581820302807228,-0.021718563167483277,-0.006961318319122013,2,-1
1156,track_1194590,artist_002656,-0.005005132444940892,0.05741872615488777,-0.010118003762797432,2,-1
1157,track_1194757,artist_461539,0.011869673369153018,-0.02383079619988684,-0.010686998482978575,1,1
1158,track_1194759,artist_461539,-0.0002976876178651828,-0.008907186096826758,-0.0009399463948523592,2,-1
1159,track_1194765,artist_461539,0.014915243069090912,0.01001183461358403,0.003285757607034063,1,1
1160,track_1194790,artist_432273,-0.009860186199303273,-0.0014409005011663614,0.0022461163650311583,2,-1
1161,track_1194826,artist_370191,-0.0209428170003854,-0.0022919489610649145,0.0047780335747223245,2,-1
1162,track_1195826,artist_340121,0.019944642980433577,0.007831114684010375,-0.0027230097684724747,1,1
1163,track_1195865,artist_003944,0.010105240858628869,-0.021602625170154828,-0.012384756733100116,1,1
1164,track_1195873,artist_003944,-0.0445983368276404,0.02685488261146045,0.014039587897341796,2,-1
1165,track_1195879,artist_003944,0.006178005354718472,0.014211692163316901,-0.0018414845913868644,1,1
1166,track_1195890,artist_003944,-0.03685040709078571,-0.003018905559146684,0.013407043042873844,2,-1
1167,track_1195913,artist_003944,-0.011390559481905803,0.03784210321762006,0.0018541677827632855,2,-1
1168,track_1195926,artist_003944,-0.008661181341747306,0.06612732643072419,-0.002915253664590079,2,-1
1169,track_1195938,artist_003944,0.008373431051843652,-0.004737713133861535,-0.004788724246250224,1,1
1170,track_1196179,artist_361694,0.011981350458150315,-0.02254932738399624,-0.0149604935672235,1,1
1171,track_1197079,artist_419438,0.022203804329575305,-0.027507289905408808,-0.015864200179011294,1,1
1172,track_1197390,artist_347673,-0.030082262574537808,0.0016149557145103085,0.0028858469751933636,2,-1
1173,track_1198190,artist_456650,0.01262282208573813,-0.018454579651939817,-0.011951335476512908,1,1
1174,track_1198259,artist_359472,-0.012444626238480229,-0.027017709782210776,-0.0060047668968221364,2,-1
1175,track_1198538,artist_419438,0.04774761048342824,0.004253881965829316,0.08896108448432913,1,1
1176,track_1198542,artist_419438,0.04039968437035453,0.00622747637012874,0.04004514318229494,1,1
1177,track_1198550,artist_419438,0.028717889205280345,0.017576164606633877,0.001821690257137291,1,1
1178,track_1198554,artist_419438,0.018859927454686707,0.0032476784285093703,-0.00022341298786154764,1,1
1179,track_1198557,artist_462340,-0.0278691550508677,-0.015502093351091132,0.005330056729502433,2,-1
1180,track_1198559,artist_462340,-0.03358403443813687,-0.0144703275855804,0.005276533133131641,2,-1
1181,track_1198565,artist_462340,-0.03475077767903754,-0.015170542755417061,0.005257301148831694,2,-1
1182,track_1198673,artist_419438,0.038290936407493065,-0.001383535445699666,0.019385518231324454,1,1
1183,track_1199050,artist_419438,0.019683464871417877,0.022691020118814985,-0.0031489992674363153,1,1
1184,track_1199054,artist_419438,0.014232774397989922,-0.013721296583407748,-0.008145855584319036,1,1
1185,track_1199057,artist_419438,0.030901812952369434,0.011703897949452549,0.008493852540019898,1,1
1186,track_1199059,artist_419438,-0.01701350027442515,0.004332447725592215,0.005301901102190953,2,-1
1187,track_1199573,artist_368142,0.005255672775546169,-0.01615771312149147,-0.005436123921490602,1,1
1188,track_1199626,artist_431744,0.02089447381575813,-0.013418021759305183,-0.007664012974068268,1,1
1189,track_1201479,artist_363592,0.012678749138951877,-0.018610932414472196,-0.011815537336683878,1,1
1190,track_1202954,artist_463083,0.006221202083392258,0.013768926459130078,-0.0028430661082687212,1,1
1191,track_1203657,artist_426192,0.010011185864300073,-0.012425407198689509,-0.01204502841147083,1,1
1192,track_1203665,artist_426192,0.03743607053451182,-0.004511459768530419,0.0073885559032233076,1,1
1193,track_1203865,artist_368762,0.01974959378743545,-0.017008294586437756,-0.00450765622964319,1,1
1194,track_1203873,artist_368762,-0.023167532629590707,-0.005992762293869734,0.0015574058658499176,2,-1
1195,track_1203926,artist_003682,-0.022343115528133676,0.0029378644710135586,0.00463692798329697,2,-1
1196,track_1203950,artist_003682,-0.0292976900525175,-0.011763190883458337,0.007151057151919183,2,-1
1197,track_1204665,artist_463402,-0.0008049482840075665,0.02643206012190069,-0.004172525583879184,2,-1
1198,track_1204813,artist_462768,0.01595271190548286,0.0064056323213070665,-0.00855888308295831,1,1
1199,track_1205073,artist_463180,0.01605097631055015,-0.022667489878221005,-0.013864310901985708,1,1
1200,track_1205954,artist_463441,0.02965997170886696,0.009707576153218284,-0.009830159606650695,1,1
1201,track_1206159,artist_438910,-0.01932523754018671,0.017677294619099476,0.0037499215467638267,2,-1
1202,track_1208042,artist_347734,0.008569769976823459,-0.025926929762114945,-0.01294492810158473,1,1
1203,track_1208250,artist_438161,0.0003061091339285853,0.0003848202784409242,-0.0014572431131366348,1,1
1204,track_1208442,artist_464776,0.01973731703960321,-0.023172012490032486,-0.007685097229891207,1,1
1205,track_1209359,artist_455057,-0.010915795972124697,-0.018663715601775165,-0.00892747140736184,2,-1
1206,track_1209450,artist_451073,0.004043942723311321,0.0058154874593015805,-0.004807055333337945,1,1
1207,track_1209626,artist_003944,0.021753323208266243,-0.00349548941444221,-0.012033473640710711,1,1
1208,track_1209638,artist_003944,-0.0025665318998004125,0.002460629504137681,-0.0038325415350002577,2,-1
1209,track_1209642,artist_003944,0.008620557923076635,-0.01331978886523151,-0.008466008083692658,1,1
1210,track_1209650,artist_003944,-0.03613232561901215,0.019816667572683626,0.011104772198892023,2,-1
1211,track_1209654,artist_003944,0.024481038145488347,0.006612210083468797,0.003313025606214984,1,1
1212,track_1209657,artist_003944,0.016719594638066597,-4.696745500883355e-05,-0.0052645094337692815,1,1
1213,track_1209659,artist_003944,0.029792611484709023,0.02051271521087861,0.0030045121658825785,1,1
1214,track_1210890,artist_352428,-0.011647102218123536,-0.007778373259442946,-0.00225013384573015,2,-1
1215,track_1211213,artist_351337,0.005480345700737163,0.014326506724215959,-0.003256386690021273,1,1
1216,track_1211526,artist_456650,-0.0025125873542873665,0.11363686147835739,-0.037104564527074294,2,-1
1217,track_1214850,artist_466508,0.015350472823086509,-0.00869490828651491,0.004131156901121872,1,1
1218,track_1215873,artist_466801,0.013537301392834001,0.0055149361723974884,0.0013969713815948981,1,1
1219,track_1216038,artist_466868,-0.0014489371477217534,-0.011048411854210162,-0.019145553794208313,2,-1
1220,track_1216154,artist_458175,-0.001816916326873897,-0.01405059230314591,-0.008317899568146494,2,-1
1221,track_1216157,artist_458175,0.00020810594845888913,-0.012269533001716309,-0.008933594747635432,1,1
1222,track_1216159,artist_458175,-0.034660776233353036,-0.0020155106131887575,0.008814029831016115,2,-1
1223,track_1216213,artist_456650,-0.007711882677603649,0.03233954115641488,-0.006232590712816695,2,-1
1224,track_1217157,artist_441694,0.005815738360233849,0.02724368460930452,-0.004855637729770386,1,1
1225,track_1217159,artist_441694,0.020763784682081413,-0.024242069307664316,-0.016534519257734887,1,1
1226,track_1217165,artist_441694,0.03199679325700216,-0.04076798143225422,-0.02589431734756206,1,1
1227,track_1217513,artist_396983,0.011645930666971274,-0.003792131892973959,-0.001979718260873907,1,1
1228,track_1218250,artist_375104,0.01377744564233561,0.009101596722488755,-0.00014124575091952862,1,1
1229,track_1219290,artist_467612,-3.787950441102415e-05,0.021266301276365137,-0.0004450495429680493,2,-1
1230,track_1219426,artist_368759,-0.003454596635215429,0.2125806569884348,-0.06767051179464974,2,-1
1231,track_1219473,artist_355675,-0.006894229917800439,0.01047770034383567,0.0007293513283653951,2,-1
1232,track_1219757,artist_337346,0.028642258943379743,0.018813070316560827,-0.0016020876936745474,1,1
1233,track_1220659,artist_467467,0.012739150706912573,-0.016336209583243073,-0.011743583458024781,1,1
1234,track_1220665,artist_467467,-0.007902638002677738,-0.0029358183191157453,-0.004162346926255721,2,-1
1235,track_1221326,artist_441727,0.006029037382464805,-0.014111875309562481,-0.0073048554203624435,1,1
1236,track_1221442,artist_431744,0.0024834791540496175,-0.00888682028452302,-0.006271714106441312,1,1
1237,track_1221465,artist_431744,0.02497487951732139,-0.021489463860863235,-0.004921471971322478,1,1
1238,track_1221565,artist_003944,0.021719645229997274,0.014260892124564361,0.0006569500602063999,1,1
1239,track_1221573,artist_003944,-0.005907143979286479,-0.01650175630178943,-0.006008733577120639,2,-1
1240,track_1221579,artist_003944,-0.014095275032690594,-0.0184804801323579,0.0004085905804872932,2,-1
1241,track_1221590,artist_003944,-0.01787966488603554,-0.01438167149368726,0.0037941039173095175,2,-1
1242,track_1221850,artist_468830,0.002030449229776806,-0.013342409515043223,-0.007363273089251186,1,1
1243,track_1221854,artist_468830,0.009886504566864468,-0.020012645312639413,-0.012801730660983914,1,1
1244,track_1221865,artist_468830,0.008436964261383179,-0.006668754338207504,-0.002648434384723838,1,1
1245,track_1222013,artist_437980,0.02708297449357628,0.004961519248002046,-0.007035425080532781,1,1
1246,track_1222313,artist_005240,-0.02691364571602808,-0.005739454986614291,0.007041524277015846,2,-1
1247,track_1222326,artist_005240,-0.05191634017587456,-0.009540738725081073,0.017110677920662617,2,-1
1248,track_1222338,artist_005240,0.0028052835745381436,-0.014140689660471264,-0.0072566499741197246,1,1
1249,track_1222626,artist_344764,-0.060354200720041315,-0.018189771636621593,0.019481040151437534,2,-1
1250,track_1222779,artist_469116,-0.025324733889766225,0.003828121661709537,0.02566401815896324,2,-1
1251,track_1222857,artist_469116,0.011106217896583764,-0.020032870809655115,-0.012494865717390516,1,1
1252,track_1223150,artist_454426,0.017582909449513615,-0.018054115654731123,-0.00463989971465102,1,1
1253,track_1224065,artist_466600,-0.01569972823385767,0.011676206996679943,0.000286829972317467,2,-1
1254,track_1224879,artist_365532,0.008558644340884991,-0.009871131547801436,0.0049437700575709455,1,1
1255,track_1225159,artist_348759,-0.00985771509055014,0.0021829295870688732,-0.009311469316210859,2,-1
1256,track_1225626,artist_365532,-0.024313857447166853,-0.013101583957970685,0.0036255069581465965,2,-1
1257,track_1225957,artist_454118,0.0022749757548120733,0.029008408390768046,-0.0012101619298134103,1,1
1258,track_1225973,artist_454118,0.0035934917184839367,-0.0007085242039402314,-0.011189484167889877,1,1
1259,track_1226642,artist_337428,0.01819605010804283,0.03180242732440552,-0.011287033769355595,1,1
1260,track_1226813,artist_469255,-0.003962335092593825,0.004351328373753044,-0.0036722183308964596,2,-1
1261,track_1227459,artist_459422,-0.0006534802274313867,0.00035123811835847913,-0.0023047904791761607,2,-1
1262,track_1227554,artist_460469,-0.017221358123441326,0.02686088469825522,0.0028888868113892342,2,-1
1263,track_1227742,artist_470512,-0.04673194426024349,-0.014738575337415212,0.01629138823794651,2,-1
1264,track_1228759,artist_452157,-0.0010076269535202965,-0.013716995348408754,-0.005664604850307309,2,-1
1265,track_1228857,artist_470512,-0.03906593021304962,-0.00834878547559236,0.013673297765788137,2,-1
1266,track_1229179,artist_375104,0.013466482238012214,-0.0008025119690894035,-0.006151033269065363,1,1
1267,track_1230713,artist_428449,-0.01234384581419493,0.02546144003313655,0.00036757517128001093,2,-1
1268,track_1230765,artist_471813,0.021258003749500525,0.0013969200421098836,0.01880003168184678,1,1
1269,track_1230854,artist_471837,0.008010073387173616,-0.015983711671539603,-0.014220484906306164,1,1
1270,track_1231159,artist_350065,0.0018124726096648025,0.017908325739153057,-0.002575070433093749,1,1
1271,track_1231350,artist_452157,0.014925505912492842,0.007967345055771955,-0.0021144562108832044,1,1
1272,track_1231542,artist_471813,0.014928665485153193,0.014554193328568527,0.0028520340513358638,1,1
1273,track_1231679,artist_338779,-0.002415076085825276,0.0011239940632918647,-0.0047919255285339985,2,-1
1274,track_1232050,artist_472293,-0.04086179466932347,-0.01415015997031019,0.013706226494560393,2,-1
1275,track_1233757,artist_004729,-0.004047300153475121,0.0003484472701178464,-0.006117065228568474,2,-1
1276,track_1233765,artist_472947,-0.016722609043606146,-0.012368048357358668,-0.0021232579692878803,2,-1
1277,track_1234242,artist_437980,0.021069653025780996,-0.0153740524706755,-0.015736169926941886,1,1
1278,track_1234265,artist_437980,0.0021641362863785998,-0.0201006072841961,-0.010002388039835112,1,1
1279,track_1234359,artist_437980,-0.009067153068454173,0.009359947951395912,-0.0030608938088524922,2,-1
1280,track_1234390,artist_437980,-0.0013353195667320124,0.18733661989325573,-0.05917233587093724,2,-1
1281,track_1234413,artist_437980,0.013961152739604209,-0.012613849977421288,-0.009507727683767023,1,1
1282,track_1234442,artist_437980,-0.0010499631405247057,0.16619754264405248,-0.05237814419359739,2,-1
1283,track_1234990,artist_008004,0.02868002520809681,0.01061752477609312,0.019255117824759305,1,1
1284,track_1235365,artist_437980,-0.007779654477130021,0.04019053985536231,-0.0005759792044939549,2,-1
1285,track_1235965,artist_431744,0.013511218548530492,-0.018168868922573078,-0.01226452669758149,1,1
1286,track_1236038,artist_431744,0.01579780649407825,0.0022707289016667158,0.001069256716949725,1,1
1287,track_1236113,artist_003944,-0.043806459259587906,2.274093984704617e-05,0.01605042369739816,2,-1
1288,track_1236326,artist_005721,0.0035415859151453825,-0.0080310624153437,-0.009371345391709234,1,1
1289,track_1236854,artist_437980,0.019784104764905306,-0.013600809597481622,-0.014814406913455307,1,1
1290,track_1236859,artist_437980,0.04462748213818944,0.005775469268362587,0.18644942373493176,1,1
1291,track_1237057,artist_441585,0.01798964287480941,-0.0022447995611441177,-0.002266260429130535,1,1
1292,track_1237150,artist_437980,0.012446562620921465,-0.005427910805372144,-0.0006344387424491963,1,1
1293,track_1238765,artist_437980,0.024744552397352893,-0.0034244810562025817,0.00670587562478292,1,1
1294,track_1239059,artist_475035,0.010303230496066443,7.383651534428477e-06,0.003103187859669477,1,1
1295,track_1239326,artist_342174,-0.005643399130760386,-0.005557856743986588,0.0015891909637868575,2,-1
1296,track_1239373,artist_342174,0.027111634313980292,0.002506077256183874,0.006382336278486427,1,1
1297,track_1239473,artist_342174,0.028559058756120744,0.0028025157089527717,0.014109970887360903,1,1
1298,track_1240073,artist_471813,-0.021855807595553577,0.0014349352287101392,0.007912636019027443,2,-1
1299,track_1240090,artist_471813,-0.013394552788690641,0.01228351426516197,0.0023460286593651263,2,-1
1300,track_1240865,artist_375104,0.012909525789478142,0.0033614953387930014,-0.011591892229699752,1,1
1301,track_1240950,artist_005096,0.011725524390865402,-0.01731519822265228,-0.009793234678707161,1,1
1302,track_1241454,artist_441157,-0.03286761545869209,-0.0019336512987942211,0.010458600798520071,2,-1
1303,track_1241457,artist_441157,-0.03636621666700533,-0.02761366289628526,0.0036807795305878687,2,-1
1304,track_1241779,artist_474067,0.006735098380200499,-0.018045769741870298,-0.010224108819141793,1,1
1305,track_1244450,artist_352184,0.0026148855042304195,0.0034633286830774036,-0.010815067439615349,1,1
1306,track_1244465,artist_352184,0.024734779471047862,0.010531010288619112,0.006692659444839956,1,1
1307,track_1244738,artist_000560,-0.02568250703897715,-0.021475350122736145,0.002240172993374738,2,-1
1308,track_1244942,artist_437980,0.02106965302578122,-0.015374052470674514,-0.015736169926941657,1,1
1309,track_1244954,artist_437980,0.010906649083575332,-0.014333685842172953,-0.008972279733466166,1,1
1310,track_1245138,artist_003944,0.003798601466701631,-0.01576843739012861,-0.00838211198502069,1,1
1311,track_1245150,artist_003944,0.013807705568459934,-0.004539623729843962,-0.008549754147243922,1,1
1312,track_1245154,artist_003944,0.0025822480355854644,-0.0030981189773616954,-0.0071014991727196275,1,1
1313,track_1245157,artist_003944,0.009452128265031685,0.007266900665080864,-0.0011861720937659396,1,1
1314,track_1245159,artist_003944,0.024698742478630065,0.0033191799845426573,0.009917594502415852,1,1
1315,track_1245165,artist_003944,0.00290131542713446,-0.0014440820445399244,-0.007316223672568157,1,1
1316,track_1245173,artist_003944,-0.02692751351505869,0.015675648809026048,0.00847714208541515,2,-1
1317,track_1245442,artist_001907,0.013058452192333238,0.009949812425296979,-0.0010414034892662475,1,1
1318,track_1245890,artist_004056,0.019720954332209002,-0.01589192632423233,-0.008009423677627761,1,1
1319,track_1246338,artist_477067,0.002950906238939874,-0.003067387217786102,0.0007899691132562481,1,1
1320,track_1246342,artist_477067,-0.021257853774207566,-0.012510554710059248,0.0019390640385326505,2,-1
1321,track_1247113,artist_471813,0.012538823114426457,0.04838906525513376,-0.00929817822003924,1,1
1322,track_1248254,artist_359034,0.0038924699920177205,0.049469345231715554,-0.0020611516999288725,1,1
1323,track_1248257,artist_359034,0.019544682975703043,-0.0158167231456694,-0.0034952616737054815,1,1
1324,track_1248265,artist_359034,0.0012642860300148156,0.00597154943016097,-0.0009842487544074873,1,1
1325,track_1248273,artist_359034,0.007521948008146368,-0.02296827692173954,-0.013612813671068891,1,1
1326,track_1248279,artist_359034,0.017090576292261617,-0.001296222081371517,0.005864784693631812,1,1
1327,track_1248557,artist_460992,0.013457584853110553,0.008468468422248876,-0.008380078620999869,1,1
1328,track_1248559,artist_460992,0.009126338172579674,0.013626682739918175,-0.004329774918939642,1,1
1329,track_1248726,artist_477707,0.03967874930410062,0.032565680227498194,4.0339502791689937e-05,1,1
1330,track_1248838,artist_432124,-0.004809470592918384,0.06887354100194777,-0.01638826609157124,2,-1
1331,track_1249965,artist_433381,-0.016048383627544054,0.002898451395655716,0.0029800693529720397,2,-1
1332,track_1250042,artist_448643,0.030282452053197097,0.006364266831406562,0.012896516685866348,1,1
1333,track_1250050,artist_448643,0.0014545323253832552,0.0036821305677658196,-0.007579677724697428,1,1
1334,track_1250054,artist_448643,0.016099961972598734,-0.017118371165181206,-0.008677656543801912,1,1
1335,track_1250059,artist_448643,0.012153017504282887,-0.004137792223025681,-0.006187212574556498,1,1
1336,track_1250065,artist_448643,-0.006234491744061427,-0.0012510995287700667,0.004393980558604391,2,-1
1337,track_1250079,artist_349895,-0.035411379642867634,0.017835564643356474,0.010852224377702694,2,-1
1338,track_1250226,artist_477618,0.00011700090465430043,-0.023019083088368322,-0.012181182460574095,1,1
1339,track_1250238,artist_477618,0.019450093975735196,-0.01676515598606485,-0.008064565126899277,1,1
1340,track_1250838,artist_004116,-0.034610499200462684,-0.0022171924904486125,0.013497901653200303,2,-1
1341,track_1251473,artist_432273,-0.07107550892286249,-0.01092617772338205,0.025949226375409033,2,-1
1342,track_1251854,artist_347734,0.01733441932334299,-0.032909354948124886,-0.02082494380217072,1,1
1343,track_1252990,artist_339344,-0.022571754700808036,0.02323522078786013,0.004839604839572643,2,-1
1344,track_1253038,artist_477618,0.00793407668759923,-0.012333533847053827,-0.004999277697837332,1,1
1345,track_1253050,artist_477618,0.013902519786390522,-0.023392870969165314,-0.01472980776794936,1,1
1346,track_1253142,artist_439286,-0.0180475085926878,0.051037244931720106,-0.0005960155253332528,2,-1
1347,track_1253257,artist_452142,-0.008812519375458181,-0.018716657112532193,-0.004979446364508397,2,-1
1348,track_1253513,artist_435614,-0.022544459559881838,-0.018519134197370876,0.0058987968154112945,2,-1
1349,track_1254013,artist_346564,-0.04242528423700352,-0.004536118304961746,0.014918107199424649,2,-1
1350,track_1254442,artist_471813,0.004207084788243861,0.01494260804153423,-0.0007623840502125546,1,1
1351,track_1254450,artist_471813,-0.0038860634227021284,0.008638652981460831,-0.003193231029143974,2,-1
1352,track_1254779,artist_364441,-0.007950742516215968,-0.005898874008130811,-0.0036455250953079076,2,-1
1353,track_1255457,artist_454118,-0.0033710200564068824,-0.007845099964546963,-0.006598425213921255,2,-1
1354,track_1255459,artist_454118,0.0026998119981973944,0.03411746626635104,-0.0014145925728328852,1,1
1355,track_1255557,artist_466600,-0.004986169071716388,-0.0021581940581239896,-0.006393147384358112,2,-1
1356,track_1255638,artist_347916,0.01073384029126501,0.02077584946072362,-0.0038876953154122753,1,1
1357,track_1255642,artist_347916,0.02151401062240482,-0.01300120972731757,-0.013745003557454047,1,1
1358,track_1255879,artist_355779,-0.022292400640070077,0.013294070506920457,0.006199691967776296,2,-1
1359,track_1255973,artist_348759,0.01734933045078721,-0.01917267772397369,-0.008139950808856546,1,1
1360,track_1256654,artist_479439,0.02638858601672479,-0.005240622267716475,0.00756122081162581,1,1
1361,track_1257050,artist_479496,-0.018346442607915937,-0.024145542904704612,0.002515413829323477,2,-1
1362,track_1257250,artist_479521,0.0036014417902454706,0.0017911130754947617,-0.0025222650660029155,1,1
1363,track_1257265,artist_367947,0.005622017450009634,-0.005248131199930545,-0.004495565652588201,1,1
1364,track_1257273,artist_367947,-0.015222831409535608,-0.009669014238503592,0.001118564319282855,2,-1
1365,track_1257279,artist_367947,-0.03147161545054524,-0.004228418659578884,0.012213016607520876,2,-1
1366,track_1257554,artist_460992,7.687348359001122e-05,0.01479027595176281,-0.0016253499681022974,1,1
1367,track_1257557,artist_460992,-0.0053751923517044355,0.01711356642826768,-0.000856357546751975,2,-1
1368,track_1262650,artist_004934,0.025886494110165952,0.008882677399660071,0.0047981708544728024,1,1
1369,track_1262654,artist_004934,0.021262625581001088,0.001212041030350082,0.006438625080162629,1,1
1370,track_1263265,artist_347734,0.004651892764353161,0.012164477442657706,-0.006001175957236936,1,1
1371,track_1263279,artist_355162,-0.030343838384763976,-0.0011324807142363432,0.0067480061393602915,2,-1
1372,track_1265326,artist_480019,-0.03010160800926211,-0.013301884720429764,0.001959061720926814,2,-1
1373,track_1265926,artist_427606,0.022472301597980374,-0.01416185704088561,-0.0031448047132489423,1,1
1374,track_1266113,artist_460992,-0.0046035642419614015,0.006792447957669784,-0.0036045355895754257,2,-1
1375,track_1266573,artist_480321,-0.032702281497970026,-0.0072752319596557395,0.011070308370105406,2,-1
1376,track_1266579,artist_480321,-0.03541913799145079,-0.0010440012107703377,0.013224889597614664,2,-1
1377,track_1267054,artist_466600,-0.009403916208548621,-0.013436551776497548,-0.0050989604349525024,2,-1
1378,track_1267290,artist_451073,0.013486776250334417,-0.025213739253671427,-0.01727037645927302,1,1
1379,track_1267757,artist_362501,0.03294774821136005,-0.008313063459949916,-0.003205445312791534,1,1
1380,track_1267759,artist_362501,0.019920251937439903,-0.0076661574515240844,-0.0024826745648283233,1,1
1381,track_1267765,artist_362501,0.04889428279859008,0.007807012602104531,0.026951677058222573,1,1
1382,track_1268057,artist_480599,-0.014684786154349747,0.016537794345536164,0.0031545641189746486,2,-1
1383,track_1268113,artist_471813,-0.003750087483755936,0.012719756300432405,0.0006069563502056392,2,-1
1384,track_1268326,artist_436872,-0.019449170988945004,0.045649848730185114,0.002009485279437702,2,-1
1385,track_1268365,artist_436872,0.010353525357311624,0.020889409472863094,-0.0020035267799767393,1,1
1386,track_1269565,artist_432273,-0.02719663567884983,-0.02339923512333678,0.007668909103995428,2,-1
1387,track_1269813,artist_480798,0.004934470117442149,0.015453590670893925,-0.0029542369634758384,1,1
1388,track_1270990,artist_480887,0.030774587552873885,0.0014796850758158674,0.019402480823231257,1,1
1389,track_1271779,artist_364032,-0.02746302851197552,-0.02185016686664209,0.004457598285013874,2,-1
1390,track_1271850,artist_437980,0.02955420023089109,0.015407815177196428,-0.002263884662591839,1,1
1391,track_1272457,artist_347673,-0.04888248373199586,-0.04780446243324757,0.0017733841006766396,2,-1
1392,track_1273057,artist_437980,0.010277391906633179,-0.015833329086959252,-0.010170820341064821,1,1
1393,track_1273390,artist_378695,0.01137315793368274,0.026237239933452595,-0.0028092242929350915,1,1
1394,track_1273973,artist_378695,0.032107022657732055,0.005804988301914609,0.016376843686107045,1,1
1395,track_1274150,artist_007872,-0.011305547109099359,-0.012067746898684131,-0.0036853705987563356,2,-1
1396,track_1274154,artist_007872,-0.025825339822791518,-0.011269735994565088,0.004029656234885378,2,-1
1397,track_1274157,artist_007872,-0.017250692926331055,-0.02171516854592757,0.0013974430203244942,2,-1
1398,track_1274159,artist_007872,-0.06436516688771282,0.004178956749757184,0.02388967638529184,2,-1
1399,track_1274165,artist_007872,-0.03543155435758433,0.003221948861569005,0.013049397924048236,2,-1
1400,track_1274173,artist_007872,-0.026168921952663227,0.0005619559849274514,0.0048747500700434725,2,-1
1401,track_1274238,artist_430396,-0.013259115378811236,-0.017827022750599542,-0.0021943164309186575,2,-1
1402,track_1274242,artist_430396,-0.012056708450911436,-0.007865499413555306,0.000782245053610231,2,-1
1403,track_1274265,artist_437980,-0.002158555190775942,0.026787086743911677,0.004465761548096004,2,-1
1404,track_1274438,artist_418612,-0.0062975442347243974,0.010338329258530454,-0.0037236421220767407,2,-1
1405,track_1275150,artist_340542,-0.0017626503562612433,0.001000674737299706,-0.008286709803755943,2,-1
1406,track_1275154,artist_340542,-0.03642970162638367,0.01219748232463805,0.01140056763180127,2,-1
1407,track_1275238,artist_437980,-0.02615576518730263,0.010591497803711393,0.007044240490347431,2,-1
1408,track_1275613,artist_472293,-0.02152670696025795,-0.01738693060420903,0.0005219295099763798,2,-1
1409,track_1276479,artist_353294,-0.015501482866272289,-0.008407656056919455,0.002319671422537315,2,-1
1410,track_1276513,artist_353294,-0.005736604723598676,-0.001006379373605456,-0.011351908363307274,2,-1
1411,track_1277179,artist_471813,-0.02220276016555772,-0.01981763678655747,0.0009821735004396665,2,-1
1412,track_1277765,artist_481486,-0.01213307813606738,-0.0075007990097777965,-0.0007579825767176952,2,-1
1413,track_1277790,artist_481486,-0.005505038542333186,0.019695549734648432,-0.004900436643364173,2,-1
1414,track_1277842,artist_481486,-0.019873122550817655,-0.00956660950033116,0.0007025547456223349,2,-1
1415,track_1277913,artist_355362,-0.015505042640072875,-0.012322204338181856,-0.002970529474674778,2,-1
1416,track_1278179,artist_441157,-0.027843723457479205,-0.020587588594305546,0.0029612162533933905,2,-1
1417,track_1278254,artist_007862,-0.0022011136892592605,-0.016543247015290207,-0.010243587493732956,2,-1
1418,track_1278738,artist_481486,-0.024615693663555472,0.004079146232144624,0.006884617809373201,2,-1
1419,track_1279613,artist_435483,-0.013585519735569455,-0.011005086660548212,-0.0025759212183387933,2,-1
1420,track_1280242,artist_353511,-0.019358528206418268,-0.003361141659704443,0.005844297850443767,2,-1
1421,track_1280354,artist_435992,-0.06426390329833741,-0.004915374313989383,0.024774685836819733,2,-1
1422,track_1280357,artist_435992,-0.05481855632093926,-0.01000904580743673,0.020975530186417252,2,-1
1423,track_1280359,artist_435992,-0.02913692269258563,0.005349824335147536,0.009027248581359512,2,-1
1424,track_1280379,artist_435992,-0.022195602295768342,-0.017037256478098138,0.004127766413630651,2,-1
1425,track_1281238,artist_482680,0.018608170602534342,-0.004186600073348705,-0.00017504861978782173,1,1
1426,track_1281242,artist_482680,-0.011978856871892919,-0.001973854580835914,-0.001308987295846969,2,-1
1427,track_1282290,artist_483163,0.028799050189072507,-0.02420273291153361,-0.004322496668210744,1,1
1428,track_1283750,artist_483387,0.01549109047768039,0.014706896558475527,-0.006252099169728002,1,1
1429,track_1283754,artist_483387,0.011539393461746995,-0.014501680288346249,-0.006342224795675225,1,1
1430,track_1283757,artist_483387,0.02116302235858589,-0.0007289714430093722,-0.005633917704145708,1,1
1431,track_1283765,artist_483387,0.013597334251184477,0.0020574748442394888,-0.009215565154065249,1,1
1432,track_1283854,artist_452659,0.014760066564071885,-0.01137514772003237,-0.015492538828137,1,1
1433,track_1284273,artist_375935,0.010882056944090925,-0.02006443887863609,-0.013731766651320856,1,1
1434,track_1284350,artist_483253,0.003623345653505988,0.04389314023673804,-0.001767078526354501,1,1
1435,track_1284354,artist_483253,0.029433636416380547,-0.04939167097721535,-0.029989305556720136,1,1
1436,track_1284457,artist_483163,0.018953875764090286,-0.0038813414973634147,0.003130096035997835,1,1
1437,track_1284459,artist_483163,0.0164827135891068,-0.006310297215023517,-0.004542021265513625,1,1
1438,track_1284465,artist_483163,0.00569735162823509,0.01585126838701477,-0.007070541120162405,1,1
1439,track_1284959,artist_477775,0.018081554227384545,0.012633249391262662,-0.004973463767633959,1,1
1440,track_1284965,artist_477775,0.007023027850081247,0.021655051958862644,-0.004401229764662112,1,1
1441,track_1285757,artist_362636,-0.006841552140798298,0.014001969441866128,-0.0026283135073889934,2,-1
1442,track_1286213,artist_451073,-0.005435913983052118,-0.0007772751741655409,0.0008725504652128462,2,-1
1443,track_1286238,artist_342686,-0.0022571648901832707,0.026091518741463857,-0.0006330183302976579,2,-1
1444,track_1286473,artist_484321,0.02386039955555121,-0.0030634899508839492,0.00010870759728840083,1,1
1445,track_1286513,artist_435992,-0.028156432681903605,-0.018001511812202928,0.00492656430135947,2,-1
1446,track_1286773,artist_484326,-0.018708715842759505,-0.00469802589667277,0.004578810997721011,2,-1
1447,track_1286779,artist_484326,-0.027856614469696672,-0.0005008174433554042,0.010026179799233146,2,-1
1448,track_1287450,artist_484369,-0.013793223756066189,0.01829161814559428,-0.0011355641464338242,2,-1
1449,track_1287454,artist_484369,-0.004452979457653895,0.008410242066911476,-0.0027621542301433633,2,-1
1450,track_1287457,artist_484369,-0.0025418604039968767,0.004422721866041389,-0.005736765097438383,2,-1
1451,track_1287754,artist_484368,-0.013766135050172115,0.025416392218566224,0.0007968197668678496,2,-1
1452,track_1287890,artist_473960,0.010171688153276836,-0.025429589612410628,-0.016625833753437402,1,1
1453,track_1288338,artist_477775,0.005879024751009371,0.009391833986248311,-0.005523318283304882,1,1
1454,track_1288490,artist_483163,0.03221979325955635,0.002598083959496589,-0.002588228783031056,1,1
1455,track_1289126,artist_354858,-0.020275858688668658,-0.010462267712797292,0.0015291779222379599,2,-1
1456,track_1289279,artist_006916,0.020468250209602846,0.018727696118127572,6.257465802025965e-05,1,1
1457,track_1289373,artist_440879,0.006415329489924821,-0.0005218829594050176,-0.006614758043254088,1,1
1458,track_1289379,artist_440879,-0.0018599122404244274,0.0025703856569172165,-0.005680976779505994,2,-1
1459,track_1289526,artist_483163,0.01280330858127102,0.015353560715230502,-0.005815468359154147,1,1
1460,track_1290013,artist_471813,-0.007121046862735989,0.006992228815489308,-0.0009458281377612059,2,-1
1461,track_1290254,artist_340218,0.007656059966661285,0.007920466228864354,-0.008518341457941834,1,1
1462,track_1290557,artist_437980,-0.0015936734405458818,-0.056202437221271544,-0.031350960425466284,2,-1
1463,track_1290559,artist_437980,-0.0013355722217071363,-0.04705811485942274,-0.02623560843115468,2,-1
1464,track_1290638,artist_351032,0.010726329317387914,-0.017152103365633428,-0.010876403241006907,1,1
1465,track_1290754,artist_473090,-0.009738817911899176,0.0006867282035863686,0.0034375337538159545,2,-1
1466,track_1290879,artist_362636,0.013543356785567458,0.00469877230132345,0.002728322578413683,1,1
1467,track_1290950,artist_419438,0.025794128231847215,0.004081453922870072,-0.0026879846388973387,1,1
1468,track_1290954,artist_419438,0.014374103422474577,-0.010802138340432426,-0.014541809179018855,1,1
1469,track_1290973,artist_438910,0.004798003162073373,-0.0018673693079407497,-0.001488581918901175,1,1
1470,track_1291390,artist_464915,-0.017644727848546864,0.03842524035565508,0.0005342875207776995,2,-1
1471,track_1291557,artist_367887,-0.005447318861346328,-0.014159719170636863,-0.0031468185790711795,2,-1
1472,track_1291559,artist_367887,0.006682396708817127,-0.03691602451576124,-0.01606147515532316,1,1
1473,track_1291565,artist_367887,0.02678841003479897,-0.02014831210351502,-0.004997974258192155,1,1
1474,track_1291679,artist_466600,-0.004008888371556305,-0.02204397375438239,-0.009493266560711387,2,-1
1475,track_1292159,artist_477775,0.009441218854213201,0.02130764668267216,-0.0033795159129401653,1,1
1476,track_1292338,artist_484759,-0.02232592768405916,-0.012334767037052372,0.00436501420509893,2,-1
1477,track_1294742,artist_007063,0.01145825712379254,0.01511841741191476,-0.008569541754636971,1,1
1478,track_1294750,artist_007063,0.013697267219357653,0.029845683440517946,-0.012025801405295756,1,1
1479,track_1294765,artist_007063,-0.0037670605776564175,-0.01919780130447351,-0.010509503699201322,2,-1
1480,track_1294773,artist_007063,0.008849817677060298,-0.012726424417228897,-0.012846547426385795,1,1
1481,track_1294779,artist_007063,0.011049350254579328,0.02243733900263912,-0.00911264393516436,1,1
1482,track_1294938,artist_367887,0.011759113020940641,0.03417759665531919,-0.00010807642268300421,1,1
1483,track_1294942,artist_367887,-0.0018117569441535976,-0.027754911987144342,-0.008886063931554847,2,-1
1484,track_1295054,artist_480962,0.006554262331433523,0.013949819576162158,-0.005837745268189479,1,1
1485,track_1295413,artist_479278,0.03083320215710826,-0.007267921360764432,0.014317905048431835,1,1
1486,track_1295654,artist_367887,-0.018614376388331078,0.035588403503920035,0.0006867336526511234,2,-1
1487,track_1295657,artist_367887,-0.00931046177789088,-0.035356395690342386,-0.0106976959605406,2,-1
1488,track_1295659,artist_367887,0.013801617805517275,-0.04729752246656709,-0.022595957054628763,1,1
1489,track_1295713,artist_375104,0.0038304629743838325,-0.000281374721997677,-0.007895704091843867,1,1
1490,track_1296365,artist_368136,0.012361413936347883,-0.008234193318396206,-0.0057875890358514365,1,1
1491,track_1296779,artist_431465,-0.019314309734838518,-0.007351553189607868,0.003818748475244373,2,-1
1492,track_1296859,artist_437980,-0.031574134049601674,0.06570709779586342,0.0028624874544093044,2,-1
1493,track_1296926,artist_437980,-0.0033640603554080787,-0.005540426350415286,-0.009969159159202563,2,-1
1494,track_1297357,artist_375935,0.005407213819031461,-0.015826834393510496,-0.01022156049759815,1,1
1495,track_1298290,artist_437980,0.019828067400339634,0.013042458274860823,-0.0025875446506796037,1,1
1496,track_1299542,artist_437980,-0.004035179986434271,-0.024601094288907745,-0.00875462418555939,2,-1
1497,track_1299813,artist_437998,-0.0055903990878287835,0.03074377327340772,-0.0005773790531958731,2,-1
1498,track_1299938,artist_437980,0.020722356683190352,-0.006084975607048892,0.005122170688309553,1,1
1499,track_1300054,artist_477775,-0.02095708221732377,0.002247116541883787,0.0075082244476967755,2,-1
1500,track_1300073,artist_007349,0.009082757383143066,-0.013630719453290115,-0.006564199621135985,1,1
1501,track_1301826,artist_435992,0.01060861423880925,0.043099936272169605,-0.008695483581147087,1,1
1502,track_1303013,artist_471813,-0.007496258226441764,0.017773079396417483,0.0002886958638188731,2,-1
1503,track_1303065,artist_485924,-0.003383864173561776,0.0337957769335941,-0.0006580748550691062,2,-1
1504,track_1304354,artist_442862,-0.0345085386989097,0.012968914398688722,0.010918008817351395,2,-1
1505,track_1304479,artist_452157,-0.007765023058481818,0.1481824223493139,-0.04062832357413157,2,-1
1506,track_1305479,artist_375935,-0.015164857829949318,-0.019009305384601115,0.001937732147816845,2,-1
1507,track_1305638,artist_477775,0.0012883842796790543,0.0060569290061187565,-0.008030468229741634,1,1
1508,track_1305642,artist_477775,0.002585888812821469,0.01269647602075162,-0.010607752003025887,1,1
1509,track_1305854,artist_477775,0.029148711813734185,0.025149061192495624,-0.0067576595700950814,1,1
1510,track_1306059,artist_459422,-0.03508305285544343,0.0046208951525865405,0.012522637402290919,2,-1
1511,track_1306065,artist_459422,-0.03750169221743887,0.0019078742841885101,0.012015562085595814,2,-1
1512,track_1306265,artist_347673,-0.04069644464807551,-0.03557532280578939,0.0031372349967473093,2,-1
1513,track_1306550,artist_466600,-0.022423956528627168,-0.005386053421318839,0.007022269531810264,2,-1
1514,track_1306842,artist_461418,-0.0046654899187342875,0.002779308319699992,-0.0002954458392887781,2,-1
1515,track_1306850,artist_461418,0.0039679827460656755,-0.0014651364956811662,-0.005882603933939717,1,1
1516,track_1306954,artist_436349,0.0058916922407845395,0.013431029247749297,-0.007578311557376992,1,1
1517,track_1307642,artist_341393,0.0042668104639566485,-0.01972829169476826,-0.008013013747686737,1,1
1518,track_1307679,artist_341393,0.005721205593845425,-0.0021927520695395946,0.0025906856292604945,1,1
1519,track_1307726,artist_338779,0.011359537780019018,-0.0180084340121089,-0.01076365798371526,1,1
1520,track_1309457,artist_337741,-0.00618019925516613,0.025052035726253256,-0.001774763397700664,2,-1
1521,track_1309459,artist_337741,0.02598419662003813,0.0022536592721240736,0.015404508770696754,1,1
1522,track_1309626,artist_337741,-0.00818960383828584,-0.004837036327892265,-0.0006547861291777307,2,-1
1523,track_1309757,artist_486627,0.017585077941299484,0.027749881098258843,-0.00675672038788644,1,1
1524,track_1310113,artist_461418,-0.011935701025421267,-0.004935021272811667,-5.1790590007743424e-05,2,-1
1525,track_1310242,artist_486695,-0.0006602522503073201,0.000386882166757253,0.0007179361573791787,2,-1
1526,track_1310554,artist_484797,0.01777017277230476,0.004341972051038608,0.0061723273456512386,1,1
1527,track_1310559,artist_484797,0.021971249343176236,0.001445728656856305,0.019419334969819815,1,1
1528,track_1310654,artist_340553,0.00951362604334329,-0.0108894325720674,-0.013180934648492161,1,1
1529,track_1310657,artist_340553,4.99043103518068e-05,-0.02583715574414336,-0.013821997639206537,1,1
1530,track_1310659,artist_340553,0.0011871476045608974,-0.016716846901868115,-0.005031416003304214,1,1
1531,track_1311238,artist_483960,0.04274409185729607,0.0015533300718200917,0.018585775607433262,1,1
1532,track_1311242,artist_483960,0.02597767015706776,0.001333744920106308,0.005117807255490948,1,1
1533,track_1311279,artist_483960,0.025672370284902053,0.004138237378686227,0.014705226710969686,1,1
1534,track_1311290,artist_483960,0.028398253237823287,0.005074454026549015,0.01532921276694206,1,1
1535,track_1311479,artist_437980,-0.0011081685643066048,0.033615751675071553,-0.0035321019398843697,2,-1
1536,track_1312079,artist_483960,0.024287145567108204,-0.008273145067501193,0.0012611606460851807,1,1
1537,track_1312513,artist_437980,0.013026052637817259,-0.007645490418916443,-0.011667953618060696,1,1
1538,track_1313079,artist_432273,-0.027964636094157627,-0.00875224319802606,0.008741233077762678,2,-1
1539,track_1313213,artist_455057,0.0057930416954703546,0.003962795082738404,0.007136387566495102,1,1
1540,track_1313450,artist_487051,-0.014365074893611801,0.042999577701122546,-0.00041640137796845287,2,-1
1541,track_1313454,artist_428449,-0.005112803557619066,-0.018397486535389865,-0.005334392726032658,2,-1
1542,track_1313457,artist_428449,0.013994061437707525,-0.0014887344982454176,0.001498837915024518,1,1
1543,track_1313459,artist_428449,-0.05612414650177049,0.04596848409791132,0.015837043338231136,2,-1
1544,track_1314413,artist_434980,0.013166383432119752,0.020230242174829337,-0.009751585185367803,1,1
1545,track_1314538,artist_419438,0.031333904031808316,-0.021188293290532397,-0.012647140887187599,1,1
1546,track_1314542,artist_419438,-0.005354665904660124,0.0037750941045848673,-0.003236085231054374,2,-1
1547,track_1314750,artist_466600,-0.007828991710848015,0.012293209129745488,-0.002474778802279962,2,-1
1548,track_1315465,artist_354904,-0.013500313323461825,0.0042274058993768395,-0.0026652447961691044,2,-1
1549,track_1315526,artist_486995,-0.010126115438657804,-0.0003049441930509442,0.002287615404875779,2,-1
1550,track_1315838,artist_487296,0.011992547991416603,-0.0009106694464487412,0.001747826607574275,1,1
1551,track_1317679,artist_003815,0.03033811817004753,0.0032080158162976972,0.009298638899739003,1,1
1552,track_1318026,artist_002189,0.010244113036388221,0.0021203485158251285,-0.0063531120657740955,1,1
1553,track_1319226,artist_457221,-0.014391966968184766,-0.009111657584538321,0.0015460500315214812,2,-1
1554,track_1319690,artist_471813,0.002888034230880331,0.021577960215570156,-0.0016113963685812265,1,1
1555,track_1319859,artist_441585,0.02320516153251349,0.0006725036495717997,0.011612923457039096,1,1
1556,track_1320013,artist_359034,0.021199375492151756,-0.0109865468554381,0.0016313304970505859,1,1
1557,track_1320026,artist_359034,0.012601604184925943,-0.017678160388391154,-0.008593213037264215,1,1
1558,track_1320479,artist_423996,-0.008948750638983542,-0.024880442239108833,-0.007509335286885017,2,-1
1559,track_1320859,artist_487143,0.025973234438945482,0.027310931405528042,-0.006811257063390782,1,1
1560,track_1320954,artist_466436,-0.012482731621182496,0.03972241373096825,-0.0002275361404866782,2,-1
1561,track_1321150,artist_487707,-0.018747034666654127,-0.012053271724923091,0.0022177021941178973,2,-1
1562,track_1321257,artist_466436,0.011741680531394667,-0.025402841802116487,-0.01072789738731759,1,1
1563,track_1321713,artist_487628,0.04664558359908203,0.01013617442204701,0.01924877724974855,1,1
1564,track_1321726,artist_487628,0.038251775923608386,0.0020484868609920853,0.01740627170066123,1,1
1565,track_1321738,artist_487628,0.0561826264108122,0.012441889607310196,0.008270739385307107,1,1
1566,track_1321742,artist_487628,0.03352011683566661,0.003266393141203315,0.0037868699451351706,1,1
1567,track_1321938,artist_002740,-0.019621874445031964,-0.010826003519189858,-0.00022315078459229123,2,-1
1568,track_1321942,artist_002740,0.002612571240194578,-0.006997122936841358,-0.002527701864189614,1,1
1569,track_1322479,artist_440794,-0.0058084409230956795,0.01273132774899462,-0.00017178795150667755,2,-1
1570,track_1323013,artist_363592,0.010676769613595634,0.035262743197737687,-0.005684652657502902,1,1
1571,track_1323126,artist_440794,0.0145755583217888,-0.020804473918622227,-0.009278936999873939,1,1
1572,track_1323259,artist_440794,0.010117862492319414,-0.03042752901795702,-0.015199234292558672,1,1
1573,track_1323313,artist_440794,0.01724460331782169,-0.02602183210089751,-0.012555262746445505,1,1
1574,track_1324673,artist_442477,-0.034373359884390615,-0.0018868245115796537,0.010334355631462884,2,-1
1575,track_1324679,artist_442477,-0.021095759876801595,-0.004255931921322337,0.0034061853777513683,2,-1
1576,track_1324750,artist_486550,-0.03315840198106453,0.0012015660205298949,0.012324398666231027,2,-1
1577,track_1324890,artist_366162,0.05737060513689715,-0.00980310507562394,0.013469008978848283,1,1
1578,track_1325338,artist_006916,-0.010369064370277393,0.008772495517119937,0.0015025283312629755,2,-1
1579,track_1326526,artist_460241,0.011387514939911327,-0.014484246949505574,-0.007637305933397702,1,1
1580,track_1326642,artist_466436,0.013110313224913224,0.0023660253518044887,0.004762884216621024,1,1
1581,track_1328159,artist_347734,-0.0031129244968897125,0.0170181091827916,-0.004608467649665255,2,-1
1582,track_1329359,artist_466600,-0.0009907792622849143,0.0017029594964052394,-0.007431310174789368,2,-1
1583,track_1329450,artist_372323,-0.005185047000405963,-0.005483481393467709,-0.007028983028748116,2,-1
1584,track_1329490,artist_460032,-0.007574958281010789,0.030346828360527232,0.0005042345225039104,2,-1
1585,track_1329913,artist_475635,0.018464277859469545,0.002924355000777478,0.0010704958212464023,1,1
1586,track_1329938,artist_461418,-0.029782047624004535,-0.010173930423185346,0.006452166183709527,2,-1
1587,track_1329942,artist_461418,-0.0007399728901766539,0.0025690210994958737,-0.008770751209644847,2,-1
1588,track_1329973,artist_336426,0.024774080670782676,0.0027884358263395546,0.012834407628111206,1,1
1589,track_1330054,artist_455057,0.001511607747023352,0.014480556147643835,-0.0022738309198204855,1,1
1590,track_1330157,artist_487582,0.002378974386636485,0.006268633571188533,0.003505402273284478,1,1
1591,track_1330650,artist_477775,0.014933886065520562,0.004377357260522004,-0.0057188277482205585,1,1
1592,track_1330890,artist_348759,-0.026834755712452186,-0.001844420527688278,0.0021842984847319996,2,-1
1593,track_1331557,artist_006845,0.02298364055829278,0.014708892430196442,-0.007567890319473136,1,1
1594,track_1331565,artist_006845,0.004837978001198064,-0.025530471092664656,-0.011540178555473088,1,1
1595,track_1331579,artist_006845,-0.008508390360976791,0.035373406526188145,0.00278713872694622,2,-1
1596,track_1333038,artist_351588,-0.015513901451241202,0.0068646625922375495,-0.0026187918397404513,2,-1
1597,track_1333579,artist_431744,0.01883894134128493,0.02371005570753779,-0.0021729902973947742,1,1
1598,track_1333638,artist_466600,-0.05527168536552582,-0.024661834400759596,0.02342353268370993,2,-1
1599,track_1333726,artist_471813,-0.004444986706268838,0.04528805392243206,-0.009236116450044926,2,-1
1600,track_1334554,artist_487628,0.04879273179547382,0.007022842029633442,0.015078461862234403,1,1
1601,track_1334557,artist_487628,0.036075157266845466,0.007956845785558438,-0.0014415645701030726,1,1
1602,track_1334738,artist_372323,-0.022149309953244847,-0.006291916692789075,0.005862052417446408,2,-1
1603,track_1334742,artist_372323,-0.03628993786084844,-0.011997700933776848,0.012684215849324462,2,-1
1604,track_1335113,artist_488990,0.02092412164168006,-0.0025249389986845825,0.00019582595791101264,1,1
1605,track_1335150,artist_488990,0.026299481176992497,-0.01905643588287628,-0.009757589042339887,1,1
1606,track_1335154,artist_488990,0.023749606809606156,-0.006543234415375799,0.0014237170571862097,1,1
1607,track_1335359,artist_466600,-0.07630436639207049,-0.03484411741290994,0.03217538192270272,2,-1
1608,track_1335473,artist_488943,0.023773843141776108,0.0014706408761458293,0.018896348559124858,1,1
1609,track_1335979,artist_483163,-0.003004411756081042,-0.012048074856624222,-0.004547718698881579,2,-1
1610,track_1336126,artist_437980,-0.007983513476015953,0.01955169730491606,0.001300442647090895,2,-1
1611,track_1336213,artist_000560,-0.03450593809635546,-0.01814432600315384,0.0014257034871945618,2,-1
1612,track_1337865,artist_375935,-0.03527416814338133,-0.018473621324772333,0.011608968392691637,2,-1
1613,track_1338342,artist_340542,-0.01675681215161719,0.0005042924643624946,0.004734904146320649,2,-1
1614,track_1339250,artist_365072,0.007821401969054436,-0.013514800743919732,-0.00815933943645606,1,1
1615,track_1339326,artist_466600,-0.0218892953697033,-0.006157407440179687,0.005167189706343074,2,-1
1616,track_1339442,artist_365072,-0.0059718195849850254,-0.020017590739530307,-0.007950846221822173,2,-1
1617,track_1339873,artist_489296,0.021239828324716256,0.01558396971536732,-0.0030384018009318985,1,1
1618,track_1340190,artist_487711,0.00944320934055787,0.028289763883837696,-0.0010087213566812466,1,1
1619,track_1340257,artist_337293,0.0030653548943615203,0.017170729056628857,-0.00045648448404727346,1,1
1620,track_1340259,artist_337293,0.0012438905189576296,-0.019372414221780376,-0.009837410052162866,1,1
1621,track_1340338,artist_481897,0.021181711443681743,-0.0036105855763120544,-0.005804881375825545,1,1
1622,track_1340342,artist_481897,0.009416565869664526,0.006848782856298127,0.0010851334650790081,1,1
1623,track_1341457,artist_368142,0.003428338092036858,-0.0028334818584799175,0.0029570576878658124,1,1
1624,track_1341459,artist_368142,0.01155893591587866,-0.010713892459028563,-0.012302971412738749,1,1
1625,track_1341473,artist_489349,0.011837782821204311,-0.01786222493467626,-0.016665089617612407,1,1
1626,track_1341573,artist_437980,0.017682408465066145,0.00127893519440001,0.00045255090367724596,1,1
1627,track_1342150,artist_430126,0.012084373441932693,0.005879509970781556,-0.006153150789852946,1,1
1628,track_1342757,artist_488976,0.010352755489814309,0.004712830597638317,-0.005520276387581855,1,1
1629,track_1342913,artist_372323,-0.028832191849679632,-0.012342863226402406,0.006410532583911442,2,-1
1630,track_1343013,artist_464757,0.016224115497290796,0.006010249891707619,0.0011474628785928971,1,1
1631,track_1343113,artist_466600,-0.08321281400069898,-0.035862356511103186,0.034712089174961415,2,-1
1632,track_1343438,artist_470592,0.045632753956328494,0.0011001078855666891,0.016333771047910898,1,1
1633,track_1343442,artist_488843,-0.02066849081652101,-0.008360697201599853,0.0047205053875543175,2,-1
1634,track_1344326,artist_465566,-0.010567287272154342,0.011238338531495706,-0.0019244696741604556,2,-1
1635,track_1344442,artist_483387,0.009228147553397209,-0.02003676692888943,-0.015267505016326486,1,1
1636,track_1345579,artist_477775,0.01870892193867745,0.01000182136834951,0.003965073891973472,1,1
1637,track_1346157,artist_490131,0.04635985386045405,0.0030987805214245656,0.03013981574706012,1,1
1638,track_1346159,artist_490131,0.03369871831145779,0.005891372471691702,0.0016824562464247872,1,1
1639,track_1346165,artist_490131,0.032504070095952624,0.025054877509881283,0.002480525860830141,1,1
1640,track_1346173,artist_490131,0.03267376319143617,0.02518448459052638,0.002493284294962338,1,1
1641,track_1346179,artist_490131,0.044261620205346325,0.033659574324593586,0.0033045940285705644,1,1
1642,track_1346190,artist_488843,-0.025069323761420462,-0.019572128178992912,0.004112572819185108,2,-1
1643,track_1346565,artist_448542,-0.0025167342135159194,0.018298022418593705,0.0005141251582250006,2,-1
1644,track_1346673,artist_448542,0.0017664025403142656,0.01315760755210386,-0.0031488208746397535,1,1
1645,track_1347850,artist_490314,-0.02951841972825325,0.012907742632864481,0.009423282038251733,2,-1
1646,track_1347950,artist_490314,-0.003905818449652348,0.000826844347777817,0.0041741215447093985,2,-1
1647,track_1347954,artist_490314,0.015215220818986627,-0.007588841179668372,-0.0036403118357202363,1,1
1648,track_1348038,artist_490314,-0.005950993058236996,0.031123064304643195,-0.00028436873430453516,2,-1
1649,track_1348065,artist_438966,0.022876076156727303,0.014943256647149324,-0.0038920328019180724,1,1
1650,track_1348079,artist_490314,0.014536597605287664,-0.007917274171527097,-0.00034044844334796086,1,1
1651,track_1348113,artist_490314,-0.053944403573738454,0.0035862159265222055,0.019761360605881215,2,-1
1652,track_1348126,artist_431108,-0.051845235422650585,0.0023963243938202464,0.015986026135086998,2,-1
1653,track_1348173,artist_423996,0.010572881670748066,-0.010131636511300265,-0.0065171794612017,1,1
1654,track_1348250,artist_466600,-0.03901792656229218,0.007039722963932094,0.014808959302962624,2,-1
1655,track_1348659,artist_435992,0.019438403546258167,-0.005249555990701429,-6.81229100984163e-05,1,1
1656,track_1348665,artist_435992,0.012223512795972244,-0.01334323573451786,-0.006581983098914007,1,1
1657,track_1348757,artist_490314,-0.0038808358276433653,-0.006627188978861585,-0.003852495570293826,2,-1
1658,track_1349079,artist_001336,0.01899114134289903,0.0032061240753613893,0.00026766743533359504,1,1
1659,track_1349150,artist_001336,-0.015125266739720266,0.00034911002468455846,0.004550914204925047,2,-1
1660,track_1349159,artist_001336,0.0014275072055426792,0.006090067040531391,-0.0016697320409946282,1,1
1661,track_1349673,artist_490560,0.006199000127888191,-0.014311265894933967,-0.009271205759073494,1,1
1662,track_1349679,artist_490560,-0.01592639626988087,-0.01753441898024009,-0.0012699305742401375,2,-1
1663,track_1349690,artist_490314,-0.03412208807196983,0.0009629705912205913,0.012545585759477977,2,-1
1664,track_1349954,artist_490314,-0.013275859718116378,0.022275000964962093,0.002568617844007236,2,-1
1665,track_1350142,artist_490314,0.005121448554723563,0.015085282964987352,-4.809899010243048e-05,1,1
1666,track_1350826,artist_490314,-0.03786846154579789,0.003212393867444095,0.013343652007787712,2,-1
1667,track_1350950,artist_490314,0.012206430804168417,-0.008411960506729946,-0.0029873802882995665,1,1
1668,track_1350954,artist_490314,-0.0007589149807670968,0.00032819061132271707,-0.003024612096028935,2,-1
1669,track_1350957,artist_490314,-0.006935741003551171,0.0206931862162377,0.001721081525303393,2,-1
1670,track_1350990,artist_490314,0.004885365826995414,0.014396135623713446,-4.591395086416464e-05,1,1
1671,track_1351054,artist_490314,0.0004226947319390454,0.00283952068846117,-0.0025573711248197584,1,1
1672,track_1351057,artist_490314,0.020278934281454185,-0.010503041024268892,-0.0004701510999812948,1,1
1673,track_1351059,artist_490314,0.020210308919133196,-0.011442257658234036,-0.00046808289265768045,1,1
1674,track_1352138,artist_490314,0.01573015075688165,-0.015687673692472676,-0.008709443062168913,1,1
1675,track_1352150,artist_490314,0.018055240255302175,-0.010180122320234073,-0.0030587453360199756,1,1
1676,track_1352165,artist_419285,-0.02873628952704022,0.021123376948233328,0.008487708836879165,2,-1
1677,track_1352250,artist_471813,-0.0007296255892390198,0.004116741795152741,-0.001179954199474837,2,-1
1678,track_1352579,artist_490314,0.0002638451276981913,0.0008766359434549383,-0.0031300076994819257,1,1
1679,track_1352850,artist_490806,-0.02616159338029024,-0.016913130280703403,0.007468327985909083,2,-1
1680,track_1352965,artist_462377,0.012356953381569877,-0.01159228658566814,-0.0061689315124156905,1,1
1681,track_1353213,artist_490851,0.0334272133106966,0.0033770888168681273,0.01760577898353522,1,1
1682,track_1353226,artist_490851,0.024593898025793995,-0.0028256215476725544,0.008707050168587886,1,1
1683,track_1353242,artist_490858,-0.0030557080270690873,-0.0005574939355187154,-0.002123900342053433,2,-1
1684,track_1353250,artist_490858,0.025073035971400946,-0.0011503187990510924,0.0013550299690726396,1,1
1685,track_1353259,artist_490858,0.05090749581262005,-0.0006158434538085091,0.005392139475356196,1,1
1686,track_1353265,artist_490858,0.02789666638190055,-0.006360296755084238,0.003114082678963907,1,1
1687,track_1353273,artist_490858,0.03800206108841221,-0.00508523986336014,0.000411967990512204,1,1
1688,track_1353279,artist_490858,0.03043071997301341,0.007791323623075759,0.005928090853072577,1,1
1689,track_1353290,artist_490858,0.02301195978297893,0.004997014634685037,0.0048516681443023174,1,1
1690,track_1353313,artist_490859,0.0712617645522928,0.02029115616809216,0.020113636197125702,1,1
1691,track_1353326,artist_490859,0.045146463238249966,0.009670645698077041,0.027241603214219298,1,1
1692,track_1353338,artist_490859,0.02726623672251605,0.0019489151183630067,0.0003284656055388744,1,1
1693,track_1353342,artist_490858,-0.004191119455792788,0.03051665814054176,-0.0002017828443749898,2,-1
1694,track_1353350,artist_490858,0.033763695447082735,-0.00289041496182988,0.012162609238700363,1,1
1695,track_1353354,artist_490858,0.04508439947974137,0.002884068815558339,0.013397862951226636,1,1
1696,track_1353357,artist_490860,0.04470769899657238,0.0020571649545615155,0.03613840720341196,1,1
1697,track_1353359,artist_490860,0.01904306578791965,0.004559424206896612,0.004780870881944921,1,1
1698,track_1353365,artist_490860,0.016215771380400985,0.0032255587668781676,0.012335884840400968,1,1
1699,track_1353373,artist_490860,0.03425660074055595,-0.004971978324669582,-3.0225666406038856e-06,1,1
1700,track_1353459,artist_490314,-0.0072948976849541575,-0.0020578804031081087,0.0014658118144322914,2,-1
1701,track_1353542,artist_490314,-0.01814600883297571,0.008997109410415116,0.005189602883095711,2,-1
1702,track_1353557,artist_490314,-0.02620053241697195,-0.004453803957762149,0.010513669381404401,2,-1
1703,track_1353559,artist_490314,-0.026141238737586107,-0.0044441398245655935,0.010491460757389395,2,-1
1704,track_1353765,artist_490314,0.004623493999271,-0.0029881579376588355,5.7664893662102844e-05,1,1
1705,track_1353779,artist_490314,-0.005757375280517961,0.0035711819916550737,-0.00022721096055613397,2,-1
1706,track_1354113,artist_485239,-0.003874145261819451,-0.017317688836790458,-0.008920817368337065,2,-1
1707,track_1354126,artist_490945,-0.003376289893165389,-0.03255766147480232,-0.011707318246750323,2,-1
1708,track_1354142,artist_490314,0.01910934213989406,-0.014636561869658964,-0.013636141011694252,1,1
1709,track_1354150,artist_490314,-0.000883488641975258,-0.01174627394823204,-0.005255339619110635,2,-1
1710,track_1354273,artist_462377,0.017984752812695383,0.011849995155338421,0.00017624990836699503,1,1
1711,track_1354442,artist_490314,0.016614432274564966,-0.018627774749385956,-0.008274451653123694,1,1
1712,track_1354579,artist_490314,-0.0011373699692669526,-0.009777124774506787,-0.0052207154153723215,2,-1
1713,track_1354590,artist_490314,0.0075105859634730324,0.00994491628270315,-3.794091384801623e-05,1,1
1714,track_1354954,artist_485239,-0.007697248557250073,-0.01680224599825885,-0.007431301431762609,2,-1
1715,track_1354957,artist_485239,0.011822227919632475,0.0016043148494762007,0.0025877893317681833,1,1
1716,track_1354959,artist_485239,0.01529991355726207,-2.5821604251958844e-06,0.0008480019008485971,1,1
1717,track_1355050,artist_358739,0.0064360820254271605,0.016553140606601676,-0.004407837774837997,1,1
1718,track_1355265,artist_488990,0.022169023014458764,-0.0020885219219683436,-0.005911514458001959,1,1
1719,track_1355273,artist_488990,0.008161275704846172,-0.028404611649222034,-0.011076638591653433,1,1
1720,track_1355557,artist_484797,0.005003430963451968,0.01613284537777311,-0.004353858889755001,1,1
1721,track_1355559,artist_484797,0.005934945456321093,0.028196116864302217,-0.007618118129289794,1,1
1722,track_1356313,artist_467034,0.0005657184964578311,0.0069172255272884195,-0.010843445370087586,1,1
1723,track_1357550,artist_003944,-0.01932911579283214,-0.018147293083579187,-6.8914283142603404e-06,2,-1
1724,track_1357557,artist_491348,0.015830233568123218,-0.02074183804968446,-0.019189307336479715,1,1
1725,track_1358038,artist_364032,-0.020825979070314124,0.0014463000284639573,0.007171448777872972,2,-1
1726,track_1359338,artist_477775,0.004264991468897996,0.011928069690717264,-0.006835297426494782,1,1
1727,track_1359342,artist_477775,0.009372544210792363,0.002997169429876179,-0.005759514852629881,1,1
1728,track_1359954,artist_348759,0.007787659644802541,-0.033341304706611834,-0.016181168511484864,1,1
1729,track_1359959,artist_348759,-0.02319344088923248,-0.0007104280397207588,0.004420245638142472,2,-1
1730,track_1360554,artist_483163,0.01733816220521306,-0.006483578291535517,0.001986140764261657,1,1
1731,track_1360557,artist_483163,0.012056448321450737,-0.021572871309271057,-0.013156542069841884,1,1
1732,track_1360559,artist_483163,0.008840212487451952,0.024426090320250796,-0.0017165413841679243,1,1
1733,track_1361379,artist_480599,-0.020840208752581982,0.004025474970893889,0.017337534161908204,2,-1
1734,track_1361538,artist_441650,0.03413693462965319,0.014236320613394382,0.005887999200834166,1,1
1735,track_1362213,artist_465078,0.005579439374462398,0.009312612373465447,-0.004102862520520958,1,1
1736,track_1363650,artist_448664,-0.0003075325973220803,-0.007482299822537091,-0.013612963463074284,2,-1
1737,track_1364457,artist_474866,0.01516969912081217,-0.005834680234160229,0.0005515384283488906,1,1
1738,track_1364465,artist_474866,0.011130991150240471,-0.009136653064943647,-0.0018551659800946205,1,1
1739,track_1365050,artist_492122,-0.0015463080267602608,-0.010507476206797615,-0.0062181952040536075,2,-1
1740,track_1365054,artist_492122,-0.00296176842027658,-0.009351045164127889,-0.004638788065589735,2,-1
1741,track_1365079,artist_492122,0.0008773211373245178,-0.006461571251409964,-0.004348091416382453,1,1
1742,track_1365126,artist_461766,-0.019703953580911527,0.0675961070732737,-0.00196283332482188,2,-1
1743,track_1365365,artist_339778,0.01047741133013789,-0.010209682803303569,-0.008179935645253437,1,1
1744,track_1366142,artist_492259,-0.008744528122847817,0.023758278042457708,0.0016028979918567643,2,-1
1745,track_1366150,artist_492259,0.0052144500439886485,0.015513009249107788,-0.0028985774187202445,1,1
1746,track_1366154,artist_492259,-0.005390276622926401,-0.007791879475711742,0.00024364084209160756,2,-1
1747,track_1366157,artist_492259,0.021634203155544953,-0.02310040474217729,-0.0008579704625096865,1,1
1748,track_1366173,artist_492259,0.0017135951767851564,-0.0022427563934697835,0.0012862740230275547,1,1
1749,track_1366342,artist_492255,-0.0036965219028690316,0.011519331732320559,-0.007169431889122053,2,-1
1750,track_1367173,artist_002208,0.022200717510801413,0.013013525683078337,-0.0013835420673087625,1,1
1751,track_1368942,artist_480599,-0.02836069386278085,-0.0007274421381265936,0.009083204750949333,2,-1
1752,track_1368954,artist_480599,-0.02493144958077007,0.015023669644944566,0.007397671627696633,2,-1
1753,track_1368979,artist_489561,-0.027855701940553684,0.006242173224080303,0.011895526757447,2,-1
1754,track_1369350,artist_456650,0.001324222815094474,0.00601193271431246,-0.009125665401637726,1,1
1755,track_1370142,artist_427606,-0.03133512876783267,0.01848538069115197,0.008781221485272547,2,-1
1756,track_1370350,artist_490028,0.025605584366878372,0.002321340548868771,0.008875563995534574,1,1
1757,track_1370354,artist_490028,0.0015592010925176538,-0.0008517952786303543,-0.009149016923358422,1,1
1758,track_1370357,artist_490028,0.019122819815423273,0.00043304243717413686,0.006427601303585393,1,1
1759,track_1370379,artist_490028,-0.04374996739544595,0.012507360008764063,0.015871993453348353,2,-1
1760,track_1370390,artist_490028,0.011854172750781699,-0.01181569833492814,-0.006365796682673929,1,1
1761,track_1370473,artist_003944,-0.03233153154743926,-0.023902850007951934,0.0030548048813263872,2,-1
1762,track_1370479,artist_003944,-0.02764876799284851,-0.016188204857813505,0.003902584637642582,2,-1
1763,track_1370673,artist_477499,-0.0018104915156744925,0.005591525738337058,0.002534729126158826,2,-1
1764,track_1370842,artist_488716,0.016693909564752193,-0.03353490584667391,-0.019930292971955366,1,1
1765,track_1371054,artist_492818,-0.020627440579402904,0.029225998710950933,0.0037609855296029202,2,-1
1766,track_1371057,artist_492818,-0.025785519208555485,-0.02256752146023667,0.007066968606568991,2,-1
1768,track_1371779,artist_351898,0.00643789109110232,-0.0005126564899241269,-0.0051871941058767475,1,1
1769,track_1371813,artist_362501,0.028902365231750108,0.007842467605522341,0.003901078878261953,1,1
1770,track_1372065,artist_492919,0.029472354851515094,0.04102943343314622,-0.00044830255397375373,1,1
1771,track_1372079,artist_492919,0.001269230505582239,-0.0027432935372443063,0.0015745790049584965,1,1
1772,track_1372190,artist_492925,0.015483150785296431,-0.018798893279312022,-0.00903323197808449,1,1
1773,track_1372265,artist_428449,0.001045166331779085,-0.009675133472647314,-0.007799418771557347,1,1
1774,track_1372873,artist_492989,-0.012560109576704278,-0.01112766957658591,0.000329760664563079,2,-1
1775,track_1373042,artist_441585,0.02584502345462164,-0.00036570204037836594,0.01340101619065491,1,1
1776,track_1373254,artist_451073,0.059779802858580526,0.009017124357598952,0.3237487673605688,1,1
1777,track_1373257,artist_451073,0.013460543020460921,-0.025165307895096013,-0.017237461822484857,1,1
1778,track_1373259,artist_451073,-0.0045114445876739155,0.006254642365615371,-0.0014704759737391834,2,-1
1779,track_1373265,artist_451073,0.02468180660352107,0.0002173094188588715,0.008401036571245189,1,1
1780,track_1375490,artist_486064,0.01335941444921587,-0.017080062829723026,-0.004640978170891441,1,1
1781,track_1376257,artist_490499,0.01907690038273629,-0.005195077742798026,0.0024144701953981397,1,1
1782,track_1376259,artist_490499,0.023502262462426014,-0.029630931625614934,-0.014999785745332441,1,1
1783,track_1376457,artist_480890,0.021362726220762546,0.018313773745752063,-0.002902531243090606,1,1
1784,track_1376550,artist_000560,-0.0038085753460615586,-0.016563869293944867,-0.005778700415188287,2,-1
1785,track_1376554,artist_000560,-0.015535700045173167,0.042390041422922235,-0.0007330036921329376,2,-1
1786,track_1376557,artist_000560,-0.01409820014502204,-0.0003666780495004383,0.0003025539758435609,2,-1
1787,track_1376559,artist_000560,0.012797167693510228,-0.014036563738962358,-0.011323799427580402,1,1
1788,track_1378690,artist_486550,0.012426417934941734,-0.016674468383775287,-0.009853004273314123,1,1
1789,track_1379179,artist_471813,0.011261025877956328,0.013930168056304766,-0.007411519633400334,1,1
1790,track_1379190,artist_489561,0.02204847934046255,0.002601669376463681,0.0030214006964919982,1,1
1791,track_1379226,artist_473030,0.026659518639684927,-0.003742525069645239,0.00014520011871025536,1,1
1792,track_1380979,artist_475732,0.058641559387715675,0.04262983249793798,0.004065978229419895,1,1
1793,track_1381079,artist_433608,0.026983457040013065,0.0066675755724923975,-0.0020428698298560082,1,1
1794,track_1381254,artist_375104,0.007118661149644266,0.013959183554838222,-0.0005930289838575311,1,1
1795,track_1381313,artist_489220,0.013796873883920884,-0.015771286623418413,-0.010961003063726132,1,1
1796,track_1381342,artist_367651,0.0032338534216270016,-0.0053555423847953445,-0.006677454065553235,1,1
1797,track_1381526,artist_486550,0.005356847109745245,-0.012984536367326232,-0.008381133281719815,1,1
1798,track_1381550,artist_486550,0.024297148281392237,-0.007207197911645982,0.0009294539637468226,1,1
1799,track_1381590,artist_347867,-0.008194818455368366,0.0249701133354579,0.0013897004868513728,2,-1
1800,track_1381650,artist_493718,-0.005017104580789916,0.0003525073524000847,0.0017605911783531406,2,-1
1801,track_1382265,artist_489561,0.005183724363326794,0.016401833952240086,-0.0031462992428849374,1,1
1802,track_1383638,artist_483387,0.0017020166051836506,-0.002522798147442638,-0.003434535103687901,1,1
1803,track_1383742,artist_493908,0.018214529766664943,0.0037734058561541706,0.006562258137893103,1,1
1804,track_1383926,artist_477775,0.04127326802890372,0.01196943586879202,0.013915025811732118,1,1
1805,track_1383957,artist_430126,0.014043866086492619,0.0009977160366638018,0.0029409297719015237,1,1
1806,track_1384026,artist_489627,0.022222804221203634,0.004426249030816963,0.007192382548635872,1,1
1807,track_1384554,artist_494034,0.000834205682872742,0.024744794503521,-0.002477622283562462,1,1
1808,track_1384557,artist_494034,0.0025705646613676265,-0.016737862793380912,-0.0030244118658408797,1,1
1809,track_1384559,artist_494034,-0.0002055969565852927,0.00043216777894733606,-0.003130368580185151,2,-1
1810,track_1384690,artist_493899,0.054465507931192404,0.006209226679934961,0.01545655991512285,1,1
1811,track_1384754,artist_482706,0.03705841122643567,0.0013014687200915418,0.019635521330287047,1,1
1812,track_1385554,artist_430396,-0.007150834276487019,-0.015645081730385434,-0.005063593854829028,2,-1
1813,track_1385557,artist_430396,0.019819468672641012,0.005217301331099864,-0.012098963875825604,1,1
1814,track_1385579,artist_430396,-0.020907207264225864,0.0652790029757146,-0.0027431073146261978,2,-1
1815,track_1386438,artist_494174,-0.014074149404028681,0.016689438747675936,0.0018987449439610777,2,-1
1816,track_1386750,artist_456894,0.016466212185043266,-0.02253563212824945,-0.013153377104817473,1,1
1817,track_1387059,artist_492062,-0.014785553454549011,-0.00809999353635905,0.0003840141515131136,2,-1
1818,track_1387073,artist_492062,-0.02377530615676757,-0.00358984577397584,0.006920952597681364,2,-1
1819,track_1387373,artist_477775,0.007243943851222862,-0.01831681687758595,-0.013421467227808988,1,1
1820,track_1387379,artist_477775,0.023592596581354083,0.019906962244284218,-0.0015411181106372547,1,1
1821,track_1387457,artist_487711,0.0011024997333019548,-0.010296371081490901,-0.00790783799184389,1,1
1822,track_1387459,artist_487711,0.009177777688215275,0.008147178326361493,-0.0027744026972795293,1,1
1823,track_1387550,artist_466600,-0.04151015542379113,-0.021501408489387332,0.015803266551726168,2,-1
1824,track_1387750,artist_347867,0.010541985038499336,-0.01496564799492496,-0.012123108218523781,1,1
1825,track_1387926,artist_494324,-0.03394248243502834,0.011028364463496941,0.012812198498552906,2,-1
1826,track_1388273,artist_438910,-0.01835901872874469,-0.005175695479088729,0.00436237384405764,2,-1
1827,track_1388279,artist_438910,-0.03404020219465703,-0.0016334474954293914,0.011193934198199662,2,-1
1828,track_1388813,artist_007805,0.009830251129387789,-0.012022736226480358,-0.006641199118258377,1,1
1829,track_1388859,artist_007805,-0.005126351717234335,-0.013443588295952845,-0.009683928699490956,2,-1
1830,track_1388865,artist_007805,-0.015447886390089875,0.013151015243063353,-0.005659089108963588,2,-1
1831,track_1388879,artist_007805,-0.0024344443832585933,0.002201071868209574,-0.013153757052954154,2,-1
1832,track_1389150,artist_466600,-0.0036647511025720246,-0.009128783644543132,-0.008213517873653505,2,-1
1833,track_1389159,artist_462377,0.004491131390144338,0.0032804876475524495,-0.007299908250557449,1,1
1834,track_1389190,artist_347673,-0.011106656084152474,0.0051357942094769305,-0.0027568580646851514,2,-1
1835,track_1389413,artist_438910,-0.032228113206361916,-0.005896858699321519,0.008216523228081127,2,-1
1836,track_1389457,artist_361044,-0.01640887163444188,0.0013721040843806486,0.0017860612951413996,2,-1
1837,track_1389459,artist_361044,-0.014576022986693315,0.0037057262515724026,0.0011397157402921942,2,-1
1838,track_1389857,artist_347867,-0.03850202189439544,0.01082739144825106,0.012198812672321853,2,-1
1839,track_1390338,artist_347867,-0.0016565162611865494,0.008912047043276155,-0.01129961677811898,2,-1
1840,track_1390454,artist_349335,0.021954211032275454,-0.00611711891661805,0.0036568748290022757,1,1
1841,track_1390465,artist_349335,-0.022910661939013564,0.0003001411598137989,0.004791614282616732,2,-1
1842,track_1390673,artist_438910,-0.004122231185773445,0.016892941832059964,0.000744541472888738,2,-1
1843,track_1391226,artist_490028,0.009660693664514358,0.01108845789052891,-0.0007287626310534157,1,1
1844,track_1391238,artist_490028,-0.02606150301534664,0.002086125686095975,0.009655941476703222,2,-1
1845,track_1391254,artist_355756,-0.024531423494558783,-3.2488536226810166e-05,0.008531536366775274,2,-1
1846,track_1391259,artist_355756,-0.023191315375230268,-0.009299819496051841,0.00727920438014531,2,-1
1847,track_1391265,artist_355756,-0.03601790049918657,-0.008904471019327169,0.012837438603181938,2,-1
1848,track_1391338,artist_486550,-0.018023510564360214,-0.007718875450091883,0.004936176538076944,2,-1
1849,track_1391342,artist_486550,-0.014835312225395731,0.019048225059212016,0.0036468967041704643,2,-1
1850,track_1392190,artist_433117,0.011716673898299676,-0.008408403701550415,-0.0024774017191145823,1,1
1851,track_1392690,artist_355756,-0.003731009262650794,-0.009223511679161928,-0.005108286697861139,2,-1
1852,track_1392850,artist_355756,-0.019127108393498984,-0.0010627412251480134,0.0021331633933469787,2,-1
1853,track_1392854,artist_355756,-0.012323604642642571,-0.0037413758302015624,0.0008789821135636757,2,-1
1854,track_1393142,artist_456894,-0.014164623451569467,0.005879720005834477,-0.0031756470752657483,2,-1
1855,track_1393190,artist_483387,0.022167408025700604,0.018885989262081977,-0.00015916374531000036,1,1
1856,track_1393213,artist_483387,-0.007796590282099832,-0.015197865565084788,-0.004829867639557943,2,-1
1857,track_1393342,artist_355756,0.012874942950114788,0.0048666618113597975,0.005362608567666383,1,1
1858,track_1393426,artist_355756,0.010365215298615515,0.014655034110091926,-0.00461806938056631,1,1
1859,track_1393526,artist_375104,-0.0004823929415541149,-0.01612248553939775,-0.006442940602912707,2,-1
1860,track_1394326,artist_486606,-0.005209067168503935,0.017171546240010434,-0.0007370328069687447,2,-1
1861,track_1394790,artist_491763,0.007840947515167502,0.00965505040512817,-0.011868005934625312,1,1
1862,track_1395042,artist_464476,-0.005336152557744074,-0.006097744141415799,-0.0033742636794570906,2,-1
1863,track_1395059,artist_442600,0.025847936723566754,0.0022264952016889743,0.012906299932439807,1,1
1864,track_1395613,artist_337741,0.00044348273690347333,0.02071059503628608,9.672468600383123e-05,1,1
1865,track_1396090,artist_439289,0.010236627460432727,-0.01670059476258904,-0.01287335094585783,1,1
1866,track_1396257,artist_491533,0.03110552297791198,0.00704683589664812,0.0025304857281525,1,1
1867,track_1396473,artist_480605,-0.004219673228280208,0.009689673593741246,-0.00023632287849804782,2,-1
1868,track_1396673,artist_495239,0.003410842804339898,0.030752575766781316,-0.001733385158638318,1,1
1869,track_1396690,artist_462377,0.010208382179065716,-0.021664020907027234,-0.013779479635507384,1,1
1870,track_1396990,artist_002444,0.009101605167461517,-0.004491057988957557,-0.00427005718582908,1,1
1871,track_1397142,artist_439371,0.00309043622475067,-0.013431356718627942,-0.012342946128624525,1,1
1872,track_1397150,artist_439371,-0.008984181137711617,0.036083095026698854,8.437857134915256e-05,2,-1
1873,track_1397165,artist_495287,0.0006568702116930578,-0.01660831176729158,0.0007711723430758355,1,1
1874,track_1397365,artist_444361,-0.019828813054780677,0.002851685626201261,0.005711159057531063,2,-1
1875,track_1397742,artist_439371,0.006166547631416242,-0.012927835875644073,-0.008401625129809817,1,1
1876,track_1397854,artist_439371,0.021466690797044687,-0.0007348031411852872,0.010067354148450242,1,1
1877,track_1397859,artist_439371,0.011412351184505856,-0.010545692289300922,-0.006866760640698451,1,1
1878,track_1398150,artist_439371,-0.003710038418880409,0.03197375059684712,-0.0005583738496296221,2,-1
1879,track_1398154,artist_439371,-0.005799614947447543,0.019799643366546913,-0.0023754161447547533,2,-1
1880,track_1399013,artist_495449,-0.037851573212675176,-0.028330625805477242,0.0038618101022009554,2,-1
1881,track_1399290,artist_423996,-0.02548343798174843,-0.005750468215116889,0.006525371819684464,2,-1
1882,track_1399473,artist_419438,-0.006208972317302048,-0.008817903852104538,-0.00029405184029442907,2,-1
1883,track_1399526,artist_363557,-0.040588120320775,0.008075345228426943,0.06686365546683411,2,-1
1884,track_1399542,artist_363557,-0.04038546436977786,0.00803547970660305,0.06653589419778316,2,-1
1885,track_1399626,artist_004116,0.03904288425230275,-0.016161692460194665,-0.0038335273379187028,1,1
1886,track_1399654,artist_004116,-0.03482766841566127,-0.008544798140905063,0.011682991473779603,2,-1
1887,track_1399790,artist_483253,-0.038384397870370214,-0.018786092996116856,0.011034449830205486,2,-1
1888,track_1399850,artist_495287,-0.05331402139365109,0.034533814861181254,0.01607987519882293,2,-1
1889,track_1400065,artist_416786,0.012579307709538749,-0.000741849484932428,0.0021212207847161883,1,1
1890,track_1400150,artist_471813,0.011291659562280804,0.015355330492043684,0.0006431260273237254,1,1
1891,track_1400154,artist_471813,-0.011694396805765218,0.027486599943048962,0.0013915300587441172,2,-1
1892,track_1400157,artist_471813,0.008218701159808477,-0.02928310488080401,-0.01583941732777682,1,1
1893,track_1400913,artist_495449,-0.03282333465834508,-0.023111950174140916,0.0036275004253844296,2,-1
1894,track_1401013,artist_495620,-0.006843560112805094,-0.00776026860341062,-0.0013547746921442146,2,-1
1895,track_1401538,artist_466600,-0.040969985938471766,-0.010132448896612536,0.014605749046724572,2,-1
1896,track_1401590,artist_375104,0.004828193316855694,0.0031696706680093894,-0.002831920983765871,1,1
1897,track_1402090,artist_495484,0.009825704907283742,-0.0027055239827042986,-0.0003280632771768124,1,1
1898,track_1402273,artist_341912,-0.012462195721359138,-0.020962262035101598,-0.00011770913520042211,2,-1
1899,track_1402454,artist_341912,0.013614074886915468,-0.02006687426275326,-0.01232402078386787,1,1
1900,track_1402459,artist_341912,0.010897249098999372,-0.019498504397906007,-0.00947239946000381,1,1
1901,track_1402650,artist_432273,-0.00047169127451047755,-0.003705695399899448,-0.003121880405865645,2,-1
1902,track_1402654,artist_432273,-0.00544040351894638,0.01672805127431686,0.0010095625438383867,2,-1
1903,track_1402657,artist_432273,-0.009989634737034021,-0.000921731209052025,-0.0026295934832859134,2,-1
1904,track_1402857,artist_489133,0.01346315406382117,0.006117877641441618,0.0001689950641604051,1,1
1905,track_1402926,artist_355756,0.002583162152705035,-0.010378511438029382,-0.004975185788227341,1,1
1906,track_1403238,artist_430269,-0.005123905233752764,0.011201081049140704,-0.005206487518489211,2,-1
1907,track_1403257,artist_003944,0.01509483290206102,0.021865565406167003,-0.0014249286077810043,1,1
1908,track_1403854,artist_493357,-0.04062944789680397,-0.017355717155927257,0.009278377238723608,2,-1
1909,track_1403965,artist_001336,0.025342498385862597,0.0001982906129346365,0.012249915967328388,1,1
1910,track_1403973,artist_001336,0.018890118612110696,0.004263090817668528,0.0039773429138393965,1,1
1911,track_1404954,artist_495923,0.02448657421526943,-0.01876085744646321,-0.004033411622360366,1,1
1912,track_1404957,artist_495923,-0.017693630776782782,-0.009630706723201009,0.0038606972633509094,2,-1
1913,track_1405013,artist_430269,0.01987521389457603,0.006910178526973379,-0.002509803492823655,1,1
1914,track_1405073,artist_495804,0.017908228603610975,-0.02095175568803142,-0.010716307993529236,1,1
1915,track_1405357,artist_460992,0.014949943438535113,0.00710161483012546,9.432952660625312e-05,1,1
1916,track_1405365,artist_460992,-0.012644170496924591,0.049219252210584256,0.0025417900954434482,2,-1
1917,track_1405473,artist_495484,0.009970515713964085,-0.015847588927245904,-0.010218236818916883,1,1
1918,track_1406054,artist_483960,0.010709827602037909,-0.017056805120538667,-0.014236859805520672,1,1
1919,track_1406057,artist_483960,0.011236556108154558,-0.01927730894137768,-0.014946675661466988,1,1
1920,track_1406565,artist_496074,0.014626777372459418,-0.030451922334195768,-0.019673510376569777,1,1
1921,track_1406573,artist_496074,-0.0031424576796713023,0.02486431509365545,0.0005851017162063045,2,-1
1922,track_1406579,artist_496074,0.008850286855293349,-0.018756721119750214,-0.01227105702687418,1,1
1923,track_1407550,artist_469116,-0.026709260366729753,0.018717507305335404,0.007085063389880846,2,-1
1924,track_1407654,artist_469116,0.007864572210186733,-0.01147628186447878,-0.010573717509454928,1,1
1925,track_1407657,artist_469116,0.007965147099956443,-0.013705311821432814,-0.01232470163675276,1,1
1926,track_1407659,artist_469116,0.004817135880380215,-0.0063557218812016186,-0.007970112699439428,1,1
1927,track_1407838,artist_438603,0.021646760540759733,0.010559343392139259,-0.00984891889771409,1,1
1928,track_1408979,artist_486550,0.010502859177441608,-0.007234153991236051,-0.0027309862859584227,1,1
1929,track_1409342,artist_439371,0.0379352551570879,0.004167524230090361,-0.009565217311112517,1,1
1930,track_1409390,artist_362636,0.015660958663762554,0.009671718851900095,-0.004277767139551154,1,1
1931,track_1410638,artist_357291,-0.02559628451823121,0.0005002603088735904,0.006099914548711362,2,-1
1932,track_1410642,artist_357291,-0.025010243057080245,0.00033445586439744424,0.005872951604074209,2,-1
1933,track_1413465,artist_340225,0.012427554777437457,-0.012798502034391306,-0.008301140993211581,1,1
1934,track_1413879,artist_352097,0.019203256208158225,0.006153168253488953,0.006653571976082923,1,1
1935,track_1413890,artist_352097,0.020713032605391115,0.0031354066888977204,0.007428503000782383,1,1
1936,track_1413959,artist_496314,0.010673013567864629,-0.0177564746934298,-0.010513006807040676,1,1
1937,track_1414673,artist_004163,0.007335446610423941,-0.00963232038706245,-0.006073298669822257,1,1
1938,track_1414765,artist_488457,0.010232341336491315,-0.01951439171898947,-0.012921231970919945,1,1
1939,track_1415338,artist_492266,-0.005822929967854482,0.04163509694753196,-0.006404753188568072,2,-1
1940,track_1415342,artist_492266,-0.011426538127823105,0.0002643583739597414,-0.00037972621034822987,2,-1
1941,track_1415550,artist_495804,0.011522006130030555,-0.011693880237185554,-0.007023909143665459,1,1
1942,track_1415573,artist_495804,0.013491446688421557,-0.007678695234737902,-0.009252751122715848,1,1
1943,track_1415750,artist_003944,-0.02473014127981305,-0.0069902549725440605,0.005137371283254527,2,-1
1944,track_1415990,artist_000560,0.01778545484555956,0.0059979723484911585,0.00030737156820119066,1,1
1945,track_1416042,artist_496605,0.0019749047806806442,-0.0004881354858588401,-0.005083237576069605,1,1
1946,track_1416142,artist_486550,-0.01689770740468295,-0.014081061307075184,-0.00023875337601989084,2,-1
1947,track_1416190,artist_004116,0.009692112450518757,-0.013566515239401547,-0.007463752584975198,1,1
1948,track_1416890,artist_003944,-0.02926675731225857,0.013154000456735765,0.00992760336296755,2,-1
1949,track_1417338,artist_482355,-0.01912746831105261,-0.014997874354480429,0.005038953790846572,2,-1
1950,track_1417350,artist_482355,-0.02406094138334166,-0.03358665774616883,0.0039150063971655,2,-1
1951,track_1418765,artist_496074,0.003738612024194544,-0.006352274823038093,-0.008524890519803109,1,1
1952,track_1418979,artist_496314,0.03779176452704225,0.01731140594857924,0.008133004978811724,1,1
1953,track_1419226,artist_489745,-0.016773140650084936,0.002235311147212595,-0.003579768200551249,2,-1
1954,track_1419279,artist_343154,0.00788182520068941,-0.015352031471321506,-0.007021817593807794,1,1
1955,track_1419465,artist_457524,0.01267139959559354,0.007627380384138409,-0.0036989052766613346,1,1
1956,track_1419626,artist_351588,0.004358741590843706,-0.0038941349037624803,-0.0055158830989908755,1,1
1957,track_1419650,artist_496074,0.007979240873806808,-0.030517989691982564,-0.016480186132777682,1,1
1958,track_1419657,artist_454118,-0.004189079520088974,0.03346229716568499,-0.003728879633264835,2,-1
1959,track_1419659,artist_454118,-0.0027303398973490796,0.02174309441984967,-0.0003915391853289837,2,-1
1960,track_1419665,artist_496314,0.006335819907723304,-0.020452195815693616,-0.010039189887631967,1,1
1961,track_1419790,artist_497141,-0.008025127074847253,0.02564009635925185,-7.2100687988568e-05,2,-1
1962,track_1420242,artist_352232,0.030577896227593687,0.003012380666533469,0.00736512885695445,1,1
1963,track_1420413,artist_497198,0.02820461109651418,0.01307009899634507,0.005796468941080188,1,1
1964,track_1420426,artist_497198,0.08934362855611751,0.015136477288102256,0.0392911634341679,1,1
1965,track_1420438,artist_497198,0.035419870861014176,0.0011336876234740337,0.005365097331528565,1,1
1966,track_1420442,artist_497198,0.030064499161737743,0.0005651086401854241,0.007055005532920821,1,1
1967,track_1420450,artist_490851,0.024224126617884898,-0.017198883607052913,-0.003936586118499831,1,1
1968,track_1420454,artist_490851,0.024943856626543793,-0.002506576075515893,0.0035082594469478317,1,1
1969,track_1420457,artist_490851,0.02967590121456274,-0.011075463057923259,0.003001444703862936,1,1
1970,track_1420459,artist_490851,0.009384541961308597,-0.02123147844891576,-0.008262394491561513,1,1
1971,track_1420465,artist_490851,0.0382706040206806,-0.012262110985869254,0.007613734618202729,1,1
1972,track_1420473,artist_497198,0.03297620479111343,-0.0023393595029360986,0.012423260446985957,1,1
1973,track_1420479,artist_497198,0.03461504290609332,0.00213588030921478,0.008928214696502922,1,1
1974,track_1420513,artist_497200,0.06520755977940723,0.0017266686242614615,0.04839743432708647,1,1
1975,track_1420526,artist_497201,0.023719650058288758,0.0016223020963249265,0.002279081769161904,1,1
1976,track_1420538,artist_497202,0.026582867778967734,-0.006041494940045356,0.0018556469817409265,1,1
1977,track_1420542,artist_497202,0.022134939145906772,-0.0028492747292402755,0.0023912923248073153,1,1
1978,track_1420550,artist_497202,0.021595653253670664,-0.00999766559952862,-0.003215511149337272,1,1
1979,track_1420554,artist_497202,0.02773861154131709,-0.02261896707539405,-0.011971000353886539,1,1
1980,track_1420557,artist_497202,0.02431254130345944,-0.0287336233459447,-0.01477242008379977,1,1
1981,track_1420559,artist_497202,0.003137400723357047,-0.020841947229514116,-0.010296298990984994,1,1
1982,track_1420565,artist_497202,0.01900466219770449,-0.005157156322831238,0.0012116798030544131,1,1
1983,track_1420573,artist_497202,0.026131338651933487,-0.0107830214339304,0.00045559749748291366,1,1
1984,track_1420626,artist_497203,0.03474324287101238,-0.01781744174727537,-0.0026968693063823216,1,1
1985,track_1420638,artist_480599,-0.0166660988071595,-0.00478877908038319,0.0033270791599805463,2,-1
1986,track_1420642,artist_480599,-0.024996240802209913,-0.01849708589334717,0.0028618825213561814,2,-1
1987,track_1420650,artist_480599,-0.007026355568095738,-0.011059299967336327,-0.004399358593634668,2,-1
1988,track_1420654,artist_480599,-0.022016881229238817,-0.008465140417899853,0.0037620953033265037,2,-1
1989,track_1420657,artist_497203,0.014828797071150939,-0.02372156051807597,-0.018116220283772442,1,1
1990,track_1420665,artist_490858,0.02608728131468322,0.005030756252727577,0.0053281222411048195,1,1
1991,track_1420673,artist_490858,0.040583681037439485,0.008125197477158765,0.017457709106477138,1,1
1992,track_1420679,artist_490858,0.04030141739227776,0.000418569244957072,0.020978486289382123,1,1
1993,track_1420690,artist_490858,0.03637228628786264,-0.00588146351517182,-0.0007297266053745722,1,1
1994,track_1420850,artist_496074,-0.0013171473070276523,0.003565399351502848,-0.006048084891546227,2,-1
1995,track_1421165,artist_003573,0.014930407779252511,0.002571707575133254,-0.00034922715276428584,1,1
1996,track_1421350,artist_466600,-0.06514445992630818,-0.029735803581058883,0.027269602711857514,2,-1
1997,track_1422054,artist_496314,0.003345517742023426,-0.021356642159229614,-0.011862394054537111,1,1
1998,track_1422057,artist_496314,0.0031433164096458187,-0.023528668089784186,-0.011679799881644762,1,1
1999,track_1422059,artist_496314,0.007227435181663767,-0.023766748022476348,-0.013273973281420486,1,1
