global_node_index,track_id,artist_id,community_id,e5_domain_id,genres,mood_theme
0,track_0000950,artist_000087,13,1,chillout|easylistening|electronic|lounge|techno,background
1,track_0002165,artist_000326,7,1,chillout|fusion|soundtrack,film
2,track_0003350,artist_000517,8,1,pop,calm|melodic
3,track_0004638,artist_000087,3,2,ambient|chillout|easylistening,children
4,track_0005638,artist_000811,8,1,electronic|soundtrack,documentary|emotional|space
5,track_0005642,artist_000811,13,1,electronic|lounge|soundtrack,documentary|emotional|space
6,track_0006250,artist_000811,5,2,soundtrack,documentary|emotional
7,track_0006254,artist_000811,12,2,soundtrack,documentary|emotional|relaxing
8,track_0006257,artist_000811,12,1,soundtrack,documentary|emotional|relaxing
9,track_0006726,artist_000937,1,1,country|pop|popfolk,relaxing
10,track_0007359,artist_000937,13,2,easylistening|groove|lounge|pop,relaxing
11,track_0011750,artist_000696,3,2,blues|improvisation|jazz,cool
12,track_0011765,artist_000696,10,2,blues|improvisation|jazz,cool
13,track_0011773,artist_000696,14,1,blues|bossanova|improvisation|jazz,cool
14,track_0011842,artist_001780,1,2,classical|contemporary,calm|melodic|relaxing|soft
15,track_0013826,artist_002023,9,2,gothic|metal,dark
16,track_0014013,artist_002054,3,2,classical,relaxing
17,track_0014026,artist_002054,5,2,classical|instrumentalpop,relaxing
18,track_0015159,artist_002208,1,1,easylistening|electronic|soundtrack|triphop,ballad
19,track_0016038,artist_002323,11,1,electronic|hiphop,dark|dramatic|epic|powerful
20,track_0016659,artist_002455,13,1,alternative|indie|metal,epic|inspiring|powerful|uplifting
21,track_0016665,artist_002455,13,1,alternative|indie|metal,action|epic|inspiring|powerful|uplifting
22,track_0017490,artist_002449,6,2,jazz|jazzfusion,energetic
23,track_0019238,artist_002854,13,1,alternative|grunge|rock,melodic
24,track_0020538,artist_003039,7,1,alternative|easylistening|ethno|indie|pop|world,fun
25,track_0020742,artist_002656,1,1,easylistening|pop|poprock|soundtrack,adventure|nature
26,track_0021854,artist_002521,1,1,hard|metal|punkrock|rock,heavy
27,track_0021857,artist_002521,6,1,hard|metal|punkrock|rock,heavy
28,track_0021859,artist_002521,4,1,hard|metal|punkrock|rock,heavy
29,track_0023865,artist_003498,2,2,hard|hardrock|metal|rock,melodic
30,track_0024026,artist_003581,8,1,electronic|newage,dream
31,track_0024242,artist_001064,1,1,easylistening|electronic|pop|synthpop,adventure
32,track_0024842,artist_002534,12,2,classical|soundtrack,calm
33,track_0025226,artist_003786,10,2,classical|easylistening,drama|emotional
34,track_0025238,artist_003786,12,2,classical|newage,hopeful
35,track_0025250,artist_002740,3,2,classical|easylistening,film
36,track_0025254,artist_002740,1,1,easylistening|lounge,inspiring
37,track_0025273,artist_001885,6,2,alternativerock|indie|rock,funny|melodic
38,track_0025379,artist_002740,5,2,easylistening|orchestral,emotional
39,track_0029865,artist_002020,4,1,atmospheric|electronic,deep|mellow
40,track_0029873,artist_002020,14,1,atmospheric|electronic,deep|mellow
41,track_0029959,artist_004118,4,1,electronic|experimental|pop|rock|triphop,dark
42,track_0032538,artist_004180,5,2,easylistening|electronic|lounge,space
43,track_0033179,artist_000787,8,1,electronic|pop,melodic
44,track_0033326,artist_004658,14,1,drumnbass|easylistening|electronic,emotional
45,track_0033450,artist_004658,9,2,easylistening,emotional|relaxing
46,track_0033826,artist_004488,8,1,chanson|pop,children
47,track_0035173,artist_002208,8,1,electronic|newwave|triphop,ballad
48,track_0035750,artist_000939,5,2,ambient|easylistening,relaxing
49,track_0036657,artist_005117,13,1,alternative|indie,action|dramatic|emotional|epic|melancholic
50,track_0036713,artist_005126,2,1,ambient|electronic|techno|trance,dark
51,track_0038657,artist_005422,8,1,club|dance|easylistening|electronic,advertising
52,track_0040026,artist_005669,6,2,pop|rock,ballad|love|soft
53,track_0040157,artist_005634,1,1,,love
54,track_0040159,artist_005634,14,1,,love
55,track_0040638,artist_004729,3,2,newage|world,meditative|relaxing
56,track_0042765,artist_005935,4,1,ambient|electronic,space
57,track_0043038,artist_005385,1,1,alternative|ambient|electronic|experimental|industrial,dark
58,track_0043042,artist_005385,16,1,alternative|ambient|electronic|experimental|industrial,dark
59,track_0046190,artist_003687,10,2,ambient|easylistening|newage,relaxing
60,track_0046565,artist_002816,7,2,ambient|folk|psychedelic,meditative|relaxing
61,track_0047390,artist_005721,5,2,classical|orchestral|soundtrack,dream
62,track_0047457,artist_006573,2,1,alternative|ambient|experimental,ballad
63,track_0047459,artist_006573,3,2,alternative|electronic|experimental,ballad
64,track_0048165,artist_006741,13,1,pop,ballad|romantic
65,track_0048379,artist_005126,6,2,ambient|electronic|techno|trance,dark
66,track_0048726,artist_000696,3,2,ambient|jazz,relaxing
67,track_0048979,artist_005801,5,2,ambient|easylistening,meditative|relaxing|space
68,track_0049038,artist_006905,4,1,classical|orchestral|soundtrack,film|movie
69,track_0064073,artist_007211,11,1,electronic|techno,fast
70,track_0066942,artist_007063,6,2,easylistening|folk|pop,commercial
71,track_0066954,artist_007063,6,2,easylistening|folk|pop,commercial
72,track_0072638,artist_004347,4,1,electronic|trance,dream
73,track_0072838,artist_007320,13,1,blues|chanson|pop,cool
74,track_0073073,artist_007362,11,1,electronic|electropop,space
75,track_0073157,artist_007063,7,1,industrial|pop|rock,energetic|sport
76,track_0073159,artist_007063,7,1,industrial|pop|rock,sport
77,track_0073990,artist_005240,2,1,easylistening|jazz|soundtrack,adventure|corporate
78,track_0074654,artist_007379,8,1,alternative|electronic|experimental|industrial,energetic|heavy
79,track_0076990,artist_007840,1,1,pop|rock,energetic
80,track_0078313,artist_007872,12,1,alternative|electronic|hard|indie|pop|rock,drama|emotional|horror
81,track_0078726,artist_007872,2,2,folk|indie|pop|popfolk|rock,adventure|drama|emotional|travel
82,track_0078957,artist_006278,12,2,ambient|electronic|soundtrack,dark
83,track_0079750,artist_008094,10,2,electronic,film
84,track_0079754,artist_008094,16,2,electronic,film
85,track_0079757,artist_008094,12,2,electronic,film
86,track_0079759,artist_008094,3,2,electronic,film
87,track_0080138,artist_001365,10,2,ambient|classical|contemporary|electronic,dramatic|travel
88,track_0080890,artist_004812,7,1,,documentary
89,track_0080979,artist_005126,8,1,ambient|trance,dream|melodic
90,track_0081365,artist_005777,2,1,alternative|electronic|experimental|rock,space
91,track_0082350,artist_005385,13,1,alternative|electronic|experimental|industrial,dark
92,track_0082354,artist_005385,10,2,alternative|electronic|experimental|industrial,dark
93,track_0082357,artist_005385,13,1,alternative|electronic|experimental|industrial,dark
94,track_0082359,artist_005385,1,1,alternative|electronic|experimental|industrial,dark
95,track_0082365,artist_005385,11,1,alternative|electronic|experimental|industrial,dark
96,track_0086742,artist_004812,15,2,easylistening,film
97,track_0087473,artist_004545,1,1,ambient|electronic|world,dream
98,track_0087479,artist_003177,2,1,easylistening|electronic|newage,emotional|sexy
99,track_0089326,artist_004851,1,1,alternative|indie|pop|rock,melodic
100,track_0091373,artist_007969,1,1,bossanova,soft
101,track_0091826,artist_002222,1,1,ambient|classical|electronic,relaxing
102,track_0094750,artist_007063,8,1,industrial|pop|rock,sport
103,track_0095413,artist_000675,6,1,alternative|funk|fusion|pop|rnb|rock,cool
104,track_0095538,artist_005361,15,1,soundtrack,love
105,track_0095713,artist_336764,2,2,electronic,emotional|game|melodic
106,track_0098542,artist_336896,15,2,ambient|easylistening|folk|instrumentalpop,calm|nature
107,track_0100642,artist_336984,2,1,country|rocknroll|soundtrack,advertising
108,track_0103690,artist_000087,4,1,ambient|downtempo|electronic|lounge,melodic
109,track_0104259,artist_337114,4,1,club|dance|electronic|pop|world,cool
110,track_0106559,artist_008021,2,1,instrumentalpop|rock|soundtrack,horror
111,track_0106765,artist_008021,2,1,alternative|electronic|experimental|soundtrack,horror
112,track_0106838,artist_008021,2,2,alternative|electronic|experimental|soundtrack,horror
113,track_0106859,artist_008021,10,2,electronic|experimental|soundtrack,horror
114,track_0108459,artist_337284,13,1,celtic|metal,epic
115,track_0109226,artist_337307,10,2,soundtrack,film
116,track_0110642,artist_000811,16,2,alternative|experimental|soundtrack,action|documentary|emotional|space
117,track_0110657,artist_000811,13,1,soundtrack,action|documentary|emotional|space
118,track_0111026,artist_004116,11,1,chillout|electropop|pop,calm|energetic|happy|inspiring|uplifting
119,track_0114765,artist_337503,2,1,jazz,melodic
120,track_0117550,artist_003769,1,1,electronic|pop,space
121,track_0118073,artist_001493,2,2,hard|metal|progressive|rock,melodic
122,track_0120750,artist_004864,10,2,electronic|instrumentalpop,meditative|relaxing
123,track_0120754,artist_004864,12,2,electronic|instrumentalpop,meditative|relaxing
124,track_0124826,artist_005390,8,1,electronic|experimental|pop|techno,soundscape
125,track_0126042,artist_337741,7,1,alternative|ambient|experimental|progressive|psychedelic|worldfusion,soundscape
126,track_0126126,artist_337741,13,1,ambient|easylistening|progressive|psychedelic|worldfusion,soundscape
127,track_0126142,artist_337741,14,1,ambient|easylistening|progressive|psychedelic|worldfusion,soundscape
128,track_0127590,artist_001493,2,2,hard|metal|progressive|rock,melodic
129,track_0127890,artist_004812,3,2,chillout|electronic,calm|documentary
130,track_0128313,artist_337907,3,2,ambient|soundtrack,dream
131,track_0133654,artist_007063,14,1,electronic|industrial|pop|rock,sport
132,track_0133657,artist_007063,8,1,electronic|industrial|rock,energetic|sport
133,track_0134738,artist_337989,3,2,country|folk|singersongwriter,sad
134,track_0134754,artist_337989,3,2,country|folk|singersongwriter,sad
135,track_0140638,artist_338395,4,1,alternative|easylistening|soundtrack,love
136,track_0140642,artist_338395,14,1,alternative|easylistening|soundtrack,love
137,track_0144654,artist_338563,13,1,darkwave|indie|popfolk|psychedelic|rock,dark
138,track_0148526,artist_338660,3,2,electronic|experimental|soundtrack,ambiental
139,track_0149779,artist_338660,3,2,electronic|experimental|soundtrack,ambiental
140,track_0149790,artist_338660,14,1,electronic|experimental|soundtrack,ambiental
141,track_0152542,artist_338900,4,1,alternative|electronic|experimental|idm|soundtrack,horror
142,track_0152713,artist_338660,9,2,electronic|experimental|soundtrack,ambiental
143,track_0152754,artist_338660,16,2,electronic|experimental|soundtrack,ambiental
144,track_0153865,artist_339263,6,1,,dream
145,track_0155513,artist_338660,16,2,electronic|experimental|soundtrack,ambiental
146,track_0156873,artist_339104,2,2,,retro
147,track_0158613,artist_338660,1,1,electronic|experimental|soundtrack,ambiental
148,track_0158626,artist_338660,9,2,electronic|experimental|soundtrack,ambiental
149,track_0159450,artist_339226,11,1,dance|electronic|techno,melodic
150,track_0159850,artist_338660,1,1,electronic|experimental|soundtrack,ambiental
151,track_0159854,artist_338660,16,2,electronic|experimental|soundtrack,ambiental
152,track_0159857,artist_338660,8,1,electronic|experimental|soundtrack,ambiental
153,track_0159859,artist_338660,16,2,electronic|experimental|soundtrack,ambiental
154,track_0162026,artist_007872,9,2,folk|pop|rock|soundtrack,drama|emotional|soft
155,track_0162038,artist_007872,3,2,chillout|folk|pop|popfolk|singersongwriter|soundtrack,drama|emotional|soft
156,track_0162042,artist_007872,5,2,chillout|folk|pop|singersongwriter|soundtrack,drama|emotional|soft
157,track_0162226,artist_338660,2,1,electronic|experimental|soundtrack,ambiental
158,track_0162579,artist_338660,2,1,electronic|experimental|soundtrack,ambiental
159,track_0162590,artist_338660,6,1,electronic|experimental|soundtrack,ambiental
160,track_0166613,artist_339527,1,1,alternative|blues|popfolk|rock,ballad|melancholic
161,track_0168813,artist_338660,16,2,electronic|experimental|soundtrack,ambiental
162,track_0169257,artist_338660,16,2,electronic|experimental|soundtrack,ambiental
163,track_0169259,artist_338660,10,2,electronic|experimental|soundtrack,ambiental
164,track_0169265,artist_338660,5,2,electronic|experimental|soundtrack,ambiental
165,track_0169273,artist_338660,3,2,electronic|experimental|soundtrack,ambiental
166,track_0169990,artist_338660,16,2,electronic|experimental|soundtrack,ambiental
167,track_0170059,artist_338660,5,2,electronic|experimental|soundtrack,ambiental
168,track_0172326,artist_337897,3,2,pop|popfolk,love|romantic
169,track_0173759,artist_339169,16,2,ambient|experimental,dream|meditative|relaxing
170,track_0178638,artist_340076,9,2,ambient|gothic,dark
171,track_0178665,artist_340076,1,1,gothic,dark
172,track_0181854,artist_004965,5,2,,dream
173,track_0184242,artist_340347,10,2,newage,ambiental
174,track_0196250,artist_340652,10,2,classical,melodic
175,track_0196257,artist_340652,5,2,classical,melodic
176,track_0196259,artist_340652,3,2,classical,melodic
177,track_0196542,artist_004118,16,2,alternative|electronic|experimental|soundtrack,ambiental
178,track_0196550,artist_004118,16,2,alternative|electronic|experimental|soundtrack,ambiental
179,track_0196554,artist_004118,13,1,electronic|experimental|pop|soundtrack,ambiental
180,track_0196850,artist_339563,10,2,classical|contemporary|soundtrack,horror
181,track_0201479,artist_004118,8,2,alternative|electronic|experimental|soundtrack,ambiental
182,track_0201490,artist_004118,16,2,alternative|electronic|experimental|soundtrack,ambiental
183,track_0202213,artist_008094,12,2,electronic,film
184,track_0202657,artist_337114,11,1,atmospheric|club|dance|electronic,cool
185,track_0205438,artist_004965,1,1,,dream
186,track_0206073,artist_341323,10,2,ambient|chillout|downtempo|easylistening,emotional|film|meditative|relaxing
187,track_0207490,artist_341393,6,2,indie|poprock|rock,emotional|energetic
188,track_0208938,artist_341459,2,1,ambient|easylistening|instrumentalpop,melodic
189,track_0209073,artist_341393,1,1,folk|pop|popfolk,emotional
190,track_0210038,artist_004118,4,1,electronic|experimental|rock|soundtrack,ambiental
191,track_0210042,artist_004118,3,2,easylistening|electronic|experimental|soundtrack,ambiental
192,track_0218559,artist_341999,4,1,pop,happy
193,track_0239950,artist_004965,11,1,,meditative
194,track_0242738,artist_343767,12,2,folk|pop|popfolk|singersongwriter,dream
195,track_0244938,artist_000811,6,2,classical|contemporary|electronic|soundtrack,action|documentary|emotional
196,track_0244954,artist_000811,11,1,electronic|soundtrack,action|documentary|emotional
197,track_0245350,artist_337114,11,1,dance|electronic|pop|techno,emotional|upbeat
198,track_0248259,artist_002444,11,1,electronic|minimal|techno,dream|relaxing
199,track_0250990,artist_004965,9,2,,dream
200,track_0251379,artist_337391,15,1,easylistening|electronic|lounge,ambiental
201,track_0253542,artist_005644,15,2,darkambient|electronic|tribal,dark|sad
202,track_0257059,artist_006821,13,1,pop,children
203,track_0257173,artist_003786,10,2,classical|newage,film
204,track_0257179,artist_003786,10,2,classical|easylistening,emotional
205,track_0258090,artist_337741,13,1,ambient|atmospheric|psychedelic|world,meditative
206,track_0259559,artist_339590,13,1,electronic|gothic|industrial|techno,dark|dream
207,track_0264390,artist_007625,15,1,ambient|electronic,sad
208,track_0268259,artist_004118,2,1,electronic|experimental|rock|soundtrack,ambiental
209,track_0268290,artist_004118,2,1,electronic|experimental|rock|soundtrack,ambiental
210,track_0268313,artist_004118,1,1,electronic|experimental|pop|soundtrack,ambiental
211,track_0278357,artist_344764,12,2,classical|orchestral|symphonic,film|game
212,track_0278359,artist_344764,12,2,classical|orchestral|symphonic,film|game
213,track_0280913,artist_007886,2,1,,dream
214,track_0282626,artist_347536,15,2,easylistening|ethnicrock,background
215,track_0283090,artist_003687,3,2,ambient|easylistening|newage,relaxing
216,track_0283765,artist_337114,7,1,dance|easylistening|electronic|pop,upbeat
217,track_0284365,artist_003687,5,2,ambient|easylistening|newage,relaxing
218,track_0285042,artist_337114,14,1,atmospheric|electronic,upbeat
219,track_0287979,artist_007362,4,1,ambient|electronic,melodic|relaxing|space
220,track_0290859,artist_005324,13,2,ambient|poprock|progressive,slow
221,track_0306438,artist_348501,9,2,classical|classicrock|newage,dramatic
222,track_0313013,artist_002189,12,2,ambient|atmospheric|chillout|easylistening|newage,cool|relaxing
223,track_0313779,artist_338437,7,1,electronic|idm|triphop,cool
224,track_0317054,artist_337114,1,2,electronic,melancholic|soft
225,track_0319313,artist_345704,11,1,chillout|easylistening|electronic,drama|sad
226,track_0321238,artist_005681,2,2,industrial|techno,horror
227,track_0322342,artist_343489,1,1,ambient|electronic|trance,dream|space
228,track_0324413,artist_338582,12,2,jazz|progressive,melodic
229,track_0324613,artist_336871,3,2,jazz,ballad
230,track_0339038,artist_350059,7,1,rnb,love
231,track_0340879,artist_350154,3,2,downtempo|easylistening|instrumentalpop,calm|melancholic|mellow
232,track_0341550,artist_350154,15,2,chillout|indie|instrumentalrock|pop,happy
233,track_0342254,artist_005240,5,2,classical|soundtrack,adventure|corporate|film
234,track_0342257,artist_005240,10,2,classical|soundtrack,adventure|corporate|film
235,track_0342259,artist_005240,12,2,classical|soundtrack,adventure|corporate|film
236,track_0343379,artist_007862,7,1,ambient|electronic|minimal|techno,deep
237,track_0344326,artist_350222,5,2,electronic|newage,children|relaxing
238,track_0345913,artist_336871,3,2,jazz,cool|melodic
239,track_0347557,artist_341393,1,1,folk|pop|popfolk,emotional|soft
240,track_0347638,artist_341393,1,1,folk|pop|popfolk,emotional|soft
241,track_0347859,artist_340710,6,2,pop|rock,love|sad
242,track_0347879,artist_340710,1,1,pop|rock,love|sad
243,track_0355479,artist_350813,15,2,jazz,cool|slow
244,track_0356426,artist_340710,2,2,indie|rock,dark
245,track_0360990,artist_340947,10,2,orchestral|soundtrack|symphonic,emotional|melancholic
246,track_0361542,artist_351032,1,1,electronic,game
247,track_0361554,artist_351032,1,1,electronic,game
248,track_0361979,artist_347359,2,2,pop|popfolk|singersongwriter,emotional
249,track_0361990,artist_347359,12,2,pop|popfolk|singersongwriter,emotional|love
250,track_0362638,artist_340947,16,2,orchestral|soundtrack|symphonic,dramatic|emotional|epic|powerful
251,track_0364090,artist_007063,14,1,electronic|folk|pop|rock,commercial
252,track_0368150,artist_351312,10,2,,melodic
253,track_0369913,artist_004934,7,1,chillout|easylistening|triphop,deep|dream
254,track_0372157,artist_350722,6,2,gothic|psychedelic,ballad|melancholic
255,track_0373165,artist_351494,16,1,grunge|rock,ballad
256,track_0382590,artist_002034,10,2,ambient,melodic
257,track_0383573,artist_341278,1,1,hiphop|rap,film
258,track_0383990,artist_007597,2,1,ambient|electronic|soundtrack,relaxing
259,track_0384150,artist_337391,3,2,alternative|electronic|lounge,ambiental
260,track_0385550,artist_005801,1,1,ambient|chillout|electronic,inspiring|meditative
261,track_0385559,artist_005801,5,2,ambient|electronic,epic|inspiring|meditative|space
262,track_0387438,artist_003944,13,1,easylistening|groove|lounge,happy|mellow|positive|uplifting
263,track_0387513,artist_352042,1,1,classicrock|instrumentalrock|metal|rock,emotional|hopeful|inspiring|powerful
264,track_0388473,artist_352130,6,1,metal|rock,heavy
265,track_0389479,artist_352130,6,2,metal|rock,heavy
266,track_0391373,artist_004965,9,2,,dream
267,track_0393390,artist_350154,13,1,easylistening|jazz|lounge,happy
268,track_0396938,artist_002741,1,1,easylistening|lounge,happy|inspiring|positive
269,track_0398173,artist_338447,4,2,ambient|soundtrack,film|soundscape
270,track_0398179,artist_338447,1,1,ambient|easylistening|pop|soundtrack,film
271,track_0398190,artist_352428,3,2,pop|singersongwriter,romantic|uplifting
272,track_0399350,artist_008094,5,2,electronic,film
273,track_0399359,artist_008094,10,2,electronic,film
274,track_0399465,artist_008094,12,2,electronic,film
275,track_0399526,artist_008094,10,2,electronic,film
276,track_0399926,artist_351221,8,1,electronic|progressive|trance,melodic|uplifting
277,track_0400857,artist_004934,1,1,ambient|easylistening|electronic,deep|sad
278,track_0400865,artist_004934,1,1,easylistening|electronic|lounge,dream|summer
279,track_0400873,artist_004934,14,1,easylistening|electronic|lounge,deep|dream
280,track_0402057,artist_002740,5,2,easylistening|soundtrack,epic|inspiring|uplifting
281,track_0414050,artist_003786,10,2,classical|easylistening,romantic
282,track_0416873,artist_337741,15,1,alternative|ambient|atmospheric|darkambient|experimental|psychedelic,soundscape
283,track_0417579,artist_361044,3,2,easylistening|newage,documentary|emotional|travel
284,track_0417626,artist_361044,2,2,folk,drama|emotional
285,track_0425626,artist_005721,8,1,dance|electronic|trance,dream
286,track_0425765,artist_348064,11,1,classical|electronic,emotional
287,track_0432813,artist_353741,11,1,dance|oriental|techno,sport
288,track_0433642,artist_337741,1,1,ambient|atmospheric|electronic|newage|psychedelic,soundscape
289,track_0433650,artist_337741,5,2,alternative|ambient|atmospheric|experimental|newage|psychedelic,soundscape
290,track_0442226,artist_003786,10,2,easylistening|newage,christmas|holiday
291,track_0442257,artist_003786,10,2,classical|easylistening,christmas|holiday
292,track_0450990,artist_007063,4,1,electronic|industrial|pop|rock,sport
293,track_0457238,artist_338779,3,2,folk|soundtrack,relaxing
294,track_0459442,artist_352860,2,2,ambient|easylistening,inspiring|motivational|uplifting
295,track_0461013,artist_352042,2,2,ambient|instrumentalrock|metal|rock,dark|dramatic|inspiring|space
296,track_0466290,artist_341968,2,2,atmospheric|instrumentalrock|jazzfusion|pop,commercial
297,track_0467954,artist_007506,2,1,electronic|techno|trance,film
298,track_0467990,artist_348313,2,2,blues|instrumentalrock,melodic
299,track_0477313,artist_355362,9,2,orchestral|soundtrack|world,love|relaxing|romantic
300,track_0489238,artist_005801,1,2,folk|newage,hopeful|inspiring|meditative
301,track_0492313,artist_338108,5,2,ambient|classical|orchestral,christmas|holiday
302,track_0493957,artist_352844,9,2,classical|easylistening,melodic
303,track_0502326,artist_002189,12,1,ambient|chillout|easylistening,cool|relaxing
304,track_0506957,artist_356482,12,2,alternative|choir|experimental|orchestral,dramatic
305,track_0513479,artist_356880,4,1,electronic|electropop,inspiring|relaxing
306,track_0516738,artist_353520,15,1,ambient|electronic,emotional|movie
307,track_0516742,artist_340121,5,2,ambient|atmospheric|newage|soundtrack,dream
308,track_0516750,artist_340121,10,2,ambient|atmospheric|electronic,dream|love
309,track_0519565,artist_356877,7,1,electropop|pop|synthpop,hopeful|inspiring|motivational|uplifting
310,track_0520926,artist_357359,14,1,electropop|hiphop|pop,fast
311,track_0523750,artist_355889,14,1,ambient|chillout|easylistening|electronic,dream
312,track_0523754,artist_355889,7,1,ambient|chillout|easylistening|electronic,dream
313,track_0523757,artist_355889,5,2,ambient|chillout|easylistening|electronic,dream
314,track_0530326,artist_357887,2,2,ambient|dub|triphop,dream
315,track_0536673,artist_341968,11,1,ambient|classical|latin,emotional|romantic
316,track_0541013,artist_358348,16,2,ambient|gothic,dark
317,track_0541038,artist_337114,11,1,pop,love|romantic
318,track_0556950,artist_358348,3,2,ambient|gothic,meditative
319,track_0568126,artist_359452,15,1,dance|disco|electronica|eurodance,dream
320,track_0572373,artist_351213,3,2,alternative|singersongwriter|symphonic,melancholic
321,track_0575226,artist_004116,1,2,folk,happy|romantic
322,track_0575457,artist_347359,1,2,pop|popfolk|singersongwriter,adventure|emotional|love
323,track_0575750,artist_359735,14,1,rap,emotional
324,track_0577965,artist_359828,8,1,trance,energetic|uplifting
325,track_0579642,artist_007063,7,1,folk|pop|rock|soundtrack,drama
326,track_0579913,artist_007063,7,1,folk|pop|rock,commercial
327,track_0589242,artist_002740,16,1,orchestral|soundtrack,epic|trailer
328,track_0589338,artist_359735,14,1,,dark
329,track_0589413,artist_355362,16,2,orchestral|soundtrack|world,epic|motivational|positive
330,track_0590279,artist_353741,1,1,gothic|metal|symphonic,dark
331,track_0592190,artist_350716,9,2,industrial,movie
332,track_0594259,artist_358060,8,1,downtempo|folk|soundtrack,dark
333,track_0594265,artist_358060,8,1,downtempo|folk|soundtrack,dark
334,track_0594465,artist_003786,9,2,chillout|easylistening,emotional|inspiring
335,track_0597313,artist_001336,16,1,ambient|easylistening|electronic,slow
336,track_0600059,artist_341323,15,1,atmospheric|chillout|easylistening|newage,documentary|relaxing
337,track_0608913,artist_361274,9,2,chillout|easylistening|lounge,happy|travel
338,track_0618542,artist_361694,12,2,orchestral|soundtrack,romantic|sad
339,track_0618550,artist_361694,12,2,orchestral|soundtrack,love|sad
340,track_0620613,artist_002189,1,1,ambient|easylistening|electronic|lounge,cool
341,track_0625038,artist_354405,9,2,ambient|experimental|orchestral|soundtrack,dark|film
342,track_0628550,artist_352130,6,2,metal|rock,heavy
343,track_0628865,artist_343151,11,1,progressive|techno|trance,uplifting
344,track_0635242,artist_337741,14,1,ambient|atmospheric|electronica|newage,soundscape
345,track_0636313,artist_344764,16,2,classical|orchestral|symphonic,film|game
346,track_0638065,artist_343433,8,1,club|trance,melodic
347,track_0647257,artist_347673,16,2,poprock|psychedelic|soundtrack,soundscape
348,track_0647259,artist_347673,9,2,poprock|psychedelic|soundtrack,soundscape
349,track_0647538,artist_359034,2,1,hiphop|triphop,dark|upbeat
350,track_0647559,artist_359034,7,1,hiphop|triphop,dark|upbeat
351,track_0653313,artist_363229,2,2,ethno|newage|world,meditative
352,track_0659890,artist_359034,2,1,experimental|hiphop|triphop,dark
353,track_0660442,artist_008094,16,2,,film
354,track_0660454,artist_008094,12,2,,film
355,track_0660479,artist_008094,10,2,,film
356,track_0661313,artist_008094,12,2,electronic,film
357,track_0661542,artist_362501,14,1,jazzfunk|pop,dream
358,track_0661754,artist_363592,6,1,hiphop|jazz|swing,ballad|relaxing
359,track_0661757,artist_363592,1,1,hiphop|jazz|swing,ballad|motivational
360,track_0662050,artist_362501,14,1,70s|jazzfunk|pop,groovy|melodic
361,track_0662054,artist_362501,14,1,70s|acidjazz|funk,groovy
362,track_0662057,artist_362501,13,1,70s|latin|pop,groovy|melancholic|melodic
363,track_0662059,artist_362501,7,1,60s|jazz|pop,fun|melodic
364,track_0662090,artist_362501,11,1,70s|funk|pop,groovy
365,track_0662190,artist_362501,2,1,70s|latin|pop,love
366,track_0662442,artist_008094,9,2,electronic,film
367,track_0665113,artist_341642,3,1,chillout|downtempo|electronic,space
368,track_0666759,artist_008004,16,1,ambient|chillout|easylistening|electronic|triphop,dark
369,track_0671173,artist_362935,1,1,ambient|easylistening|experimental,deep|relaxing
370,track_0671179,artist_362935,10,2,ambient|easylistening|experimental,deep|relaxing
371,track_0678073,artist_355460,11,1,electronic,fun
372,track_0682338,artist_340121,5,2,ambient|classical|orchestral|soundtrack,dream
373,track_0682365,artist_340121,9,2,choir|classical|orchestral|soundtrack|symphonic,epic|film
374,track_0685850,artist_357317,2,1,90s|dance|electronic|eurodance|trance,melodic
375,track_0686357,artist_351437,1,1,ambient|chillout|electronic|lounge,relaxing
376,track_0686359,artist_351437,10,2,ambient|chillout|electronic|lounge,relaxing
377,track_0692954,artist_356877,11,1,80s|electropop|pop,upbeat|uplifting
378,track_0693473,artist_357317,11,1,90s|dance|electronic|hard|techno,melodic
379,track_0693479,artist_357317,2,1,90s|dance|electronic|eurodance,melodic
380,track_0694450,artist_005721,13,1,dance|electronic|pop,advertising|happy
381,track_0698138,artist_356877,14,1,funk|pop|rap,fast|upbeat
382,track_0699090,artist_351032,8,1,electronic,game
383,track_0700573,artist_352114,12,2,easylistening|minimal,christmas
384,track_0701779,artist_003581,6,2,disco|electronic|funk,christmas
385,track_0703954,artist_340121,5,2,classical|orchestral|soundtrack|symphonic,calm|film|love|movie
386,track_0704157,artist_352844,3,2,classical,christmas|melodic
387,track_0704838,artist_357317,8,1,dance|electronic|techno,melodic
388,track_0704842,artist_357317,4,1,dance|electronic|eurodance|house,melodic
389,track_0707473,artist_356678,6,2,celtic|classical|medieval|symphonic,dark
390,track_0708459,artist_341323,1,1,ambient|easylistening|newage,meditative|nature|relaxing|space
391,track_0715554,artist_002656,13,1,pop|poprock|soundtrack,adventure|sport|travel
392,track_0715557,artist_002656,12,2,lounge|newage|soundtrack,nature
393,track_0719759,artist_356877,3,2,ambient|classical|orchestral,emotional|film|sad
394,track_0719850,artist_366162,14,1,fusion|improvisation|jazz|rnb,cool|soft
395,track_0719854,artist_366162,15,2,jazz,ballad|children|soft
396,track_0725213,artist_366456,1,1,ambient|chillout|lounge|newage,adventure|powerful|upbeat
397,track_0728926,artist_004934,8,1,club|deephouse|disco,party
398,track_0733157,artist_366701,3,2,ambient|jazz|soundtrack,emotional|soft
399,track_0736790,artist_355362,5,2,soundtrack,epic|film
400,track_0742879,artist_341355,2,2,orchestral|soundtrack,epic|trailer
401,track_0743013,artist_337281,11,1,house|progressive,deep
402,track_0743965,artist_338582,5,2,jazz,melancholic
403,track_0747438,artist_337741,1,1,ambient|newage|progressive|psychedelic,soundscape
404,track_0747442,artist_337741,13,1,ambient|newage|progressive|psychedelic,soundscape
405,track_0749613,artist_357317,8,1,90s|dance|electronic|eurodance,melodic
406,track_0750679,artist_363229,2,2,ambient|newage|soundtrack|world,relaxing
407,track_0751965,artist_367696,12,2,classical|improvisation,relaxing
408,track_0753526,artist_351712,3,2,atmospheric|easylistening|soundtrack,emotional|melancholic|sad
409,track_0756226,artist_002189,6,2,downtempo|electronic,dream
410,track_0759290,artist_350333,13,2,soundtrack,game
411,track_0759338,artist_367988,5,2,ambient|chillout|orchestral,space
412,track_0759342,artist_367988,3,2,ambient|chillout|orchestral,space
413,track_0759750,artist_363229,10,2,ambient|newage|soundtrack|world,love|meditative|relaxing
414,track_0769426,artist_363229,7,1,folk|newage|soundtrack|world,meditative
415,track_0769790,artist_366613,12,2,classical|improvisation,emotional
416,track_0770973,artist_367334,5,2,,dark|sad
417,track_0771290,artist_359034,14,1,chillout|electronic|experimental|hiphop,upbeat
418,track_0774865,artist_005240,7,1,dance|electronic|lounge,sport
419,track_0778565,artist_366613,5,2,classical|orchestral|soundtrack,dark|epic|film
420,track_0783250,artist_369008,5,2,ambient|easylistening|orchestral|soundtrack,game|relaxing
421,track_0783626,artist_369019,4,1,orchestral|soundtrack,dark
422,track_0784526,artist_002189,1,1,ambient|downtempo|electronic,dream
423,track_0785413,artist_007805,2,2,folk|lounge|soundtrack,movie|sad
424,track_0785642,artist_007805,3,2,folk|popfolk,sad|slow
425,track_0785650,artist_007805,15,1,ambient|folk|soundtrack,movie
426,track_0786779,artist_369180,14,1,ambient|electronic|soundtrack,dark
427,track_0789879,artist_007597,14,1,ambient|electronic|soundtrack,nature
428,track_0790654,artist_364644,3,2,soundtrack,movie
429,track_0790657,artist_364644,5,2,soundtrack,movie
430,track_0790659,artist_364644,16,2,soundtrack,movie
431,track_0791690,artist_364644,1,1,hiphop|soundtrack,movie
432,track_0792442,artist_361501,4,1,atmospheric|chillout|downtempo|electronic,relaxing
433,track_0795726,artist_369534,15,1,ambient|atmospheric|soundtrack,ambiental|soundscape
434,track_0799226,artist_370191,12,2,celtic|classical|medieval|orchestral|soundtrack,epic|film|trailer
435,track_0801459,artist_347916,13,1,alternative|indie|pop|rock,emotional
436,track_0802279,artist_359034,14,1,hiphop|jazz|rap|triphop,upbeat
437,track_0802326,artist_359034,1,1,hiphop|rap,dark
438,track_0806979,artist_370314,6,2,80s|hardrock|rock,melodic
439,track_0809473,artist_006899,8,1,ambient|electronic|ethnicrock|newage,film
440,track_0811126,artist_356592,6,2,orchestral|soundtrack,film
441,track_0811238,artist_344764,9,2,classical|orchestral|symphonic,film|game
442,track_0811242,artist_344764,3,2,classical,film|game|meditative
443,track_0812226,artist_370759,5,2,newage,children|relaxing|soft
444,track_0812326,artist_370759,16,2,newage,children|relaxing|soft
445,track_0816750,artist_370714,12,2,ambient,deep|film|nature
446,track_0817326,artist_340262,7,1,fusion|world,action|adventure
447,track_0817638,artist_363229,6,1,newage,meditative
448,track_0818613,artist_002740,9,2,easylistening|soundtrack,mellow
449,track_0827326,artist_002656,3,2,ambient|soundtrack|trance,emotional
450,track_0833459,artist_371031,2,2,electronic|pop|rnb|trance,melodic
451,track_0834579,artist_002741,1,1,easylistening|electronic|newage,documentary|emotional|soft
452,track_0836526,artist_352870,2,2,pop|poprock|rock,sad
453,track_0840573,artist_371727,1,1,ambient,adventure
454,track_0843213,artist_363229,6,2,folk|newage|orchestral|world,meditative
455,track_0844690,artist_002323,8,1,ambient|electronic|rock,emotional|epic|inspiring|powerful|uplifting
456,track_0856979,artist_004812,11,1,breakbeat|electronic,energetic
457,track_0857157,artist_373002,14,1,ambient|chillout|downtempo|lounge,meditative
458,track_0858538,artist_342854,12,2,classical,emotional
459,track_0858542,artist_342854,10,2,classical,ballad|emotional
460,track_0858550,artist_342854,5,2,classical|soundtrack,emotional|film
461,track_0858779,artist_373214,7,1,classical|electronic|soundtrack,happy|sport
462,track_0859973,artist_337741,16,1,ambient|newage|psychedelic,soundscape
463,track_0865438,artist_371727,3,2,ambient|pop|psychedelic,ambiental|relaxing
464,track_0866765,artist_369180,10,2,easylistening|electronic|soundtrack,emotional|inspiring
465,track_0868290,artist_357359,2,1,hiphop|pop|rap,dark|happy
466,track_0871050,artist_002034,9,2,ambient,melancholic|melodic
467,track_0873138,artist_347673,5,2,classical,meditative|relaxing
468,track_0873154,artist_347673,10,2,classical,meditative|relaxing
469,track_0873554,artist_366162,7,1,fusion|improvisation|jazz,background|melodic
470,track_0873559,artist_366162,7,1,fusion|improvisation|jazz,background|melodic
471,track_0873565,artist_366162,7,1,fusion|improvisation|jazz,background|melodic
472,track_0873613,artist_338447,9,2,ambient|easylistening|orchestral|soundtrack,film
473,track_0874650,artist_338582,5,2,classical|soundtrack,emotional|film
474,track_0874890,artist_357317,8,1,90s|dance|electronic|trance,melodic
475,track_0875373,artist_337741,14,1,ambient|electronic|newage|psychedelic,soundscape
476,track_0875379,artist_337741,2,2,ambient|electronic|newage|psychedelic,soundscape
477,track_0877426,artist_366067,1,1,newage,meditative
478,track_0879142,artist_375104,2,1,dance,christmas|holiday
479,track_0879150,artist_375104,6,2,dance,christmas|holiday
480,track_0880665,artist_357317,8,1,dance|electronic|trance,melodic
481,track_0880865,artist_006278,3,2,ambient|soundtrack,film
482,track_0884126,artist_373067,10,2,pop,love
483,track_0884659,artist_357291,15,1,progressive|psychedelic|soundtrack,space
484,track_0884865,artist_363229,3,2,newage|world,inspiring|love|meditative|relaxing
485,track_0887659,artist_002816,1,1,electronic|hiphop|rap,melodic
486,track_0888290,artist_357317,4,1,90s|dance|trance,melodic
487,track_0889265,artist_007862,14,1,deephouse|electronic|house|lounge,deep
488,track_0890459,artist_340121,5,2,ambient|atmospheric|classical|electronic|orchestral|soundtrack,dream|love
489,track_0890465,artist_340121,5,2,ambient|atmospheric|classical|electronic|orchestral|soundtrack,film
490,track_0890565,artist_340121,10,2,ambient|choir|classical|darkwave|electronic|soundtrack,dream
491,track_0890979,artist_362390,3,2,jazz,meditative
492,track_0891038,artist_362390,2,2,jazz,meditative
493,track_0893426,artist_356592,13,2,classical|soundtrack,emotional|heavy
494,track_0900242,artist_005240,2,2,classical|orchestral|soundtrack,adventure|corporate|documentary|drama|nature
495,track_0900713,artist_378701,4,1,ambient,dream|game|relaxing
496,track_0900726,artist_378587,10,2,newage|soundtrack,relaxing
497,track_0902079,artist_341542,6,1,alternative|indie|pop|soundtrack,film
498,track_0902226,artist_339527,6,2,alternative|blues|country|folk|singersongwriter,sad
499,track_0902713,artist_001885,6,1,rock,melodic
500,track_0903590,artist_347673,9,2,classical|easylistening,background|relaxing
501,track_0908059,artist_365142,8,1,ambient|chillout|soundtrack,documentary|nature|soft
502,track_0908090,artist_365142,14,1,newage|soundtrack|world,adventure|nature
503,track_0911357,artist_369180,11,1,electronic|techno|trance,happy|party
504,track_0911679,artist_345894,5,2,african|dance|tribal|world,film
505,track_0912259,artist_355362,16,2,orchestral|soundtrack|world,corporate|epic|film|motivational|positive
506,track_0912573,artist_349009,13,1,dance|electronic|rock,dark|energetic
507,track_0913290,artist_007063,7,1,electronic|pop|rock,commercial
508,track_0914550,artist_341542,6,2,alternative|indie|pop,happy|upbeat
509,track_0915579,artist_341393,1,1,blues|experimental,romantic
510,track_0915738,artist_341393,2,1,blues|experimental,romantic
511,track_0916090,artist_362935,13,1,choir|electronic|orchestral|soundtrack,epic|trailer
512,track_0916173,artist_002208,4,1,easylistening|electronic|experimental,dream
513,track_0916879,artist_007584,16,2,ambient|chillout|electronic,retro|space
514,track_0919938,artist_352814,14,1,drumnbass|electronic,fun
515,track_0919942,artist_352814,1,1,drumnbass|electronic,space
516,track_0921757,artist_419285,1,1,experimental|folk|newage|soundtrack,drama|emotional
517,track_0922938,artist_362433,13,1,jazz|swing,movie|retro
518,track_0925526,artist_347673,12,2,classical,background|emotional
519,track_0934042,artist_007805,6,1,folk|popfolk,energetic
520,track_0934050,artist_007805,7,1,folk|popfolk,energetic
521,track_0935513,artist_007584,9,2,postrock|rock,sad|space
522,track_0938065,artist_007805,7,1,folk|popfolk,happy
523,track_0938079,artist_366415,9,2,ambient|instrumentalpop|pop,sad
524,track_0938326,artist_355753,10,2,alternative|poprock,emotional|mellow
525,track_0941154,artist_343767,3,2,folk|pop|popfolk|singersongwriter,dream
526,track_0941157,artist_343767,8,1,folk|pop|popfolk|singersongwriter,dream
527,track_0941159,artist_343767,5,2,folk|pop|popfolk|singersongwriter,dream
528,track_0941854,artist_366549,11,1,dance|electronic,dream|party
529,track_0941857,artist_366549,8,1,dance|trance,dream
530,track_0944926,artist_338779,3,2,folk|soundtrack,melodic
531,track_0944979,artist_341049,15,1,ambient|easylistening,melancholic
532,track_0945026,artist_355362,10,2,orchestral|soundtrack|world,film|fun
533,track_0946413,artist_005240,4,1,dance|disco|techno,sport
534,track_0949226,artist_005240,10,2,classical|soundtrack,children|corporate|documentary|drama|emotional|soft
535,track_0950579,artist_340262,12,2,ambient|classical|newage,sad
536,track_0951879,artist_347673,9,2,classical|popfolk|poprock|progressive,inspiring
537,track_0951890,artist_347673,5,2,classical|popfolk|poprock|progressive,inspiring
538,track_0952490,artist_361044,1,1,celtic|easylistening|newage,documentary|travel
539,track_0952690,artist_341323,7,1,acidjazz|ambient|chillout|funk|fusion|groove|lounge,adventure|drama
540,track_0955654,artist_363229,3,2,ambient|newage|world,love|meditative|relaxing
541,track_0956242,artist_369472,16,2,classical|orchestral|soundtrack,film
542,track_0956550,artist_366613,9,2,classical,love|romantic
543,track_0957413,artist_363229,1,1,folk|newage|world,love|relaxing
544,track_0957754,artist_005801,10,2,classical|minimal|newage,meditative|relaxing
545,track_0957938,artist_420364,16,1,ambient|electronic|rock|techno,energetic
546,track_0958479,artist_005801,10,2,classical|newage|soundtrack,emotional|meditative|melancholic
547,track_0958857,artist_340947,10,2,orchestral|soundtrack|symphonic,emotional|melancholic
548,track_0959154,artist_366613,10,2,ambient|classical|soundtrack,romantic
549,track_0959157,artist_366613,9,2,ambient|classical|soundtrack,romantic
550,track_0961259,artist_356592,1,2,classical|orchestral|soundtrack,epic|film
551,track_0961954,artist_423996,5,2,experimental,sad
552,track_0963790,artist_348254,16,2,electronic,emotional
553,track_0964538,artist_424916,4,1,electropop|jazz|pop,energetic
554,track_0964542,artist_424916,7,1,jazz|pop,energetic
555,track_0965313,artist_367887,12,2,classical,christmas
556,track_0965438,artist_367887,2,2,classical,christmas
557,track_0965442,artist_367887,9,2,classical,christmas
558,track_0965450,artist_367887,1,2,classical,christmas
559,track_0965790,artist_423996,15,1,experimental,happy|uplifting
560,track_0966113,artist_005801,13,1,electronic|progressive,epic|inspiring|motivational|powerful
561,track_0966857,artist_425159,9,2,ambient|darkambient|soundtrack,trailer
562,track_0967238,artist_350774,14,1,blues|reggae|world,adventure
563,track_0967242,artist_350774,2,1,world,adventure|romantic
564,track_0967573,artist_342854,10,2,classical,dramatic
565,track_0968979,artist_336621,6,2,hardrock|progressive|rock,powerful
566,track_0970850,artist_004729,3,2,newage|world,meditative|relaxing
567,track_0970879,artist_004729,3,2,newage|world,meditative|relaxing
568,track_0972173,artist_366613,12,2,classical|orchestral|soundtrack,dark|epic|film
569,track_0972626,artist_005240,14,1,instrumentalpop|pop|soundtrack,corporate|documentary
570,track_0973250,artist_000560,16,2,orchestral|soundtrack,action|epic
571,track_0973254,artist_000560,12,2,soundtrack,drama|emotional|film
572,track_0973754,artist_375104,6,2,,christmas
573,track_0973757,artist_375104,2,1,,christmas
574,track_0974965,artist_006987,14,1,blues,film|melodic
575,track_0975526,artist_365142,16,2,choir|orchestral|soundtrack,action|trailer
576,track_0976713,artist_347673,6,1,celtic|classical,trailer
577,track_0976779,artist_421686,2,1,electronic|jazz|lounge,relaxing
578,track_0976790,artist_421686,14,1,electronic|jazz|lounge,relaxing
579,track_0979838,artist_427108,5,2,ambient,calm|meditative|relaxing
580,track_0979842,artist_427108,10,2,ambient,calm|relaxing
581,track_0979850,artist_427108,5,2,ambient,background|calm|meditative|relaxing
582,track_0979854,artist_427108,10,2,ambient,meditative|relaxing
583,track_0979857,artist_427108,5,2,ambient,background|calm|meditative|relaxing
584,track_0979859,artist_427108,5,2,ambient,calm|meditative|relaxing
585,track_0979865,artist_427108,5,2,ambient,background|calm|meditative|relaxing
586,track_0980765,artist_365142,5,2,classical,emotional|melodic|trailer
587,track_0981257,artist_375935,5,2,classical|soundtrack,epic
588,track_0981913,artist_007584,16,2,folk|progressive|rock,space
589,track_0982390,artist_364878,6,2,bossanova|easylistening|jazz|latin,christmas
590,track_0983938,artist_370822,1,1,electronic|industrial|soundtrack,dramatic
591,track_0984513,artist_368880,14,1,downtempo|electronic|electropop|experimental|soundtrack,retro
592,track_0984754,artist_007584,12,2,ambient|electronic|triphop,space
593,track_0984990,artist_428049,6,2,alternative|poprock,ballad|energetic
594,track_0986590,artist_007805,10,2,chanson|folk|popfolk,slow
595,track_0989065,artist_000560,7,2,orchestral|soundtrack,action
596,track_0989073,artist_000560,9,2,orchestral|soundtrack,drama|dramatic|emotional
597,track_0989713,artist_347673,4,1,classical,background|inspiring|soft
598,track_0989850,artist_006905,3,2,classical|orchestral|soundtrack,film|movie
599,track_0989879,artist_357359,4,1,electronic|hiphop|pop,energetic
600,track_0993757,artist_428971,8,1,electronic|hard,advertising|commercial|energetic|sport
601,track_0993759,artist_428971,11,1,electronic,commercial|inspiring|sport
602,track_0993765,artist_428971,4,1,electronic|synthpop,advertising|commercial|sport
603,track_0997273,artist_428971,4,1,electronic|techno,inspiring
604,track_0997279,artist_428971,4,1,ambient|electronic,inspiring
605,track_0997879,artist_375935,14,1,dubstep|electronic,happy
606,track_1000113,artist_355362,2,2,soundtrack|symphonic|world,action|epic|film
607,track_1003073,artist_355274,3,2,metal,melodic
608,track_1006557,artist_337741,2,1,ambient|atmospheric|progressive,soundscape
609,track_1009350,artist_367979,6,2,alternative|grunge|rock,adventure|sport
610,track_1009354,artist_367979,2,2,alternative|grunge|rock,adventure|sport
611,track_1009673,artist_007063,4,1,folk|pop|popfolk,commercial
612,track_1010665,artist_002034,11,1,electronic,melodic
613,track_1010826,artist_000560,1,1,soundtrack,action
614,track_1010979,artist_007584,13,2,ambient|electronic|soundtrack,space
615,track_1011650,artist_431049,1,1,downtempo|electronic|triphop,melodic
616,track_1011950,artist_002054,1,1,atmospheric|classical|soundtrack,ambiental|inspiring|soundscape
617,track_1011954,artist_002054,5,2,atmospheric|classical|soundtrack,ambiental|inspiring|soundscape
618,track_1011957,artist_002054,5,2,atmospheric|classical|soundtrack,ambiental|inspiring|soundscape
619,track_1011959,artist_002054,16,1,atmospheric|classical|soundtrack,ambiental|inspiring|soundscape
620,track_1011965,artist_002054,16,2,ambient|atmospheric|soundtrack,ambiental|inspiring|soundscape
621,track_1012513,artist_431049,2,1,indie|pop|triphop,melodic
622,track_1012642,artist_431325,3,2,classical|orchestral|soundtrack|symphonic,epic
623,track_1016179,artist_004934,1,1,darkambient|electronic|triphop,deep
624,track_1020438,artist_373547,2,1,dance|funk|jazz,adventure
625,track_1021750,artist_428971,7,1,easylistening|popfolk|poprock,positive
626,track_1021754,artist_428971,14,1,easylistening|funk,commercial|inspiring
627,track_1021913,artist_002741,1,1,easylistening|electronic|newage,documentary|emotional|groovy|soft
628,track_1022250,artist_432521,10,2,ambient|darkwave|newage,horror
629,track_1022254,artist_432521,9,2,ambient|darkwave|newage,horror
630,track_1022638,artist_007584,9,2,postrock|rock,epic|sad
631,track_1023138,artist_340121,10,2,pop|rock,ballad|love
632,track_1023265,artist_432273,12,2,classical|soundtrack,documentary|romantic
633,track_1023273,artist_432273,5,2,classical|orchestral|soundtrack,children|christmas|documentary
634,track_1023279,artist_432273,3,2,jazz|soundtrack,documentary
635,track_1026090,artist_366162,11,1,easylistening|pop,melodic|romantic
636,track_1026957,artist_432967,1,1,ambient|chillout|easylistening|lounge,relaxing
637,track_1027159,artist_432967,9,2,easylistening|lounge|newage|world,meditative
638,track_1027573,artist_361694,3,2,celtic|newage,meditative|relaxing
639,track_1027913,artist_005240,13,1,ambient|classicrock|experimental|lounge|orchestral|pop|soundtrack,documentary|drama|emotional
640,track_1027926,artist_005240,1,1,ambient|classical|experimental|orchestral|soundtrack,adventure|advertising|children|documentary|emotional
641,track_1027959,artist_360311,2,2,classical|electronic,background|film
642,track_1028913,artist_366613,9,2,classical,sad
643,track_1028938,artist_375104,7,1,instrumentalpop|poprock,advertising|corporate|energetic|motivational|positive
644,track_1029179,artist_004812,15,2,chillout,calm|documentary|relaxing
645,track_1029542,artist_361660,12,2,easylistening,emotional|sad
646,track_1029554,artist_337159,9,2,classical|soundtrack,film
647,track_1029838,artist_003004,6,2,soundtrack|world,documentary
648,track_1029950,artist_423996,9,2,ambient|electronic|experimental,dark
649,track_1032157,artist_421279,7,1,blues|rock,retro
650,track_1032226,artist_379099,9,2,ambient|electronic,soundscape
651,track_1032850,artist_375327,15,1,chillout|house|techno,space
652,track_1033354,artist_428489,13,2,electronic|newage|soundtrack,christmas
653,track_1033913,artist_422519,6,2,punkrock|rock,emotional
654,track_1034238,artist_434091,2,1,chillout|classical|newage|orchestral,epic
655,track_1034573,artist_432466,6,2,instrumentalrock|rock,melodic
656,track_1035757,artist_339169,1,1,chillout|downtempo|electronic|electronica,love
657,track_1035759,artist_339169,16,2,ambient|chillout|newage,relaxing
658,track_1035765,artist_339169,13,1,ambient|chillout|electronic,relaxing
659,track_1037338,artist_000811,5,2,soundtrack,documentary
660,track_1038157,artist_434578,12,2,classical|contemporary|soundtrack,love
661,track_1038159,artist_434578,9,2,classical|contemporary|soundtrack,love
662,track_1039757,artist_366701,1,1,experimental|jazz|soundtrack,emotional|energetic
663,track_1039759,artist_366701,6,2,easylistening|improvisation|jazz|soundtrack,emotional|energetic|meditative
664,track_1041157,artist_363226,8,1,blues,love
665,track_1041265,artist_434948,4,1,electronic,sport
666,track_1041557,artist_427960,3,2,folk|popfolk,melodic
667,track_1041559,artist_427960,7,1,folk|popfolk,melodic
668,track_1041957,artist_341642,11,1,electronic|pop|trance,energetic
669,track_1041959,artist_341642,8,1,electronic|pop|trance,energetic
670,track_1042013,artist_434945,16,2,classical|orchestral,drama|film
671,track_1042079,artist_362636,2,2,ambient|electronic,relaxing
672,track_1043173,artist_359114,1,1,newage,melodic
673,track_1043538,artist_375104,6,2,chillout|easylistening,background|dream|romantic
674,track_1044779,artist_355675,4,1,rock|singersongwriter,upbeat
675,track_1044813,artist_362473,15,1,electronic|newage|soundtrack,dream|emotional
676,track_1044826,artist_375935,16,1,poprock,advertising|corporate|motivational
677,track_1044950,artist_005279,3,2,alternative|indie,energetic
678,track_1045065,artist_379099,16,2,ambient|electronic,soundscape
679,track_1045250,artist_003944,1,1,easylistening|funk,inspiring|positive
680,track_1046465,artist_005951,10,2,classical|soundtrack,relaxing
681,track_1046742,artist_370789,12,2,easylistening|soundtrack,fun|soft
682,track_1046759,artist_361044,3,2,easylistening,documentary|emotional|soft
683,track_1047438,artist_359452,15,1,dance|electronica,space|summer
684,track_1047957,artist_369180,11,1,electronic|soundtrack|techno,dark
685,track_1047959,artist_369180,1,1,darkambient|electronic,dark
686,track_1048090,artist_420796,10,2,newage|pop,relaxing
687,track_1048226,artist_375935,7,1,folk|pop,advertising
688,track_1048290,artist_008094,10,2,ambient|classical|soundtrack,emotional|film
689,track_1048357,artist_008094,5,2,ambient|classical|soundtrack,emotional|film
690,track_1048359,artist_008094,12,2,ambient|soundtrack,emotional|film
691,track_1048679,artist_352172,3,2,atmospheric|rock,dream
692,track_1048750,artist_008094,12,2,ambient|classical|soundtrack,emotional|film
693,track_1048765,artist_008094,16,2,ambient|soundtrack,emotional|film
694,track_1048773,artist_008094,5,2,ambient|classical|soundtrack,emotional|film
695,track_1049513,artist_008094,12,2,ambient|soundtrack,emotional|film
696,track_1049713,artist_008094,12,2,soundtrack,emotional|film
697,track_1051173,artist_435792,3,2,folk,soft
698,track_1052138,artist_435725,5,2,classical|orchestral,film
699,track_1052154,artist_421686,11,1,electronic|house|trance,uplifting
700,track_1052157,artist_421686,4,1,electronic|house|trance,uplifting
701,track_1052159,artist_421686,8,1,electronic|house|trance,uplifting
702,track_1052679,artist_344764,16,2,classical|soundtrack,epic
703,track_1053054,artist_436282,11,1,ambient|dance|electronic,energetic
704,track_1053226,artist_350115,4,1,dance|electronic|trance,summer
705,track_1053338,artist_359617,14,1,hiphop,sad
706,track_1053842,artist_340225,10,2,ambient|electronic,emotional
707,track_1054342,artist_007805,3,2,folk|popfolk,sad
708,track_1054373,artist_367887,1,2,easylistening|instrumentalpop,melodic
709,track_1054438,artist_007805,6,2,folk|popfolk,slow
710,track_1056142,artist_349503,10,2,jazz,dream
711,track_1057257,artist_359114,3,2,classical,melodic
712,track_1057426,artist_436872,8,1,pop|poprock|singersongwriter,love|melodic
713,track_1058213,artist_436908,3,2,ambient|experimental,documentary|movie|relaxing
714,track_1058226,artist_005544,7,1,funk|soundtrack,melodic
715,track_1058326,artist_366613,13,1,metal,action|energetic
716,track_1059973,artist_428874,9,2,ambient|choir|classical|soundtrack,romantic
717,track_1060626,artist_432545,13,1,electronic,advertising|documentary|movie
718,track_1060638,artist_432545,1,1,electronic,advertising|documentary|movie
719,track_1061373,artist_007063,2,1,ambient|electronic,commercial
720,track_1061379,artist_007063,4,1,electronic|instrumentalrock|pop|poprock|rock,commercial
721,track_1061413,artist_007063,1,1,instrumentalrock|pop|poprock|rock,sport
722,track_1061457,artist_007063,4,1,instrumentalrock|pop|poprock|rock,commercial
723,track_1061459,artist_007063,4,1,electronic|instrumentalpop|pop,commercial
724,track_1061473,artist_007063,4,1,instrumentalrock|pop|poprock|rock,sport
725,track_1062590,artist_428449,2,2,ambient|chillout|easylistening|soundtrack,advertising|motivational
726,track_1063179,artist_000560,7,2,choir|orchestral|soundtrack,epic|film
727,track_1063326,artist_437571,1,1,indie|rock|soundtrack,documentary|film
728,track_1063450,artist_437571,15,1,80s|reggae|soundtrack,film
729,track_1063454,artist_437571,3,2,folk|pop|soundtrack,film
730,track_1063457,artist_437571,7,1,indie|pop|soundtrack,film|holiday
731,track_1063459,artist_437571,4,1,atmospheric|funk|indie|soundtrack,film
732,track_1063679,artist_337741,3,2,ambient|atmospheric|newage|soundtrack,soundscape
733,track_1064438,artist_338130,3,2,triphop,soft
734,track_1064559,artist_377663,12,2,alternative|dance|poprock|rock,adventure
735,track_1065626,artist_437812,16,2,ambient|edm|electronic|soundtrack,advertising|calm|relaxing
736,track_1065654,artist_340710,1,1,alternative|indie|rock,dark
737,track_1066054,artist_350284,9,2,orchestral|soundtrack|symphonic,epic|trailer
738,track_1066513,artist_437980,7,1,pop,advertising|positive|uplifting
739,track_1066526,artist_437980,7,1,pop,advertising|happy|positive|uplifting
740,track_1066557,artist_437980,7,1,pop,advertising|happy|positive|uplifting
741,track_1066573,artist_437980,7,1,pop,advertising|happy|positive|uplifting
742,track_1067265,artist_438155,15,1,electronic|triphop,film
743,track_1067273,artist_438155,11,1,electronic|triphop,film
744,track_1067290,artist_351337,1,1,alternative|indie|rock|soundtrack,emotional|energetic|melodic
745,track_1068379,artist_363229,3,2,newage|world,relaxing
746,track_1070113,artist_435725,12,2,classical,film
747,track_1070638,artist_367887,5,2,classical,christmas
748,track_1072126,artist_375104,13,1,poprock,background|happy|positive
749,track_1072426,artist_339989,7,1,electronic|funk|rock|soul,energetic
750,track_1072438,artist_339989,7,1,electronic|funk|rock,energetic
751,track_1072579,artist_430947,16,2,ambient,soundscape
752,track_1072913,artist_354832,14,1,drumnbass|electronic|swing,slow
753,track_1073154,artist_007862,15,1,ambient|chillout|downtempo,calm
754,track_1073157,artist_007862,14,1,downtempo|dub|electronic,deep
755,track_1073213,artist_428449,2,2,ambient|chillout|easylistening|soundtrack,advertising|motivational
756,track_1073290,artist_421686,8,1,electronic|industrial,dark
757,track_1073654,artist_341778,14,1,ambient|downtempo|electronic|experimental,dark
758,track_1074726,artist_000560,2,2,orchestral|soundtrack,action|epic
759,track_1074738,artist_000560,4,1,orchestral|soundtrack,action|epic
760,track_1074742,artist_000560,2,1,orchestral|soundtrack,action|epic
761,track_1074750,artist_000560,1,1,orchestral|soundtrack,action|epic
762,track_1075326,artist_360980,2,2,pop,ballad
763,track_1076454,artist_340553,1,1,folk|rock|singersongwriter,retro
764,track_1076457,artist_340553,3,2,folk|rock|singersongwriter,retro
765,track_1076459,artist_340553,6,2,folk|rock|singersongwriter,retro
766,track_1076690,artist_426277,14,1,dance|trance,happy
767,track_1077954,artist_005240,3,2,classical|orchestral|soundtrack,adventure|advertising|documentary|drama|film|nature
768,track_1078365,artist_341528,3,2,ambient|celtic|folk,christmas
769,track_1078426,artist_438603,7,1,pop|progressive|rock|singersongwriter,summer
770,track_1078438,artist_438603,3,2,folk|pop|singersongwriter,ballad|love
771,track_1078442,artist_438603,7,1,alternative|indie|pop|rock,happy|love
772,track_1078450,artist_438603,2,2,pop|poprock|rock,fun|positive
773,track_1078457,artist_438603,6,2,pop|singersongwriter,love
774,track_1078465,artist_438603,5,2,progressive|rock,love
775,track_1078473,artist_438603,6,2,folk|popfolk|progressive|rock,love
776,track_1078479,artist_438603,10,2,progressive|rock,love
777,track_1078613,artist_007805,13,1,pop|popfolk|poprock|soundtrack,film
778,track_1078826,artist_433381,8,1,classical|electronic,epic
779,track_1079150,artist_375104,1,1,dance|poprock,christmas|happy
780,track_1079157,artist_375104,7,1,dance|poprock,christmas|happy
781,track_1079250,artist_368762,2,2,chillout|symphonic|world,trailer
782,track_1079254,artist_368762,16,2,chillout|classical|symphonic,relaxing|trailer
783,track_1079257,artist_368762,5,2,chillout|classical|symphonic,relaxing|trailer
784,track_1079313,artist_423996,16,2,ambient|experimental,dark
785,track_1079757,artist_438603,2,2,pop|poprock|progressive|rock,dream|melancholic
786,track_1080157,artist_438910,12,2,ambient|ethnicrock|world,ambiental|relaxing
787,track_1080165,artist_438910,9,2,ambient|newage,dream|relaxing|soundscape
788,track_1080565,artist_438910,5,2,classical,dream|meditative
789,track_1080990,artist_370789,12,2,pop,happy|love
790,track_1081159,artist_007907,9,2,newage|rock,ballad
791,track_1081690,artist_352416,4,1,ambient|easylistening|lounge,relaxing|romantic
792,track_1081713,artist_352416,11,1,trance,relaxing
793,track_1081842,artist_419438,15,1,easylistening|electronic|lounge,calm|soft
794,track_1081857,artist_419438,14,1,easylistening|electronic|lounge,calm|soft
795,track_1081859,artist_419438,1,1,easylistening|electronic|lounge,calm|soft
796,track_1081865,artist_419438,14,1,easylistening|electronic|lounge,calm|soft
797,track_1082554,artist_352844,9,2,classical,emotional|sad
798,track_1082754,artist_427777,3,2,experimental|popfolk,love
799,track_1082757,artist_427777,10,2,experimental|popfolk,love
800,track_1082759,artist_427777,13,1,experimental|popfolk,love
801,track_1083213,artist_439372,1,1,pop|punkrock|rocknroll,energetic
802,track_1083413,artist_439604,16,2,classical|orchestral|soundtrack,film
803,track_1083526,artist_352428,10,2,pop,meditative|melancholic|sad
804,track_1083538,artist_352428,3,2,pop,meditative|melancholic|sad
805,track_1083959,artist_373214,12,2,classical,drama
806,track_1084165,artist_358348,6,2,ambient|experimental,relaxing
807,track_1084173,artist_358348,5,2,ambient|experimental,relaxing
808,track_1084190,artist_439398,5,2,classical|orchestral,trailer
809,track_1084365,artist_361274,3,2,bossanova|jazz|lounge,happy|positive|romantic
810,track_1084379,artist_361274,14,1,classical|newage|orchestral,epic
811,track_1084738,artist_439604,9,2,classical|orchestral|soundtrack,film
812,track_1084742,artist_439604,12,2,classical|orchestral|soundtrack,film
813,track_1085242,artist_347673,2,2,classical,background|inspiring
814,track_1085279,artist_439604,12,2,chillout|easylistening|orchestral|soundtrack,film
815,track_1085738,artist_369391,9,2,ambient|experimental|soundtrack,soundscape
816,track_1085742,artist_369391,15,2,ambient|experimental|soundtrack,soundscape
817,track_1085950,artist_370789,10,2,ambient|easylistening,soft
818,track_1087059,artist_000560,9,2,orchestral|soundtrack,drama
819,track_1087079,artist_000560,5,2,orchestral|soundtrack,drama
820,track_1087090,artist_000560,9,2,orchestral|soundtrack,drama
821,track_1087257,artist_378747,5,2,easylistening|newage|soundtrack,christmas
822,track_1087538,artist_004142,1,1,blues,christmas
823,track_1087554,artist_419438,4,1,electronic|soundtrack,dark|documentary
824,track_1087557,artist_419438,1,1,easylistening,background|calm
825,track_1087559,artist_419438,1,1,electronic,game|positive|space
826,track_1087565,artist_419438,2,1,electronic,background|dark|documentary|space
827,track_1088579,artist_375104,6,2,pop,fun|game|happy
828,track_1088590,artist_375104,2,2,pop,fun|game|happy
829,track_1089138,artist_357317,11,1,electronic,energetic
830,track_1089142,artist_357317,11,1,electronic,energetic
831,track_1089265,artist_432564,9,2,classical,epic
832,track_1089273,artist_432564,5,2,classical,epic
833,track_1089913,artist_428829,7,1,pop,happy|summer
834,track_1090150,artist_437571,2,1,pop|soundtrack,documentary|film
835,track_1090465,artist_439398,6,1,classical,film|trailer
836,track_1090657,artist_438910,5,2,ambient|newage,meditative|relaxing
837,track_1091338,artist_437812,15,1,dance|edm|electronic,corporate
838,track_1092173,artist_438910,5,2,ambient|electronic|trance,space
839,track_1093426,artist_352416,15,1,ambient|lounge,cool|relaxing|romantic
840,track_1093613,artist_378695,2,1,club|dance|pop|synthpop,energetic
841,track_1094050,artist_350284,9,2,classical|symphonic,epic
842,track_1094054,artist_350284,9,2,classical|orchestral|symphonic,epic
843,track_1094138,artist_003025,8,1,ambient|dance|electronic|house,melodic
844,track_1094142,artist_003025,4,1,ambient|dance|electronic|techno,melodic
845,track_1095113,artist_428449,8,1,ambient|soundtrack,advertising|motivational
846,track_1095365,artist_386200,15,1,electronic|experimental,sport
847,track_1095473,artist_437812,12,2,ambient|downtempo|edm|electronic,advertising|dark|documentary
848,track_1095757,artist_338779,6,2,rock|rocknroll,energetic
849,track_1096057,artist_369391,9,2,ambient|downtempo|experimental|soundtrack,soundscape
850,track_1096126,artist_358348,7,1,ambient|electronic|industrial,dark
851,track_1096138,artist_439935,3,2,indie,dream|melancholic
852,track_1096873,artist_440452,2,1,dance|eurodance|funk|hiphop|rap,energetic|fast
853,track_1098065,artist_363592,14,1,electronic|hiphop|rap,action|dramatic
854,track_1098190,artist_360077,6,2,easylistening|orchestral|soundtrack,epic
855,track_1098826,artist_434847,8,1,electronic|techno|trance,energetic
856,track_1098838,artist_437812,4,1,hiphop|rap|triphop,advertising
857,track_1099313,artist_004116,10,2,ambient|electronic|soundtrack,calm|sad
858,track_1100513,artist_357359,2,1,edm|hiphop|pop|rap,powerful
859,track_1100750,artist_437980,7,1,easylistening,happy|inspiring|relaxing|uplifting
860,track_1100973,artist_437812,14,1,downtempo|electronic|jazz|soundtrack,corporate
861,track_1101290,artist_366162,8,1,disco|pop,background|romantic
862,track_1101379,artist_357317,1,1,electronic,retro
863,track_1103259,artist_337939,12,2,world,ballad|film
864,track_1103265,artist_337939,1,1,world,ballad
865,track_1103659,artist_423187,3,2,easylistening,sad
866,track_1104238,artist_363229,5,2,newage|world,meditative|soft
867,track_1104257,artist_363229,2,2,newage|world,meditative|soft
868,track_1104259,artist_441841,15,1,deephouse|disco|electronic,deep
869,track_1104342,artist_441810,13,1,atmospheric|instrumentalrock|pop|postrock,melodic
870,track_1104754,artist_440452,1,1,dance|downtempo|latin|lounge,love|slow
871,track_1105473,artist_008004,11,1,ambient|electronic|synthpop,space
872,track_1105642,artist_367947,16,2,ambient,soundscape
873,track_1105679,artist_367947,16,2,ambient,soundscape
874,track_1106257,artist_438910,12,2,ambient,dream
875,track_1106259,artist_438910,3,2,ambient|electronic,dream
876,track_1106265,artist_438910,6,1,ambient,dream
877,track_1107273,artist_366613,12,2,classical|orchestral|soundtrack,epic|film
878,track_1107279,artist_366251,13,1,funk|fusion|jazz|metal,groovy
879,track_1108513,artist_347673,9,2,classical,background
880,track_1108554,artist_442559,13,1,dubstep|electronic|experimental,inspiring
881,track_1108659,artist_006916,11,1,dance|electronic|techno|trance,energetic
882,track_1108959,artist_442612,15,2,ambient|atmospheric|improvisation,meditative
883,track_1108965,artist_442612,12,2,ambient|atmospheric|improvisation,meditative
884,track_1109057,artist_356326,12,1,indie|pop,love
885,track_1109742,artist_007635,14,1,hiphop|rock,love|romantic
886,track_1109765,artist_436872,6,2,pop|poprock|singersongwriter,energetic|melodic
887,track_1109773,artist_436872,6,2,pop|poprock|singersongwriter,energetic|melodic
888,track_1109813,artist_437998,3,2,ambient,dream|relaxing|soft
889,track_1109879,artist_441505,7,1,electronic|indie,advertising
890,track_1109890,artist_441505,15,1,electronic|indie,advertising
891,track_1109954,artist_441505,3,2,electronic|indie,advertising
892,track_1110013,artist_441505,13,1,electronic|soundtrack,fun|happy
893,track_1110026,artist_441505,5,1,electronic|soundtrack,fun|happy
894,track_1110057,artist_436558,2,2,metal|rock,fast|heavy|powerful
895,track_1110059,artist_441505,11,1,alternative|electronic,energetic
896,track_1110065,artist_441505,14,1,alternative|electronic,energetic
897,track_1110073,artist_441505,14,1,alternative|electronic,energetic
898,track_1110513,artist_441505,11,1,ambient|electronic,uplifting
899,track_1110526,artist_441505,11,1,alternative|electronic,happy|uplifting
900,track_1110538,artist_441505,3,2,experimental,background|dream
901,track_1110750,artist_441505,15,1,electronic|pop,fun|happy
902,track_1110754,artist_441505,7,1,electronic|pop,fun|happy
903,track_1110757,artist_441505,14,1,electronic|pop,fun|happy
904,track_1110759,artist_441505,15,1,electronic|pop,fun|happy
905,track_1110765,artist_441505,14,1,electronic|pop,fun|happy
906,track_1110773,artist_441505,11,1,electronic|pop,fun|happy
907,track_1110779,artist_441505,6,1,electronic|pop,fun|happy
908,track_1111738,artist_442664,1,1,easylistening|soundtrack,game
909,track_1111742,artist_442664,10,2,easylistening|soundtrack,game
910,track_1111973,artist_441505,10,2,classical|electronic,emotional
911,track_1111979,artist_441505,15,2,classical|electronic,emotional
912,track_1111990,artist_441505,10,2,classical|electronic,emotional
913,track_1112013,artist_441505,10,2,classical|soundtrack,melodic
914,track_1112026,artist_441505,5,2,classical|soundtrack,melodic
915,track_1112054,artist_441505,5,2,classical|electronic|soundtrack,advertising
916,track_1112057,artist_441505,5,2,classical|electronic|soundtrack,advertising
917,track_1112059,artist_441505,3,2,classical|electronic|soundtrack,advertising
918,track_1112065,artist_428449,16,1,ambient|easylistening|soundtrack,calm|corporate|motivational
919,track_1112173,artist_438966,1,1,electronic|newage|pop|techno,relaxing
920,track_1112338,artist_441505,7,1,electronic|industrial,emotional|meditative
921,track_1113613,artist_340663,3,2,poprock,ballad|romantic
922,track_1113973,artist_340225,7,1,deephouse|electronic|house,melodic
923,track_1114038,artist_437980,1,1,poprock|rock|soundtrack,dark
924,track_1114938,artist_004965,13,1,ambient|electronic,dream|meditative
925,track_1115613,artist_441505,15,2,ambient|electronic|minimal,melodic
926,track_1115626,artist_441505,3,2,ambient|electronic|minimal,melodic
927,track_1115642,artist_441505,11,1,electronic,fun
928,track_1115679,artist_441505,2,1,bossanova|latin,relaxing
929,track_1115690,artist_441505,6,2,indie|instrumentalpop|pop,melodic
930,track_1116938,artist_423996,5,2,ambient|experimental|orchestral,dark
931,track_1116942,artist_423996,3,2,ambient|experimental|orchestral,dark
932,track_1116950,artist_423996,7,1,ambient|experimental|orchestral,dark
933,track_1117565,artist_443173,11,1,dance|jazz,funny|game
934,track_1118090,artist_438910,5,2,ambient|darkambient|experimental,meditative|slow
935,track_1118542,artist_366940,9,2,atmospheric|metal,melancholic
936,track_1118838,artist_438910,1,1,fusion|pop,ambiental|happy|summer
937,track_1119738,artist_375104,2,2,chillout|easylistening,meditative|relaxing
938,track_1119938,artist_000560,6,2,orchestral|soundtrack,adventure|film
939,track_1119942,artist_000560,7,2,orchestral|soundtrack,adventure|film
940,track_1121413,artist_443553,8,1,electronic,film
941,track_1121426,artist_443553,16,2,ambient|electronic,film|horror
942,track_1121438,artist_443553,15,1,dance|edm|electropop|pop,party
943,track_1121442,artist_443553,8,1,dance|pop,energetic|party
944,track_1121457,artist_443553,13,2,ambient,film|hopeful|love|sad
945,track_1121459,artist_443553,5,2,ambient|easylistening,positive|relaxing|soft
946,track_1121465,artist_443553,14,1,ambient|atmospheric|electronic,film|nature
947,track_1121554,artist_443569,7,1,blues,relaxing
948,track_1121559,artist_443173,8,1,country,party
949,track_1121565,artist_443173,12,2,pop,meditative
950,track_1121813,artist_367947,4,1,ambient,soundscape
951,track_1121826,artist_367947,16,2,ambient,soundscape
952,track_1122013,artist_437998,5,2,classical,dream|relaxing|soft
953,track_1122913,artist_428874,8,1,ambient|jazz|lounge,relaxing|summer
954,track_1123273,artist_431049,14,1,electronic|hiphop|pop,melodic|upbeat
955,track_1123759,artist_428489,5,2,classical|soundtrack,horror
956,track_1123854,artist_443769,1,1,electronic|funk,groovy
957,track_1123873,artist_443769,7,1,electronic,retro
958,track_1123938,artist_440452,1,1,instrumentalrock|progressive|rock,emotional
959,track_1124713,artist_432273,12,2,easylistening|soundtrack,drama|sad
960,track_1124726,artist_432273,11,1,tribal|world,children|funny
961,track_1125513,artist_352184,4,1,ambient,soundscape
962,track_1125673,artist_375104,13,1,funk|rock,background|energetic
963,track_1125679,artist_375104,7,1,funk|rock,background|energetic
964,track_1125690,artist_375104,13,1,funk|rock,background|energetic
965,track_1125757,artist_423996,9,2,ambient|experimental,nature
966,track_1125842,artist_437812,13,1,indie|popfolk,love|upbeat
967,track_1127390,artist_438910,5,2,darkambient|electronic|experimental,dramatic
968,track_1128890,artist_433123,10,2,ambient,meditative|relaxing
969,track_1129026,artist_433123,6,2,classical,relaxing
970,track_1129342,artist_365532,6,1,electronic|experimental,space|travel
971,track_1129413,artist_340262,11,1,dance|electronic,action|advertising|corporate|energetic
972,track_1129459,artist_002986,11,1,electronic,deep
973,track_1131173,artist_352428,10,2,easylistening|newage|popfolk,nature
974,track_1131179,artist_352428,10,2,easylistening|newage|popfolk,nature
975,track_1131442,artist_444350,1,1,newage|soundtrack|worldfusion,energetic
976,track_1131450,artist_444350,1,1,newage|soundtrack|worldfusion,energetic
977,track_1131565,artist_340121,9,2,ambient|chillout|electronic|lounge,relaxing
978,track_1131573,artist_340121,1,1,ambient|atmospheric|chillout|electronic|lounge,relaxing
979,track_1133342,artist_434948,8,1,electronic|hiphop|industrial,energetic
980,track_1133350,artist_434948,4,1,electronic|hiphop|industrial,energetic
981,track_1133479,artist_444486,8,1,alternative|indie|pop|rock,energetic|melodic
982,track_1133554,artist_375104,12,2,dance|poprock,corporate|energetic|motivational|positive
983,track_1133559,artist_375104,12,2,dance|poprock,corporate|energetic|motivational|positive
984,track_1134438,artist_433123,9,2,newage,meditative|relaxing
985,track_1134465,artist_338779,2,2,pop|soundtrack,dream|sad
986,track_1134850,artist_437980,11,1,classical|soundtrack,corporate
987,track_1134854,artist_448491,6,1,metal,dark
988,track_1134859,artist_437980,8,1,classical|soundtrack,corporate
989,track_1135054,artist_423882,2,1,chillout|lounge,relaxing
990,track_1135079,artist_338444,11,1,dub|dubstep|electronic,deep|space
991,track_1135157,artist_375935,7,1,easylistening|popfolk|poprock,advertising|corporate|fun|happy
992,track_1135390,artist_370748,8,1,ambient|electronic,film|sad
993,track_1135473,artist_006916,13,1,ambient|chillout|triphop,calm
994,track_1135713,artist_007063,12,2,electronic|pop,commercial|trailer
995,track_1136338,artist_357317,4,1,dance|electronic,energetic
996,track_1136342,artist_357317,8,1,dance|electronic,energetic
997,track_1136365,artist_337741,3,2,ambient|electronic|newage|soundtrack,soundscape
998,track_1136842,artist_367979,2,2,alternative|grunge|indie|rock,action
999,track_1137259,artist_448643,14,1,easylistening|folk|pop,energetic|upbeat
1000,track_1138773,artist_357359,14,1,hiphop|pop|rap,mellow
1001,track_1139426,artist_428449,9,2,ambient|chillout|easylistening,dramatic|dream|emotional|epic|hopeful|motivational
1002,track_1139450,artist_435845,4,1,eurodance|pop,love
1003,track_1139454,artist_435845,4,1,eurodance|pop,love
1004,track_1142559,artist_451078,1,1,hiphop,inspiring
1005,track_1142857,artist_429523,1,1,,children|game|holiday
1006,track_1143154,artist_366613,9,2,classical|improvisation|soundtrack,emotional|relaxing
1007,track_1143857,artist_452142,1,2,chillout|pop|rock,emotional|relaxing|soft
1008,track_1143942,artist_375935,6,2,orchestral|soundtrack,advertising|happy|motivational
1009,track_1144754,artist_375104,9,2,instrumentalrock|poprock,dramatic|epic|inspiring|trailer
1010,track_1144757,artist_375104,9,1,instrumentalrock|poprock,dramatic|epic|inspiring|trailer
1011,track_1145459,artist_374130,12,1,pop,ballad
1012,track_1145838,artist_442397,13,1,ambient|classical,film
1013,track_1147338,artist_452945,4,1,country|rock|rocknroll,energetic|movie|sport
1014,track_1147359,artist_452945,1,1,folk|hardrock|rock|soundtrack,film|sport
1015,track_1149226,artist_357317,8,1,dance|electronic,energetic|retro
1016,track_1149238,artist_357317,8,1,dance|electronic,energetic|retro
1017,track_1149313,artist_452142,3,2,ambient|chillout|pop,dream|emotional|relaxing|slow
1018,track_1149373,artist_005240,7,1,pop|soundtrack,corporate|documentary
1019,track_1149454,artist_005240,14,1,instrumentalpop|pop|soundtrack,corporate|documentary
1020,track_1149573,artist_359452,13,1,disco|electronica|electropop,dream
1021,track_1149713,artist_008094,12,2,,film
1022,track_1149726,artist_008094,1,1,electronic,film|meditative
1023,track_1149757,artist_347673,9,2,classical,inspiring
1024,track_1149873,artist_008094,9,2,electronic,film|meditative
1025,track_1150079,artist_008094,5,2,electronic,film|meditative
1026,track_1150113,artist_008094,10,2,,film|meditative
1027,track_1150126,artist_008094,5,2,electronic,film|meditative
1028,track_1150350,artist_008094,12,2,electronic,film|meditative
1029,track_1150354,artist_008094,5,2,,film|meditative
1030,track_1150357,artist_008094,12,2,electronic,film|meditative
1031,track_1150359,artist_008094,3,2,electronic,film|meditative
1032,track_1150379,artist_008094,5,2,electronic,film|meditative
1033,track_1150490,artist_439567,14,1,hiphop|triphop,meditative
1034,track_1150738,artist_007872,9,2,folk|indie|popfolk,dark
1035,track_1151550,artist_452945,1,1,easylistening|pop,children|soft
1036,track_1151554,artist_452945,8,1,easylistening|pop|soundtrack,advertising|happy
1037,track_1151559,artist_452945,7,1,easylistening|pop|soundtrack,children|film|movie
1038,track_1152638,artist_452945,1,1,heavymetal|rock|soundtrack,energetic|movie|sport
1039,track_1153942,artist_339574,16,2,newage|soundtrack,dark|epic
1040,track_1153990,artist_340444,7,1,indie|pop|poprock,happy
1041,track_1154279,artist_441699,7,1,,love
1042,track_1154338,artist_375104,8,1,dance|electronic|techno|trance,dream|space
1043,track_1155054,artist_454134,7,1,grunge|metal|punkrock,energetic
1044,track_1155057,artist_454134,7,1,grunge|metal|punkrock,energetic
1045,track_1155059,artist_454134,4,1,grunge|metal|punkrock,energetic
1046,track_1155157,artist_432273,3,2,classical,soft
1047,track_1155559,artist_362955,1,1,folk|instrumentalpop,film
1048,track_1156042,artist_439289,16,2,atmospheric|classical|soundtrack,epic|trailer
1049,track_1156573,artist_371382,11,1,breakbeat|club|dance|techno|trance,party|upbeat
1050,track_1156579,artist_375935,2,2,soundtrack,action|adventure|documentary|epic|film
1051,track_1157350,artist_381661,5,2,classical|folk|soundtrack,epic
1052,track_1157357,artist_381661,5,2,classical|orchestral|soundtrack,drama
1053,track_1158173,artist_432273,7,1,ambient|jazz,documentary|emotional
1054,track_1158965,artist_450929,8,1,electronic|folk|popfolk,fast|positive
1055,track_1158979,artist_357317,11,1,electronic,energetic
1056,track_1159259,artist_442381,4,1,pop,energetic|film
1057,track_1159659,artist_455072,6,1,folk|popfolk,energetic
1058,track_1159665,artist_455072,2,1,folk|popfolk,energetic
1059,track_1159690,artist_437812,2,2,ambient|electronic|soundtrack,advertising
1060,track_1159738,artist_435953,13,2,ambient|minimal,deep
1061,track_1159742,artist_455072,6,1,folk|popfolk,energetic
1062,track_1159859,artist_455091,13,1,celtic|indie,dream
1063,track_1160273,artist_443553,10,2,atmospheric|classical|soundtrack,commercial
1064,track_1161157,artist_002656,1,1,easylistening|soundtrack,energetic
1065,track_1161459,artist_375104,12,1,dance|electronic,advertising|energetic
1066,track_1161938,artist_357359,15,1,electropop|rap|techno,inspiring
1067,track_1162013,artist_004777,2,2,alternative|indie|pop|rock,heavy
1068,track_1162938,artist_455463,3,2,ambient|experimental|progressive,calm|dream|love
1069,track_1162942,artist_428877,9,2,classical,christmas
1070,track_1162954,artist_438910,5,2,ambient,dream|meditative
1071,track_1162957,artist_438910,4,1,electropop,dramatic
1072,track_1162979,artist_455689,10,2,ambient|electronic|newage,dream
1073,track_1163350,artist_347673,9,2,alternative|pop|rock,dark
1074,track_1163779,artist_370988,6,2,80s|electronic,retro
1075,track_1163965,artist_455760,3,2,folk,ballad
1076,track_1164050,artist_341459,1,1,easylistening|soundtrack,emotional
1077,track_1164338,artist_353294,3,2,classical|soundtrack,action|romantic
1078,track_1164465,artist_437980,1,1,electronic,dark|sexy
1079,track_1164479,artist_437980,16,2,classical|soundtrack,epic|inspiring
1080,track_1164990,artist_007805,3,2,folk|instrumentalpop|soundtrack,film|love|slow
1081,track_1165173,artist_352416,4,1,ambient|easylistening|lounge,romantic
1082,track_1165179,artist_352416,1,1,ambient|easylistening|lounge,romantic
1083,track_1165465,artist_455057,1,1,folk|indie|popfolk,happy|inspiring|love|positive
1084,track_1165473,artist_455057,15,2,folk|popfolk|singersongwriter,uplifting
1085,track_1166090,artist_437980,16,2,classical|soundtrack,children|christmas|fun
1086,track_1166150,artist_005240,12,2,classical|soundtrack,children|emotional
1087,track_1166159,artist_005240,3,2,classical|soundtrack,adventure|drama
1088,track_1166679,artist_442397,11,1,rock,corporate|film
1089,track_1166926,artist_007805,6,2,folk|popfolk|soundtrack,film
1090,track_1167073,artist_367887,3,2,classical,christmas
1091,track_1167079,artist_367887,5,2,classical,christmas
1092,track_1167557,artist_375104,8,1,dance|pop,christmas|funny|happy
1093,track_1167565,artist_375104,6,1,dance|pop,christmas|funny|happy
1094,track_1167873,artist_456650,2,1,indie|pop|soundtrack,energetic|happy|love|upbeat
1095,track_1167954,artist_451073,15,2,easylistening,christmas
1096,track_1168479,artist_367887,2,1,classicrock|pop,christmas
1097,track_1168813,artist_448635,2,2,easylistening|electronic|newage|soundtrack,relaxing
1098,track_1169057,artist_374229,8,1,pop|rock,ballad
1099,track_1169059,artist_374229,4,1,pop|rock,ballad
1100,track_1169526,artist_362473,6,1,chillout|lounge,love|space
1101,track_1169713,artist_338649,5,2,classical,emotional
1102,track_1169726,artist_338649,5,2,classical,emotional
1103,track_1169942,artist_457223,15,1,electronic|hiphop,energetic|happy
1104,track_1170413,artist_455493,12,2,classical|soundtrack,movie
1105,track_1171150,artist_368975,8,1,ambient|classical|experimental|orchestral|soundtrack,meditative
1106,track_1171238,artist_375104,15,1,instrumentalpop|pop,christmas|happy|holiday
1107,track_1171250,artist_375104,3,2,instrumentalpop|pop,christmas|happy|holiday
1108,track_1171254,artist_375104,13,1,instrumentalpop|pop,christmas|happy|holiday
1109,track_1171550,artist_370490,9,2,ambient|electronic|experimental,energetic
1110,track_1172557,artist_435725,9,2,classical|orchestral,drama
1111,track_1172565,artist_435725,5,2,classical|orchestral,drama
1112,track_1173138,artist_338447,16,2,ambient|orchestral|soundtrack,action|adventure|film
1113,track_1173142,artist_338447,16,2,ambient|classical|orchestral|soundtrack,adventure|film
1114,track_1174090,artist_337741,3,2,ambient|atmospheric|newage|soundtrack,soundscape
1115,track_1174442,artist_352230,12,2,indie|jazz|rock,melodic
1116,track_1174465,artist_457860,14,1,hiphop,happy
1117,track_1176150,artist_457205,7,1,folk|rock|soundtrack,hopeful|inspiring|positive
1118,track_1176413,artist_457998,9,2,ambient|newage|world,dream|film|hopeful
1119,track_1177354,artist_458036,11,1,breakbeat|electronic|oriental,fast|upbeat
1120,track_1177757,artist_437571,13,1,60s|soul,documentary|film
1121,track_1177790,artist_437571,4,1,indie,documentary|film
1122,track_1177890,artist_438603,6,2,pop|rock,dramatic
1123,track_1180613,artist_007349,7,1,club|dance|pop,happy
1124,track_1185757,artist_003944,8,1,chillout|electronica,corporate|motivational|uplifting
1125,track_1185765,artist_003944,2,1,jazz|lounge,groovy
1126,track_1185773,artist_003944,10,2,classical|soundtrack,motivational|uplifting
1127,track_1185779,artist_003944,3,2,easylistening|electronic,happy|uplifting
1128,track_1185790,artist_003944,1,1,electronic|lounge,motivational|uplifting
1129,track_1186026,artist_375104,2,2,funk|groove|rock,energetic
1130,track_1186165,artist_457665,1,2,choir|folk|pop|popfolk,happy
1131,track_1187479,artist_434945,5,2,classical|orchestral|soundtrack|symphonic,dark|film
1132,track_1187642,artist_005365,16,2,pop|popfolk|singersongwriter,sad
1133,track_1188126,artist_434337,8,1,dance|pop,happy|love
1134,track_1188990,artist_000560,16,2,darkambient|orchestral|soundtrack|symphonic,dark|horror
1135,track_1189073,artist_460234,5,2,pop|singersongwriter,love|sad
1136,track_1189913,artist_460469,12,2,easylistening|indie|rock,corporate|hopeful|inspiring|motivational|uplifting
1137,track_1189926,artist_460469,7,1,easylistening|folk|indie|soundtrack,background|happy|positive|uplifting
1138,track_1189938,artist_460469,6,2,folk|indie|rock,background|inspiring|uplifting
1139,track_1189942,artist_460469,8,1,indie|rock,background|commercial|cool|corporate|positive|upbeat
1140,track_1189950,artist_460469,2,2,easylistening|folk|indie,background|romantic
1141,track_1189954,artist_460469,3,2,easylistening|indie|singersongwriter,background|soft
1142,track_1189957,artist_460469,14,1,easylistening|folk|indie,background|fun|groovy|happy
1143,track_1190138,artist_460519,7,1,jazz,dark
1144,track_1190159,artist_006916,1,1,ambient|chillout|triphop,calm
1145,track_1190165,artist_460519,9,2,ambient|orchestral,dark|epic
1146,track_1190626,artist_340121,2,2,ambient|chillout|electronic,meditative
1147,track_1190665,artist_340121,13,1,ambient|electronic|newage,meditative
1148,track_1190959,artist_455057,15,1,easylistening|folk|world,commercial|energetic|fun|happy
1149,track_1190979,artist_453529,14,1,ambient|downtempo|electronic|soundtrack,soundscape
1150,track_1191326,artist_355362,16,2,soundtrack|symphonic|world,film|trailer
1151,track_1192554,artist_456894,6,1,jazz|jazzfusion|soundtrack,emotional
1152,track_1193450,artist_461256,7,2,hardrock|progressive|rock,sport
1153,track_1193890,artist_348759,12,2,classical|jazz|soundtrack,melancholic
1154,track_1193990,artist_431036,8,1,electronic|indie|synthpop,background|corporate|motivational
1155,track_1194557,artist_002656,3,2,jazz|jazzfusion,drama|movie
1156,track_1194590,artist_002656,15,2,ambient|electronic|electropop|soundtrack,meditative
1157,track_1194757,artist_461539,1,1,atmospheric|dubstep|hiphop,space
1158,track_1194759,artist_461539,3,1,atmospheric|hiphop|triphop,dark|space
1159,track_1194765,artist_461539,2,1,ambient|atmospheric|hiphop,space
1160,track_1194790,artist_432273,12,2,classical|minimal|soundtrack|symphonic,adventure|documentary|drama|emotional
1161,track_1194826,artist_370191,5,2,classical|orchestral|soundtrack,soft
1162,track_1195826,artist_340121,8,1,ambient|electronic|newage|soundtrack,film|meditative
1163,track_1195865,artist_003944,1,1,folk|pop|rock,corporate|documentary|emotional
1164,track_1195873,artist_003944,10,2,classical|soundtrack,romantic
1165,track_1195879,artist_003944,4,1,folk|pop,corporate|happy|inspiring
1166,track_1195890,artist_003944,5,2,classical|minimal,sad
1167,track_1195913,artist_003944,2,2,groove|reggae,happy|travel
1168,track_1195926,artist_003944,2,1,electronic|hiphop,epic
1169,track_1195938,artist_003944,1,1,easylistening|electronic,advertising|commercial|corporate
1170,track_1196179,artist_361694,1,1,orchestral|soundtrack|symphonic,dramatic|epic
1171,track_1197079,artist_419438,1,1,country|soundtrack,calm|happy|inspiring|positive
1172,track_1197390,artist_347673,5,2,classical,romantic
1173,track_1198190,artist_456650,1,1,alternative|rock|soundtrack,background|dark|dramatic|film|hopeful|powerful
1174,track_1198259,artist_359472,9,2,soundtrack,game|space
1175,track_1198538,artist_419438,4,1,house,positive|sexy|upbeat|uplifting
1176,track_1198542,artist_419438,11,1,house,positive|sexy|upbeat|uplifting
1177,track_1198550,artist_419438,8,1,house,positive|sexy|upbeat|uplifting
1178,track_1198554,artist_419438,2,1,house,positive|sexy|upbeat|uplifting
1179,track_1198557,artist_462340,12,2,newage,christmas|holiday
1180,track_1198559,artist_462340,3,2,newage,christmas|holiday
1181,track_1198565,artist_462340,3,2,newage,christmas|holiday
1182,track_1198673,artist_419438,4,1,funk,energetic|happy|positive|uplifting
1183,track_1199050,artist_419438,8,1,electronic|rock|soundtrack,dramatic|sad
1184,track_1199054,artist_419438,1,1,electronic|hiphop|soundtrack,dark
1185,track_1199057,artist_419438,8,1,electronic|house,dark|energetic|sport
1186,track_1199059,artist_419438,16,2,ambient|electronic|soundtrack,dark|horror
1187,track_1199573,artist_368142,14,1,ambient|darkambient|industrial,space
1188,track_1199626,artist_431744,1,1,electronic|experimental|newage,love
1189,track_1201479,artist_363592,1,1,90s|hiphop|rap,ballad
1190,track_1202954,artist_463083,13,1,folk|world,travel
1191,track_1203657,artist_426192,13,1,60s|rock|singersongwriter,fun
1192,track_1203665,artist_426192,4,1,60s|blues|bluesrock|singersongwriter,sad
1193,track_1203865,artist_368762,14,1,chillout|ethno|symphonic,relaxing|trailer
1194,track_1203873,artist_368762,16,2,chillout|classical|symphonic,epic|film|relaxing|trailer
1195,track_1203926,artist_003682,5,2,darkambient|electronic|experimental,horror
1196,track_1203950,artist_003682,9,2,darkambient|electronic|experimental,horror|soft
1197,track_1204665,artist_463402,2,1,country|pop,fun|happy|love
1198,track_1204813,artist_462768,4,1,alternative|indie|poprock,fast|funny
1199,track_1205073,artist_463180,7,1,ambient|ethno|tribal,nature|soundscape
1200,track_1205954,artist_463441,8,1,dance|electropop|synthpop,fast|travel
1201,track_1206159,artist_438910,10,2,ambient|electropop,melodic
1202,track_1208042,artist_347734,1,1,experimental|psychedelic|trance,dream
1203,track_1208250,artist_438161,15,1,chillout|electronic|experimental,sad
1204,track_1208442,artist_464776,14,1,hiphop,sad
1205,track_1209359,artist_455057,1,2,soundtrack|world,calm|happy|nature|travel
1206,track_1209450,artist_451073,6,2,pop,advertising|corporate|motivational
1207,track_1209626,artist_003944,7,1,pop|rock,corporate|happy|motivational
1208,track_1209638,artist_003944,16,2,easylistening|orchestral|soundtrack,dark|epic
1209,track_1209642,artist_003944,1,1,easylistening|jazz,inspiring
1210,track_1209650,artist_003944,10,2,electronic|soundtrack,drama|emotional
1211,track_1209654,artist_003944,11,1,ethno|soundtrack,action|adventure|trailer
1212,track_1209657,artist_003944,4,1,ethno|soundtrack,action|adventure
1213,track_1209659,artist_003944,8,1,easylistening|electronic,corporate|emotional
1214,track_1210890,artist_352428,16,2,ambient|darkambient|popfolk,ballad
1215,track_1211213,artist_351337,13,1,alternative|indie,emotional|love
1216,track_1211526,artist_456650,16,1,pop|poprock|soundtrack,drama|dream|emotional|love|romantic|space
1217,track_1214850,artist_466508,14,1,experimental|fusion|latin,deep
1218,track_1215873,artist_466801,4,1,indie|rock,party
1219,track_1216038,artist_466868,6,2,alternative|folk|pop,ballad
1220,track_1216154,artist_458175,16,2,orchestral|soundtrack|symphonic,film|positive|trailer
1221,track_1216157,artist_458175,16,2,orchestral|soundtrack|symphonic,dramatic|uplifting
1222,track_1216159,artist_458175,5,2,atmospheric|orchestral|soundtrack,melancholic|trailer
1223,track_1216213,artist_456650,6,2,electronic|electropop|pop,adventure|happy|positive
1224,track_1217157,artist_441694,4,1,electropop|indie|rock,inspiring
1225,track_1217159,artist_441694,1,1,electropop|indie|rock,inspiring
1226,track_1217165,artist_441694,1,1,electropop|indie|rock,inspiring
1227,track_1217513,artist_396983,13,1,easylistening|electronic|soundtrack,advertising
1228,track_1218250,artist_375104,4,1,dance|ethno|techno,dream
1229,track_1219290,artist_467612,2,1,alternative|folk|pop,children|fun
1230,track_1219426,artist_368759,16,2,ambient|atmospheric|electronic,deep|dream
1231,track_1219473,artist_355675,3,2,60s|folk,ballad
1232,track_1219757,artist_337346,8,1,electropop|house|progressive|soundtrack,advertising|commercial|documentary|sport
1233,track_1220659,artist_467467,1,1,orchestral|soundtrack|world,epic|film
1234,track_1220665,artist_467467,16,2,orchestral|soundtrack|world,epic|film
1235,track_1221326,artist_441727,1,1,ambient|easylistening,meditative
1236,track_1221442,artist_431744,1,1,experimental|newage,love
1237,track_1221465,artist_431744,14,1,experimental|newage,love
1238,track_1221565,artist_003944,8,1,club|dubstep|electronica,energetic
1239,track_1221573,artist_003944,9,2,easylistening|jazz|lounge,drama|emotional
1240,track_1221579,artist_003944,1,2,easylistening|soundtrack,children|drama
1241,track_1221590,artist_003944,3,2,easylistening|soundtrack,drama|emotional
1242,track_1221850,artist_468830,7,2,folk|pop|popfolk,sad
1243,track_1221854,artist_468830,7,1,folk|jazz|latin,dream|emotional|powerful|sad
1244,track_1221865,artist_468830,15,1,alternative|indie|pop,melancholic|melodic
1245,track_1222013,artist_437980,7,1,folk|popfolk|poprock,positive|uplifting
1246,track_1222313,artist_005240,5,2,classical|orchestral|soundtrack,documentary|drama|emotional|sad
1247,track_1222326,artist_005240,5,2,classical|orchestral|soundtrack,documentary|drama|emotional|sad
1248,track_1222338,artist_005240,7,1,ambient|orchestral|soundtrack,documentary|nature
1249,track_1222626,artist_344764,5,2,classical|orchestral|symphonic,epic
1250,track_1222779,artist_469116,3,2,easylistening|folk|soundtrack,christmas|holiday
1251,track_1222857,artist_469116,1,1,blues|country|rock,fun|happy
1252,track_1223150,artist_454426,14,1,alternative|pop|singersongwriter,positive
1253,track_1224065,artist_466600,6,2,pop|rock|soundtrack,commercial|documentary|motivational|sport|travel
1254,track_1224879,artist_365532,14,1,ambient|atmospheric|synthpop,travel
1255,track_1225159,artist_348759,6,2,classicrock|soundtrack|symphonic,action|epic
1256,track_1225626,artist_365532,16,2,atmospheric|darkambient|synthpop,dark|meditative|travel
1257,track_1225957,artist_454118,2,1,indie|poprock|rock,romantic
1258,track_1225973,artist_454118,16,2,80s|rock,sexy
1259,track_1226642,artist_337428,4,1,heavymetal|metal|rock,heavy
1260,track_1226813,artist_469255,6,1,70s|psychedelic|rock,travel
1261,track_1227459,artist_459422,3,2,orchestral|soundtrack,advertising|documentary|film
1262,track_1227554,artist_460469,2,2,folk|indie|rock,hopeful|inspiring|romantic|uplifting
1263,track_1227742,artist_470512,12,2,easylistening|jazz|lounge|soundtrack,emotional
1264,track_1228759,artist_452157,16,2,electronic|pop|synthpop,dark|sad
1265,track_1228857,artist_470512,12,2,easylistening|jazz|lounge|soundtrack,emotional
1266,track_1229179,artist_375104,13,1,poprock|rock,energetic|motivational|sport|summer
1267,track_1230713,artist_428449,2,2,ambient|chillout|easylistening,dramatic|hopeful|inspiring|motivational|relaxing|romantic
1268,track_1230765,artist_471813,4,1,experimental,slow
1269,track_1230854,artist_471837,1,1,heavymetal|metal|postrock,fast
1270,track_1231159,artist_350065,8,1,classicrock|orchestral|soundtrack,melodic
1271,track_1231350,artist_452157,4,1,alternative|electronic|pop,happy|summer
1272,track_1231542,artist_471813,15,1,experimental,slow
1273,track_1231679,artist_338779,6,2,poprock|soundtrack,melodic
1274,track_1232050,artist_472293,12,2,classical,sad
1275,track_1233757,artist_004729,6,1,ethno|world,meditative
1276,track_1233765,artist_472947,16,2,ambient|trance,dark
1277,track_1234242,artist_437980,7,1,folk|pop|popfolk,happy|positive|upbeat|uplifting
1278,track_1234265,artist_437980,1,1,latin|orchestral|soundtrack,epic
1279,track_1234359,artist_437980,6,2,folk|pop|popfolk,children|happy|positive|uplifting
1280,track_1234390,artist_437980,16,1,ethno|orchestral|soundtrack,happy
1281,track_1234413,artist_437980,1,1,orchestral|pop|rock,inspiring|powerful|uplifting
1282,track_1234442,artist_437980,16,1,orchestral|soundtrack,children|epic
1283,track_1234990,artist_008004,11,1,electronica|jazz|triphop,cool
1284,track_1235365,artist_437980,2,1,pop|popfolk|poprock,energetic|happy|party|upbeat|uplifting
1285,track_1235965,artist_431744,1,1,electronic|experimental|soundtrack,soundscape
1286,track_1236038,artist_431744,7,1,electronic|experimental|soundtrack,soundscape
1287,track_1236113,artist_003944,10,2,classical|easylistening,drama|emotional|film
1288,track_1236326,artist_005721,13,1,chillout|easylistening|pop,advertising|summer
1289,track_1236854,artist_437980,7,1,folk|pop|popfolk,happy|uplifting
1290,track_1236859,artist_437980,6,1,pop|poprock|rock,energetic|inspiring|uplifting
1291,track_1237057,artist_441585,13,1,ambient|edm|house|minimal,background|emotional
1292,track_1237150,artist_437980,13,1,electronic|electropop|pop,happy
1293,track_1238765,artist_437980,11,1,electronic|soundtrack,dark
1294,track_1239059,artist_475035,15,1,chillout|electronic|electropop,children|funny|happy
1295,track_1239326,artist_342174,15,2,chillout|electronic|lounge,happy|uplifting
1296,track_1239373,artist_342174,11,1,electronic|progressive|techno,dark
1297,track_1239473,artist_342174,11,1,chillout|electronic|progressive,calm|energetic
1298,track_1240073,artist_471813,10,2,experimental,slow
1299,track_1240090,artist_471813,4,2,experimental,slow
1300,track_1240865,artist_375104,13,1,alternative|alternativerock|poprock|soundtrack,action|energetic|powerful
1301,track_1240950,artist_005096,1,1,chanson,love
1302,track_1241454,artist_441157,5,2,alternative|atmospheric|orchestral|soundtrack,documentary|film
1303,track_1241457,artist_441157,9,2,orchestral|soundtrack|symphonic,film
1304,track_1241779,artist_474067,1,1,easylistening|pop|soundtrack,commercial|love|romantic
1305,track_1244450,artist_352184,6,1,60s|indie|poprock,cool|mellow
1306,track_1244465,artist_352184,8,1,dance|techno|trance,dark
1307,track_1244738,artist_000560,12,2,choir|orchestral|soundtrack,drama|epic|film
1308,track_1244942,artist_437980,7,1,folk|pop|popfolk,happy|uplifting
1309,track_1244954,artist_437980,7,1,latin|pop|world,energetic|happy|party
1310,track_1245138,artist_003944,7,1,country|folk,inspiring
1311,track_1245150,artist_003944,4,1,soundtrack|tribal,action|adventure
1312,track_1245154,artist_003944,6,1,soundtrack|tribal,action|epic
1313,track_1245157,artist_003944,4,1,soundtrack|tribal,adventure|sport
1314,track_1245159,artist_003944,13,1,easylistening|pop,advertising|corporate|inspiring
1315,track_1245165,artist_003944,4,1,easylistening|pop,advertising|corporate|inspiring
1316,track_1245173,artist_003944,10,2,ambient|chillout,emotional|inspiring
1317,track_1245442,artist_001907,4,1,electronic|experimental,epic|heavy
1318,track_1245890,artist_004056,14,1,acidjazz|groove,groovy
1319,track_1246338,artist_477067,13,1,electronic|experimental|progressive,emotional|inspiring|uplifting
1320,track_1246342,artist_477067,3,2,easylistening|minimal|newage,hopeful|uplifting
1321,track_1247113,artist_471813,2,1,experimental,dark|slow
1322,track_1248254,artist_359034,2,1,chillout|downtempo|hiphop,happy
1323,track_1248257,artist_359034,14,1,chillout|hiphop|triphop,happy
1324,track_1248265,artist_359034,4,1,dub|reggae|triphop,upbeat
1325,track_1248273,artist_359034,1,1,downtempo|hiphop|triphop,emotional
1326,track_1248279,artist_359034,4,1,dance|hiphop|pop,upbeat
1327,track_1248557,artist_460992,8,1,electronic|experimental|newage,energetic|uplifting
1328,track_1248559,artist_460992,8,1,club|electronic|newage,dream|uplifting
1329,track_1248726,artist_477707,8,1,electronic|electropop|techno,happy
1330,track_1248838,artist_432124,15,2,ethno|orchestral|world,epic|nature
1331,track_1249965,artist_433381,12,2,alternative|dubstep|metal,epic
1332,track_1250042,artist_448643,11,1,dance|electropop|pop,fun|happy|party
1333,track_1250050,artist_448643,6,1,dance|electropop|pop,energetic|fun|happy
1334,track_1250054,artist_448643,1,1,dance|electropop|pop,energetic|fun|happy
1335,track_1250059,artist_448643,13,1,easylistening|pop|poprock,advertising|fun|happy
1336,track_1250065,artist_448643,3,2,easylistening|pop|poprock,advertising|fun|happy
1337,track_1250079,artist_349895,10,2,grunge|pop|rock,ballad|epic
1338,track_1250226,artist_477618,9,2,orchestral|symphonic,christmas|holiday
1339,track_1250238,artist_477618,14,1,classical|soundtrack|symphonic,action|background|film|game
1340,track_1250838,artist_004116,10,2,ambient|atmospheric|soundtrack,calm
1341,track_1251473,artist_432273,5,2,classical|orchestral,emotional|meditative|relaxing
1342,track_1251854,artist_347734,1,1,indie|pop,epic|melancholic
1343,track_1252990,artist_339344,2,2,electronic|electropop|synthpop,travel
1344,track_1253038,artist_477618,14,1,electropop|hiphop|pop|rap|synthpop,cool|deep
1345,track_1253050,artist_477618,1,1,ambient|darkambient|easylistening,background|dark
1346,track_1253142,artist_439286,2,2,metal|rock,energetic|heavy|melodic|sad
1347,track_1253257,artist_452142,3,2,ambient|blues|chillout|pop,emotional|inspiring|relaxing
1348,track_1253513,artist_435614,9,2,classical|soundtrack,dark|emotional|melancholic
1349,track_1254013,artist_346564,3,2,classical|soundtrack,dream|love|melodic|positive|romantic
1350,track_1254442,artist_471813,2,1,experimental,slow
1351,track_1254450,artist_471813,6,2,experimental,slow
1352,track_1254779,artist_364441,9,2,classical|orchestral|soundtrack,epic
1353,track_1255457,artist_454118,6,2,atmospheric|indie|singersongwriter,relaxing|summer
1354,track_1255459,artist_454118,2,1,alternativerock|punkrock,energetic|hopeful|sad
1355,track_1255557,artist_466600,9,2,orchestral|soundtrack,action|trailer
1356,track_1255638,artist_347916,13,1,alternative|indie|pop,happy|melancholic|melodic|sad
1357,track_1255642,artist_347916,1,1,alternative|indie|punkrock,happy|melancholic|melodic|sad
1358,track_1255879,artist_355779,10,2,70s|blues|psychedelic,slow
1359,track_1255973,artist_348759,1,1,chillout|jazz|lounge,background
1360,track_1256654,artist_479439,11,1,hiphop|pop|rap,party
1361,track_1257050,artist_479496,9,2,atmospheric|chillout|easylistening,calm
1362,track_1257250,artist_479521,4,1,progressive|rock,sad
1363,track_1257265,artist_367947,7,1,ambient|electronic,background
1364,track_1257273,artist_367947,5,2,ambient|electronic,background|relaxing
1365,track_1257279,artist_367947,10,2,ambient|electronic,background|relaxing
1366,track_1257554,artist_460992,2,1,electronic|newage|soundtrack,background
1367,track_1257557,artist_460992,6,2,electronic|newage|soundtrack,documentary
1368,track_1262650,artist_004934,8,1,club|disco|house,happy
1369,track_1262654,artist_004934,11,1,club|deephouse|house,deep
1370,track_1263265,artist_347734,6,1,indie|punkrock,energetic
1371,track_1263279,artist_355162,5,2,chillout|classical|newage|soundtrack,romantic
1372,track_1265326,artist_480019,3,2,chillout|classical|newage,relaxing|romantic
1373,track_1265926,artist_427606,4,1,blues|classical|psychedelic,film
1374,track_1266113,artist_460992,6,2,ambient|newage|soundtrack,dream|happy|positive
1375,track_1266573,artist_480321,10,2,ambient|chillout|electronic,emotional|meditative|soundscape
1376,track_1266579,artist_480321,10,2,ambient|chillout|electronic,emotional|meditative|soundscape
1377,track_1267054,artist_466600,1,2,classical|orchestral|soundtrack,dramatic|dream|happy|inspiring|romantic
1378,track_1267290,artist_451073,15,1,easylistening,advertising|corporate|happy|motivational
1379,track_1267757,artist_362501,11,1,acidjazz|fusion|latin,groovy
1380,track_1267759,artist_362501,4,1,70s|funk|groove,party
1381,track_1267765,artist_362501,11,1,bossanova|latin,groovy
1382,track_1268057,artist_480599,10,2,ambient|folk|soundtrack,dark|emotional
1383,track_1268113,artist_471813,6,1,experimental,slow
1384,track_1268326,artist_436872,2,1,indie|pop|poprock,love
1385,track_1268365,artist_436872,8,1,indie|pop|poprock,action
1386,track_1269565,artist_432273,3,2,chillout|easylistening|soundtrack,documentary|film|happy|inspiring|melodic|romantic
1387,track_1269813,artist_480798,8,1,grunge|rock,love
1388,track_1270990,artist_480887,4,1,90s|eurodance|pop|rap,groovy|powerful|uplifting
1389,track_1271779,artist_364032,9,2,ambient|symphonic,ambiental
1390,track_1271850,artist_437980,8,1,electronic|electropop|pop,corporate|uplifting
1391,track_1272457,artist_347673,9,2,classical|orchestral|symphonic,dream
1392,track_1273057,artist_437980,1,1,folk|pop|popfolk,happy|uplifting
1393,track_1273390,artist_378695,4,1,electronic|hiphop|pop,dark
1394,track_1273973,artist_378695,11,1,indie|pop,cool
1395,track_1274150,artist_007872,3,2,ambient|classical|newage,slow
1396,track_1274154,artist_007872,3,2,ambient|classical|newage,happy
1397,track_1274157,artist_007872,9,2,ambient|classical|newage,happy
1398,track_1274159,artist_007872,10,2,ambient|classical|newage,happy
1399,track_1274165,artist_007872,10,2,ambient|classical|newage,sad
1400,track_1274173,artist_007872,5,2,ambient|classical|newage,sad
1401,track_1274238,artist_430396,7,2,blues|jazz|singersongwriter,love
1402,track_1274242,artist_430396,3,2,blues|jazz,calm|christmas|relaxing
1403,track_1274265,artist_437980,2,2,orchestral|pop|popfolk,happy|uplifting
1404,track_1274438,artist_418612,6,2,blues|pop|rock,cool
1405,track_1275150,artist_340542,6,2,jazz|soundtrack,slow
1406,track_1275154,artist_340542,5,2,classical|soundtrack|symphonic,uplifting
1407,track_1275238,artist_437980,3,2,orchestral|soundtrack,christmas|energetic
1408,track_1275613,artist_472293,5,2,classical,melancholic|sad
1409,track_1276479,artist_353294,3,2,soundtrack,horror
1410,track_1276513,artist_353294,6,2,blues|hardrock|rock,action
1411,track_1277179,artist_471813,9,2,experimental,slow
1412,track_1277765,artist_481486,3,2,ambient|orchestral|soundtrack,calm|melancholic
1413,track_1277790,artist_481486,2,2,hardrock|metal|rock,energetic|sport
1414,track_1277842,artist_481486,5,2,classical,soft
1415,track_1277913,artist_355362,16,2,classical|soundtrack|symphonic,action|epic|film
1416,track_1278179,artist_441157,12,2,classical|newage|soundtrack,calm|movie
1417,track_1278254,artist_007862,9,2,ambient|electronic|experimental,deep
1418,track_1278738,artist_481486,10,2,ambient|classical|soundtrack,melancholic|sad
1419,track_1279613,artist_435483,3,2,folk|pop,advertising|corporate|happy|uplifting
1420,track_1280242,artist_353511,3,2,orchestral,children
1421,track_1280354,artist_435992,10,2,ambient|newage,calm
1422,track_1280357,artist_435992,5,2,ambient|newage,calm
1423,track_1280359,artist_435992,5,2,ambient|newage,calm
1424,track_1280379,artist_435992,9,2,ambient|newage,calm|slow
1425,track_1281238,artist_482680,4,1,dance|hiphop|rap,fun|party|upbeat
1426,track_1281242,artist_482680,5,2,electronica|pop,dark
1427,track_1282290,artist_483163,14,1,easylistening|pop|popfolk,happy|positive|relaxing
1428,track_1283750,artist_483387,8,1,club|electronic|progressive,romantic
1429,track_1283754,artist_483387,1,1,electronic|indie,action|emotional|motivational
1430,track_1283757,artist_483387,7,1,electronic|progressive,dark|slow|space
1431,track_1283765,artist_483387,4,1,darkwave|rock|symphonic,energetic|epic|melodic|powerful
1432,track_1283854,artist_452659,7,1,ambient|classical|orchestral,epic
1433,track_1284273,artist_375935,7,1,indie,advertising|corporate|motivational
1434,track_1284350,artist_483253,2,1,pop|popfolk|soundtrack,sexy
1435,track_1284354,artist_483253,1,1,disco|folk|pop,sexy
1436,track_1284457,artist_483163,13,1,easylistening|electronic|poprock,corporate|inspiring|motivational|positive|upbeat
1437,track_1284459,artist_483163,11,1,easylistening|electronic|poprock,background|cool|inspiring|positive
1438,track_1284465,artist_483163,4,1,easylistening|orchestral|pop,background|corporate|inspiring|motivational|positive|uplifting
1439,track_1284959,artist_477775,8,1,electropop|rock,motivational
1440,track_1284965,artist_477775,4,1,industrial|synthpop|techno,energetic
1441,track_1285757,artist_362636,16,2,ambient|chillout,relaxing|uplifting
1442,track_1286213,artist_451073,5,2,easylistening,christmas
1443,track_1286238,artist_342686,2,1,postrock|progressive|rock,motivational|sport
1444,track_1286473,artist_484321,11,1,drumnbass,dark
1445,track_1286513,artist_435992,12,2,newage,romantic
1446,track_1286773,artist_484326,5,2,ambient|newage|psychedelic,happy|relaxing|uplifting
1447,track_1286779,artist_484326,10,2,ambient|minimal|psychedelic,happy|relaxing|uplifting
1448,track_1287450,artist_484369,6,2,dubstep|idm|triphop,love|melancholic
1449,track_1287454,artist_484369,6,2,breakbeat|dubstep|idm,dark|space
1450,track_1287457,artist_484369,6,1,breakbeat|idm|triphop,dark|space
1451,track_1287754,artist_484368,2,2,indie|punkrock|soundtrack,love
1452,track_1287890,artist_473960,1,1,orchestral|pop,film
1453,track_1288338,artist_477775,8,1,electropop|techno,game
1454,track_1288490,artist_483163,11,1,disco|edm|electronic|house,energetic|groovy|happy|positive
1455,track_1289126,artist_354858,5,2,classical|easylistening|jazz,relaxing
1456,track_1289279,artist_006916,8,1,dance|electronic|trance,action|energetic|happy
1457,track_1289373,artist_440879,13,1,folk|rock|world,love
1458,track_1289379,artist_440879,6,2,metal|postrock|rock,dark|groovy
1459,track_1289526,artist_483163,4,1,indie|pop|poprock,energetic|powerful|sport|upbeat|uplifting
1460,track_1290013,artist_471813,5,2,experimental,dark|slow
1461,track_1290254,artist_340218,8,1,club|electronic|house,sexy
1462,track_1290557,artist_437980,1,1,pop|popfolk|poprock,advertising|happy|upbeat
1463,track_1290559,artist_437980,1,1,folk|pop|popfolk,advertising|happy|upbeat
1464,track_1290638,artist_351032,1,1,electronic|rock|synthpop,game
1465,track_1290754,artist_473090,3,2,ethno|newage|world,documentary
1466,track_1290879,artist_362636,15,1,ambient|chillout|downtempo,dream|slow|uplifting
1467,track_1290950,artist_419438,8,1,classical|pop,corporate|dream|inspiring|motivational|positive
1468,track_1290954,artist_419438,1,1,rock|rocknroll,energetic|happy|positive|uplifting
1469,track_1290973,artist_438910,15,1,electronic|newage,dream
1470,track_1291390,artist_464915,2,2,downtempo|easylistening|triphop,emotional|love
1471,track_1291557,artist_367887,12,2,classical|pop|soundtrack,christmas
1472,track_1291559,artist_367887,1,2,classical|jazz|soundtrack,christmas
1473,track_1291565,artist_367887,14,1,classicrock|funk|popfolk,children|christmas|funny
1474,track_1291679,artist_466600,1,2,easylistening|orchestral|soundtrack,children|christmas|commercial|happy|holiday|inspiring|motivational
1475,track_1292159,artist_477775,8,1,electropop|techno,funny
1476,track_1292338,artist_484759,12,2,classical|newage|orchestral|soundtrack,emotional
1477,track_1294742,artist_007063,4,1,electronic|pop|rock,energetic|fun|happy|melodic|motivational
1478,track_1294750,artist_007063,4,1,indie|pop|rock,energetic|fun|motivational|positive|powerful|upbeat
1479,track_1294765,artist_007063,3,2,folk|pop|singersongwriter,emotional|melodic
1480,track_1294773,artist_007063,7,1,alternative|indie|rock,energetic|fun|motivational|positive|powerful|upbeat
1481,track_1294779,artist_007063,4,1,alternative|indie|pop,energetic|fun|groovy|happy|positive|upbeat
1482,track_1294938,artist_367887,2,1,folk|popfolk|soundtrack|symphonic,christmas|funny
1483,track_1294942,artist_367887,1,2,folk|orchestral|soundtrack,christmas
1484,track_1295054,artist_480962,4,1,orchestral|soundtrack,adventure|documentary|epic
1485,track_1295413,artist_479278,15,1,hiphop|house|rnb,happy
1486,track_1295654,artist_367887,2,2,classical|pop|soundtrack,christmas
1487,track_1295657,artist_367887,9,2,classical|pop|soundtrack,christmas
1488,track_1295659,artist_367887,1,1,jazz|poprock|symphonic,christmas
1489,track_1295713,artist_375104,13,1,dance|pop|poprock,christmas|happy|holiday|inspiring
1490,track_1296365,artist_368136,4,1,electronic|electropop|poprock,epic
1491,track_1296779,artist_431465,16,2,classical,calm|film
1492,track_1296859,artist_437980,2,2,classical|orchestral|soundtrack,happy
1493,track_1296926,artist_437980,6,2,classical|orchestral|soundtrack,action|adventure|dramatic|energetic|romantic
1494,track_1297357,artist_375935,7,1,soundtrack,film|motivational
1495,track_1298290,artist_437980,8,1,electronic|orchestral|soundtrack,energetic
1496,track_1299542,artist_437980,3,2,funk|groove|rock,commercial|corporate
1497,track_1299813,artist_437998,2,1,ambient|easylistening|soundtrack,dream|film|soft
1498,track_1299938,artist_437980,14,1,easylistening|electronic|funk,positive|relaxing
1499,track_1300054,artist_477775,3,2,easylistening|electropop,melodic
1500,track_1300073,artist_007349,14,1,hiphop|rnb,happy
1501,track_1301826,artist_435992,2,1,dance|electronic|trance,fun|party
1502,track_1303013,artist_471813,2,1,experimental,dark|slow
1503,track_1303065,artist_485924,2,1,90s|electronic,upbeat
1504,track_1304354,artist_442862,10,2,darkambient|experimental,ambiental|dark
1505,track_1304479,artist_452157,16,2,darkwave|pop|synthpop,ballad|dark|epic|love|sad
1506,track_1305479,artist_375935,15,2,soundtrack,documentary|film|travel
1507,track_1305638,artist_477775,6,2,electronic|synthpop,fun
1508,track_1305642,artist_477775,6,1,electropop|synthpop|techno,fun|melodic
1509,track_1305854,artist_477775,8,1,electronic|synthpop,emotional|melodic
1510,track_1306059,artist_459422,3,2,chillout|orchestral|soundtrack,advertising|children|documentary
1511,track_1306065,artist_459422,3,2,chillout|orchestral|soundtrack,children|documentary
1512,track_1306265,artist_347673,9,2,classical|orchestral|symphonic,dark|dramatic
1513,track_1306550,artist_466600,3,2,easylistening|orchestral|soundtrack,background|commercial|corporate|happy|inspiring|motivational
1514,track_1306842,artist_461418,12,2,indie|poprock|soundtrack,happy
1515,track_1306850,artist_461418,7,2,folk|indie|popfolk,happy|inspiring|sad
1516,track_1306954,artist_436349,4,1,pop|rock|soul,happy|love|summer
1517,track_1307642,artist_341393,3,2,classicrock|rock,emotional|upbeat
1518,track_1307679,artist_341393,13,1,classicrock|rock,emotional
1519,track_1307726,artist_338779,13,1,electronic|indie|soundtrack,film
1520,track_1309457,artist_337741,2,2,psychedelic|techno,happy|inspiring|uplifting
1521,track_1309459,artist_337741,15,1,techno|trance,melodic
1522,track_1309626,artist_337741,3,2,ambient|newage|soundtrack,inspiring
1523,track_1309757,artist_486627,8,1,celtic|easylistening|medieval,epic|film|movie
1524,track_1310113,artist_461418,3,2,ambient|atmospheric|chillout,sad
1525,track_1310242,artist_486695,12,2,electronic|indie|singersongwriter,dark|hopeful|meditative
1526,track_1310554,artist_484797,15,1,club|dance|house,energetic|party
1527,track_1310559,artist_484797,4,1,dance|house,party
1528,track_1310654,artist_340553,7,1,classicrock|funk|groove,groovy
1529,track_1310657,artist_340553,1,1,classicrock|country|folk,fun|upbeat
1530,track_1310659,artist_340553,14,1,country|folk|poprock,love
1531,track_1311238,artist_483960,4,1,breakbeat|hiphop|soundtrack,movie|sport
1532,track_1311242,artist_483960,11,1,breakbeat|electropop|soundtrack,movie
1533,track_1311279,artist_483960,11,1,dance|electronic|experimental,party|sport
1534,track_1311290,artist_483960,11,1,house|soundtrack|techno,sport
1535,track_1311479,artist_437980,4,1,electronic|orchestral|rock,dark|energetic|epic|film|trailer
1536,track_1312079,artist_483960,7,1,dance|poprock|soundtrack,party|sport
1537,track_1312513,artist_437980,7,1,folk|pop|popfolk,happy|upbeat|uplifting
1538,track_1313079,artist_432273,9,2,classical|soundtrack,happy|inspiring|positive|relaxing|romantic
1539,track_1313213,artist_455057,12,1,80s|electronic|soundtrack,adventure|game
1540,track_1313450,artist_487051,2,2,pop|rock,emotional|epic|inspiring
1541,track_1313454,artist_428449,3,2,chillout|downtempo|hiphop,background|sad|soundscape
1542,track_1313457,artist_428449,13,1,ambient|chillout|hiphop,background
1543,track_1313459,artist_428449,10,2,chillout|easylistening|hiphop,background|sad
1544,track_1314413,artist_434980,8,1,alternative|pop|rock,love|sad
1545,track_1314538,artist_419438,1,1,folk,energetic|positive|upbeat|uplifting
1546,track_1314542,artist_419438,3,2,classical|soundtrack,happy|inspiring|positive|uplifting
1547,track_1314750,artist_466600,6,2,dance|house|trance,corporate|motivational
1548,track_1315465,artist_354904,6,2,alternative|indie|rock,love|romantic
1549,track_1315526,artist_486995,16,2,electronic|triphop,dark|slow
1550,track_1315838,artist_487296,4,1,african|electronic|pop,groovy|uplifting
1551,track_1317679,artist_003815,11,1,dance|deephouse|house,sexy
1552,track_1318026,artist_002189,8,1,electronic|progressive|trance,dream
1553,track_1319226,artist_457221,3,2,easylistening|jazz|pop,ballad|emotional|love|mellow|romantic|sad
1554,track_1319690,artist_471813,15,1,experimental,dark|slow
1555,track_1319859,artist_441585,4,1,edm|electronic|house|pop,commercial
1556,track_1320013,artist_359034,14,1,downtempo|hiphop|triphop,dark|upbeat
1557,track_1320026,artist_359034,14,1,downtempo|hiphop|triphop,dark|upbeat
1558,track_1320479,artist_423996,9,2,darkambient|experimental,calm|sad
1559,track_1320859,artist_487143,8,1,club|eurodance|pop,energetic
1560,track_1320954,artist_466436,2,2,chillout|lounge|soul,summer
1561,track_1321150,artist_487707,3,2,ambient|chillout|downtempo,film
1562,track_1321257,artist_466436,1,1,chillout|lounge,epic|summer
1563,track_1321713,artist_487628,11,1,club|dance|disco|house|tribal,happy|summer
1564,track_1321726,artist_487628,11,1,club|dance|disco|house|tribal,happy|summer
1565,track_1321738,artist_487628,11,1,club|dance|disco|house|tribal,happy|summer
1566,track_1321742,artist_487628,11,1,club|dance|disco|house|tribal,happy|summer
1567,track_1321938,artist_002740,16,2,ambient|soundtrack,dark
1568,track_1321942,artist_002740,12,1,ambient|soundtrack,dark
1569,track_1322479,artist_440794,6,2,90s|electronica|world,melodic
1570,track_1323013,artist_363592,2,1,african|hiphop|lounge,adventure|ballad|dream|hopeful|nature
1571,track_1323126,artist_440794,1,1,90s|chillout|world,relaxing
1572,track_1323259,artist_440794,1,1,90s|chillout|world,melodic
1573,track_1323313,artist_440794,14,1,80s|orchestral|symphonic,melancholic|mellow|melodic
1574,track_1324673,artist_442477,5,2,alternative|classical|electronic,melancholic|sad
1575,track_1324679,artist_442477,5,2,alternative|classical|electronic,melancholic
1576,track_1324750,artist_486550,10,2,atmospheric|classical,romantic
1577,track_1324890,artist_366162,11,1,jazzfunk|pop,positive
1578,track_1325338,artist_006916,6,2,chillout|electronic|lounge,inspiring|meditative|relaxing
1579,track_1326526,artist_460241,7,1,folk|pop|world,happy
1580,track_1326642,artist_466436,15,1,ambient|chillout|lounge,ambiental
1581,track_1328159,artist_347734,6,2,indie|popfolk|poprock,melodic
1582,track_1329359,artist_466600,6,2,classical|orchestral|soundtrack,energetic|epic|inspiring|trailer
1583,track_1329450,artist_372323,1,2,chillout|folk|popfolk,advertising|commercial|happy
1584,track_1329490,artist_460032,2,2,easylistening|pop|soundtrack,commercial|happy|positive
1585,track_1329913,artist_475635,15,1,indie|pop|singersongwriter,dark
1586,track_1329938,artist_461418,12,2,atmospheric|soundtrack|world,happy|inspiring|motivational|sad|uplifting
1587,track_1329942,artist_461418,6,2,indie,motivational|uplifting
1588,track_1329973,artist_336426,4,1,ambient|chillout|electronic,film
1589,track_1330054,artist_455057,2,1,folk|soundtrack|world,advertising|commercial|energetic|fun|positive
1590,track_1330157,artist_487582,15,1,electronic|experimental|soundtrack,film
1591,track_1330650,artist_477775,8,1,electropop|synthpop|techno,melodic
1592,track_1330890,artist_348759,5,2,ambient|chillout|jazz,background
1593,track_1331557,artist_006845,4,1,electronic|newage|rock,dream
1594,track_1331565,artist_006845,1,1,ambient|drumnbass|electronic,drama
1595,track_1331579,artist_006845,2,2,ambient|downtempo|electronic,melodic
1596,track_1333038,artist_351588,6,2,chillout|jazz|latin,calm|emotional|film|relaxing
1597,track_1333579,artist_431744,8,1,electronic|experimental|soundtrack,romantic|soundscape
1598,track_1333638,artist_466600,9,2,classical|orchestral|soundtrack,action|energetic|epic|sport|trailer
1599,track_1333726,artist_471813,15,2,experimental,dark|slow
1600,track_1334554,artist_487628,11,1,club|house|tribal,happy|summer
1601,track_1334557,artist_487628,4,1,club|house|tribal,happy|summer
1602,track_1334738,artist_372323,10,2,ambient|chillout|soundtrack,nature
1603,track_1334742,artist_372323,12,2,ambient|classical|soundtrack,nature
1604,track_1335113,artist_488990,7,1,electronic|hiphop|rap,party
1605,track_1335150,artist_488990,14,1,drumnbass|electronic|hiphop,space|travel
1606,track_1335154,artist_488990,11,1,drumnbass|electronic|hiphop,action|dark
1607,track_1335359,artist_466600,9,2,classical|orchestral|soundtrack,action|energetic|epic|sport|trailer
1608,track_1335473,artist_488943,4,1,dance|electronic|trance,dream
1609,track_1335979,artist_483163,9,2,ambient|chillout|electronic,dream|film|happy
1610,track_1336126,artist_437980,15,2,soundtrack|techno,advertising|energetic|happy
1611,track_1336213,artist_000560,9,2,soundtrack,drama|emotional
1612,track_1337865,artist_375935,9,2,orchestral,advertising|motivational
1613,track_1338342,artist_340542,3,2,classical,melancholic
1614,track_1339250,artist_365072,7,1,industrial|punkrock,dark
1615,track_1339326,artist_466600,12,2,classical|orchestral|soundtrack,emotional|happy|inspiring|romantic
1616,track_1339442,artist_365072,9,2,classical|orchestral|soundtrack,epic
1617,track_1339873,artist_489296,4,1,experimental|metal,action|powerful
1618,track_1340190,artist_487711,2,1,reggae|world,positive
1619,track_1340257,artist_337293,2,1,classical,fast
1620,track_1340259,artist_337293,3,2,classical,sad|slow
1621,track_1340338,artist_481897,14,1,breakbeat|drumnbass|electronic,energetic
1622,track_1340342,artist_481897,15,1,acidjazz|disco|pop,sad
1623,track_1341457,artist_368142,15,1,blues|jazz|soundtrack,background|fast
1624,track_1341459,artist_368142,7,1,alternative|rock|soundtrack,background
1625,track_1341473,artist_489349,13,1,alternative|indie|rock,funny
1626,track_1341573,artist_437980,4,1,electronic|electropop,advertising|corporate|energetic
1627,track_1342150,artist_430126,8,1,dance|hiphop,energetic
1628,track_1342757,artist_488976,4,1,club|electronic,fast
1629,track_1342913,artist_372323,12,2,chillout|classical|jazzfusion,meditative
1630,track_1343013,artist_464757,4,1,electronic|techno|trance,party|space
1631,track_1343113,artist_466600,9,2,classical|orchestral|soundtrack,dramatic|epic|inspiring|sport|trailer
1632,track_1343438,artist_470592,11,1,club|house|trance,groovy
1633,track_1343442,artist_488843,12,2,ambient|atmospheric|easylistening,calm|melodic|nature|relaxing
1634,track_1344326,artist_465566,3,2,indie|pop|singersongwriter,sad
1635,track_1344442,artist_483387,1,1,industrial|metal|progressive,heavy
1636,track_1345579,artist_477775,11,1,,powerful
1637,track_1346157,artist_490131,4,1,electronic|synthpop|techno,retro
1638,track_1346159,artist_490131,4,1,electronic|synthpop|techno,retro
1639,track_1346165,artist_490131,8,1,electronic|synthpop|techno,retro
1640,track_1346173,artist_490131,8,1,electronic|synthpop|techno,retro
1641,track_1346179,artist_490131,8,1,electronic|electropop|synthpop,retro
1642,track_1346190,artist_488843,9,2,ambient|atmospheric|easylistening,dream|inspiring|meditative|relaxing
1643,track_1346565,artist_448542,2,2,atmospheric|electronic|electronica|soundtrack,film
1644,track_1346673,artist_448542,13,1,dubstep|electronic|funk|soundtrack,film|game
1645,track_1347850,artist_490314,5,2,classical|soundtrack,calm|romantic
1646,track_1347950,artist_490314,3,2,electronic,funny|retro
1647,track_1347954,artist_490314,7,1,electronic,horror|retro
1648,track_1348038,artist_490314,2,1,orchestral|soundtrack,children|christmas
1649,track_1348065,artist_438966,8,1,grunge|rock|symphonic,melodic
1650,track_1348079,artist_490314,7,1,orchestral|soundtrack,adventure
1651,track_1348113,artist_490314,10,2,classical,corporate|motivational|romantic|uplifting
1652,track_1348126,artist_431108,5,2,classical|newage|soundtrack,sad
1653,track_1348173,artist_423996,7,1,ambient|experimental,sad
1654,track_1348250,artist_466600,10,2,ambient|newage|orchestral,background|inspiring|nature|romantic
1655,track_1348659,artist_435992,7,1,bossanova|jazzfusion|latin,fun
1656,track_1348665,artist_435992,7,1,bossanova|jazzfusion|latin,fun
1657,track_1348757,artist_490314,3,2,orchestral|soundtrack,children|funny
1658,track_1349079,artist_001336,4,1,ambient|downtempo|electronic,sad
1659,track_1349150,artist_001336,10,2,ambient|electronic|experimental,love
1660,track_1349159,artist_001336,15,1,electronic|house|techno,space
1661,track_1349673,artist_490560,16,2,ethno|oriental|soundtrack,epic
1662,track_1349679,artist_490560,9,2,orchestral|oriental|soundtrack,emotional
1663,track_1349690,artist_490314,10,2,ambient|soundtrack,advertising|corporate|romantic
1664,track_1349954,artist_490314,2,2,soundtrack,children|christmas
1665,track_1350142,artist_490314,2,1,soundtrack,advertising|children
1666,track_1350826,artist_490314,3,2,soundtrack,children
1667,track_1350950,artist_490314,4,1,soundtrack,action|adventure
1668,track_1350954,artist_490314,15,1,soundtrack,children
1669,track_1350957,artist_490314,2,2,soundtrack,children|fun
1670,track_1350990,artist_490314,2,1,soundtrack,christmas
1671,track_1351054,artist_490314,15,1,soundtrack,children
1672,track_1351057,artist_490314,7,1,soundtrack,children
1673,track_1351059,artist_490314,7,1,soundtrack,children
1674,track_1352138,artist_490314,1,1,soundtrack,children
1675,track_1352150,artist_490314,11,1,soundtrack,children
1676,track_1352165,artist_419285,10,2,ambient|lounge|popfolk,ambiental
1677,track_1352250,artist_471813,4,1,experimental,dark|slow
1678,track_1352579,artist_490314,15,2,soundtrack,children|fun
1679,track_1352850,artist_490806,9,2,ambient|atmospheric|newage,meditative|nature|relaxing
1680,track_1352965,artist_462377,1,1,easylistening|electronic|pop,advertising|commercial|corporate|inspiring|motivational|uplifting
1681,track_1353213,artist_490851,11,1,easylistening|house|lounge,deep
1682,track_1353226,artist_490851,4,1,chillout|easylistening|house|lounge,deep
1683,track_1353242,artist_490858,13,2,chillout|easylistening|house,deep|summer
1684,track_1353250,artist_490858,13,1,chillout|easylistening|house,deep|summer
1685,track_1353259,artist_490858,11,1,chillout|easylistening|house,deep|summer
1686,track_1353265,artist_490858,7,1,chillout|easylistening|house,deep|summer
1687,track_1353273,artist_490858,11,1,chillout|easylistening|house,deep|summer
1688,track_1353279,artist_490858,4,1,chillout|easylistening|house,deep|summer
1689,track_1353290,artist_490858,4,1,chillout|easylistening|house,deep|summer
1690,track_1353313,artist_490859,11,1,house,deep|summer
1691,track_1353326,artist_490859,11,1,chillout|house,deep|happy|summer
1692,track_1353338,artist_490859,4,1,house,deep|happy|summer
1693,track_1353342,artist_490858,2,1,chillout|dub|easylistening|reggae,summer
1694,track_1353350,artist_490858,11,1,chillout|dub|easylistening|reggae,summer
1695,track_1353354,artist_490858,11,1,chillout|dub|easylistening|reggae,summer
1696,track_1353357,artist_490860,15,1,club|dance|disco|easylistening|funk,happy|sport|summer
1697,track_1353359,artist_490860,15,1,club|dance|easylistening|house,funny|happy|romantic
1698,track_1353365,artist_490860,15,1,chillout|club|dance|house,deep|funny|happy|sport|summer
1699,track_1353373,artist_490860,11,1,chillout|easylistening,happy|summer
1700,track_1353459,artist_490314,15,2,groove|soundtrack,funny
1701,track_1353542,artist_490314,3,2,soundtrack,christmas|romantic
1702,track_1353557,artist_490314,15,2,soundtrack,children|fun
1703,track_1353559,artist_490314,15,2,soundtrack,children|fun
1704,track_1353765,artist_490314,15,1,soundtrack,children|funny
1705,track_1353779,artist_490314,15,2,soundtrack,funny
1706,track_1354113,artist_485239,1,1,country|folk|latin,ambiental
1707,track_1354126,artist_490945,3,2,bossanova|jazz|lounge,cool
1708,track_1354142,artist_490314,7,1,classical|orchestral|soundtrack,energetic
1709,track_1354150,artist_490314,1,1,soundtrack,funny
1710,track_1354273,artist_462377,8,1,disco|funk|groove,energetic|fun|happy
1711,track_1354442,artist_490314,14,1,orchestral|soundtrack,christmas
1712,track_1354579,artist_490314,9,2,oriental|soundtrack,adventure
1713,track_1354590,artist_490314,2,1,oriental|soundtrack,adventure
1714,track_1354954,artist_485239,1,2,country|folk|latin,ambiental
1715,track_1354957,artist_485239,15,1,country|folk|latin,ambiental
1716,track_1354959,artist_485239,15,1,country|folk|latin,ambiental
1717,track_1355050,artist_358739,6,1,dubstep|orchestral|soundtrack,epic|powerful|trailer
1718,track_1355265,artist_488990,7,1,funk|hiphop|rap,happy|party
1719,track_1355273,artist_488990,14,1,hiphop|rap,dark
1720,track_1355557,artist_484797,6,1,pop|popfolk|soundtrack,advertising|funny|happy|upbeat
1721,track_1355559,artist_484797,6,1,folk|popfolk|soundtrack,advertising|funny|happy|upbeat
1722,track_1356313,artist_467034,6,2,indie|pop|poprock,happy|upbeat
1723,track_1357550,artist_003944,5,2,easylistening|folk,inspiring
1724,track_1357557,artist_491348,1,1,alternative|poprock|rock,uplifting
1725,track_1358038,artist_364032,3,2,ambient|atmospheric|newage,ambiental
1726,track_1359338,artist_477775,6,1,darkambient|synthpop,energetic|powerful|uplifting
1727,track_1359342,artist_477775,6,1,easylistening|electropop|poprock,motivational
1728,track_1359954,artist_348759,1,1,chillout|classicrock|soundtrack,action|epic
1729,track_1359959,artist_348759,5,2,classical|medieval|newage|soundtrack,relaxing|soundscape
1730,track_1360554,artist_483163,4,1,folk|orchestral|popfolk,background|happy
1731,track_1360557,artist_483163,1,1,pop|popfolk,background|happy|summer|upbeat
1732,track_1360559,artist_483163,2,1,pop|popfolk,background|happy
1733,track_1361379,artist_480599,10,2,ambient|atmospheric|soundtrack,emotional|melancholic
1734,track_1361538,artist_441650,8,1,psychedelic|trance,powerful
1735,track_1362213,artist_465078,8,1,dub|dubstep|electronic,sport
1736,track_1363650,artist_448664,6,1,experimental|grunge|indie|soundtrack,adventure|commercial
1737,track_1364457,artist_474866,13,1,pop|poprock,corporate|motivational
1738,track_1364465,artist_474866,13,1,pop|poprock,corporate|motivational
1739,track_1365050,artist_492122,7,2,industrial|metal|punkrock,dark
1740,track_1365054,artist_492122,7,2,alternative|grunge|industrial,dark
1741,track_1365079,artist_492122,16,2,alternative|experimental|industrial,soundscape
1742,track_1365126,artist_461766,2,2,hardrock|metal,energetic|melodic
1743,track_1365365,artist_339778,7,1,70s|rocknroll|singersongwriter,christmas|holiday
1744,track_1366142,artist_492259,2,2,chillout|easylistening|soundtrack,melodic
1745,track_1366150,artist_492259,15,1,easylistening|jazz|soundtrack,melodic|soft
1746,track_1366154,artist_492259,3,2,easylistening|jazz|soundtrack,melodic|soft
1747,track_1366157,artist_492259,14,1,easylistening|jazz|soundtrack,melodic
1748,track_1366173,artist_492259,15,1,easylistening|jazz|soundtrack,melodic
1749,track_1366342,artist_492255,6,2,poprock|punkrock,positive
1750,track_1367173,artist_002208,6,1,80s|dance|electropop,film
1751,track_1368942,artist_480599,12,2,ambient|atmospheric|soundtrack,dark|documentary|dramatic|powerful|relaxing
1752,track_1368954,artist_480599,10,2,ambient|atmospheric|soundtrack,dark|documentary|dramatic|powerful|relaxing
1753,track_1368979,artist_489561,10,2,classical|folk|world,sad
1754,track_1369350,artist_456650,6,1,90s|alternative|rock,melancholic
1755,track_1370142,artist_427606,10,2,atmospheric|classical|soundtrack,film
1756,track_1370350,artist_490028,13,1,easylistening|electronic|soundtrack,corporate
1757,track_1370354,artist_490028,16,1,disco|electronic|house,trailer
1758,track_1370357,artist_490028,4,1,easylistening|electronic|soundtrack,inspiring|motivational|relaxing|uplifting
1759,track_1370379,artist_490028,10,2,easylistening|orchestral|soundtrack,ambiental|children|inspiring
1760,track_1370390,artist_490028,1,1,atmospheric|easylistening|electronic,ambiental|inspiring|motivational|relaxing|uplifting
1761,track_1370473,artist_003944,5,2,classical|easylistening,emotional
1762,track_1370479,artist_003944,5,2,classical|easylistening,emotional
1763,track_1370673,artist_477499,12,1,alternative|industrial|rock,ambiental
1764,track_1370842,artist_488716,1,1,alternative|alternativerock|rock,hopeful|love|sad
1765,track_1371054,artist_492818,10,2,ambient|classical|minimal,sad
1766,track_1371057,artist_492818,9,2,ambient|classical|minimal,motivational
1767,track_1371513,artist_458008,2,2,60s|rocknroll,summer
1768,track_1371779,artist_351898,13,1,newwave|pop|rock,energetic
1769,track_1371813,artist_362501,11,1,latin|soundtrack,melodic|party
1770,track_1372065,artist_492919,8,1,experimental|hiphop|orchestral,horror
1771,track_1372079,artist_492919,12,1,rnb|soul|soundtrack,cool|fun|sexy
1772,track_1372190,artist_492925,1,1,electropop|pop|poprock,love
1773,track_1372265,artist_428449,1,1,ambient|easylistening|soundtrack,sad|slow
1774,track_1372873,artist_492989,12,2,folk|pop|singersongwriter,love
1775,track_1373042,artist_441585,4,1,ambient|deephouse|edm|pop,summer
1776,track_1373254,artist_451073,6,2,pop,advertising|corporate
1777,track_1373257,artist_451073,15,1,easylistening|soundtrack,advertising|corporate|energetic|happy|motivational|positive
1778,track_1373259,artist_451073,6,2,easylistening|pop,advertising|calm|corporate|happy
1779,track_1373265,artist_451073,4,1,pop|soundtrack,advertising|corporate|motivational
1780,track_1375490,artist_486064,14,1,pop|rnb,love
1781,track_1376257,artist_490499,14,1,chillout|downtempo|easylistening,corporate|uplifting
1782,track_1376259,artist_490499,1,1,chillout|downtempo|easylistening,background|corporate|inspiring|motivational|uplifting
1783,track_1376457,artist_480890,8,1,80s|rock|synthpop,dream|hopeful
1784,track_1376550,artist_000560,13,1,orchestral|soundtrack,dark|epic
1785,track_1376554,artist_000560,2,2,orchestral|soundtrack,emotional|epic
1786,track_1376557,artist_000560,5,2,ambient|orchestral|soundtrack,emotional|epic
1787,track_1376559,artist_000560,1,1,orchestral|soundtrack,epic
1788,track_1378690,artist_486550,7,1,electronic|pop,background|corporate|upbeat
1789,track_1379179,artist_471813,4,1,experimental,dark|slow
1790,track_1379190,artist_489561,11,1,ambient|electronic|soundtrack,background|game|horror
1791,track_1379226,artist_473030,11,1,downtempo|electronic|triphop,emotional|melancholic|melodic
1792,track_1380979,artist_475732,8,1,dance|electronic|experimental,cool|deep
1793,track_1381079,artist_433608,4,1,darkambient|edm|hard|idm,film
1794,track_1381254,artist_375104,8,1,poprock|rock,corporate|happy
1795,track_1381313,artist_489220,1,1,hard|heavymetal|metal,heavy
1796,track_1381342,artist_367651,7,1,alternativerock|poprock|rock,melodic
1797,track_1381526,artist_486550,7,1,easylistening|electronic|pop,advertising|corporate|motivational|uplifting
1798,track_1381550,artist_486550,14,1,dance|electronic|pop,advertising|corporate|motivational|uplifting
1799,track_1381590,artist_347867,2,2,folk|popfolk|singersongwriter,hopeful|melodic|romantic
1800,track_1381650,artist_493718,3,2,african|ambient|atmospheric,film
1801,track_1382265,artist_489561,8,1,instrumentalrock|rock|soundtrack,adventure
1802,track_1383638,artist_483387,1,1,dance|minimal|pop,commercial|corporate|inspiring|motivational|upbeat
1803,track_1383742,artist_493908,15,1,dance|electronic,melancholic|sad
1804,track_1383926,artist_477775,8,1,dance|electronic,game
1805,track_1383957,artist_430126,15,1,indie|rock|soundtrack,drama
1806,track_1384026,artist_489627,15,1,70s|blues|reggae,love
1807,track_1384554,artist_494034,8,1,funk|indie|pop,uplifting
1808,track_1384557,artist_494034,3,1,funk|indie|pop,love|romantic
1809,track_1384559,artist_494034,13,1,funk|indie|pop,uplifting
1810,track_1384690,artist_493899,11,1,electronic|techno,ambiental
1811,track_1384754,artist_482706,11,1,house|latin|pop,commercial
1812,track_1385554,artist_430396,12,2,blues|singersongwriter,calm|love
1813,track_1385557,artist_430396,4,1,blues|grunge|singersongwriter,groovy
1814,track_1385579,artist_430396,2,2,blues|rock|singersongwriter,dark
1815,track_1386438,artist_494174,2,2,indie|minimal|soundtrack,corporate|motivational
1816,track_1386750,artist_456894,1,1,latin|lounge|rock,melodic|relaxing|travel
1817,track_1387059,artist_492062,16,2,ambient|atmospheric,dark
1818,track_1387073,artist_492062,5,2,ambient|atmospheric,soundscape
1819,track_1387373,artist_477775,1,1,electropop|synthpop,upbeat|uplifting
1820,track_1387379,artist_477775,8,1,electropop|techno,melodic
1821,track_1387457,artist_487711,1,1,reggae|world,positive
1822,track_1387459,artist_487711,6,1,reggae|world,positive
1823,track_1387550,artist_466600,9,2,classical|orchestral|soundtrack,children|christmas|happy|holiday|inspiring|motivational
1824,track_1387750,artist_347867,13,1,indie|latin|poprock,hopeful|melodic|travel
1825,track_1387926,artist_494324,10,2,alternative|experimental,inspiring
1826,track_1388273,artist_438910,12,2,ambient,meditative|sad
1827,track_1388279,artist_438910,5,2,ambient|newage,meditative
1828,track_1388813,artist_007805,7,1,folk|popfolk|poprock,advertising|children|happy
1829,track_1388859,artist_007805,6,2,folk|popfolk,slow|soft
1830,track_1388865,artist_007805,6,2,jazz|pop,advertising|movie|soft
1831,track_1388879,artist_007805,6,2,grunge|poprock|progressive,advertising|film|movie
1832,track_1389150,artist_466600,9,2,classical|orchestral|soundtrack,dramatic|epic|inspiring
1833,track_1389159,artist_462377,13,1,easylistening|indie|rock,background|corporate|inspiring|motivational|positive|upbeat
1834,track_1389190,artist_347673,16,2,classical|symphonic,dark|dramatic|sad
1835,track_1389413,artist_438910,5,2,ambient|newage,relaxing
1836,track_1389457,artist_361044,5,2,classical|orchestral,emotional
1837,track_1389459,artist_361044,5,2,classical|orchestral,film
1838,track_1389857,artist_347867,5,2,chillout|orchestral|soundtrack,melodic
1839,track_1390338,artist_347867,13,1,60s|indie|poprock,love|melodic|romantic
1840,track_1390454,artist_349335,11,1,funk|groove,advertising
1841,track_1390465,artist_349335,5,2,ambient|lounge|soundtrack,sad
1842,track_1390673,artist_438910,2,2,ambient|electronic,soundscape
1843,track_1391226,artist_490028,4,1,easylistening|orchestral|soundtrack,christmas|happy|holiday
1844,track_1391238,artist_490028,10,2,easylistening|orchestral|soundtrack,christmas|happy|holiday|uplifting
1845,track_1391254,artist_355756,10,2,ambient|electronic|newage,meditative|space
1846,track_1391259,artist_355756,10,2,ambient|electronic|newage,meditative|space
1847,track_1391265,artist_355756,5,2,ambient|electronic|experimental,space
1848,track_1391338,artist_486550,3,2,easylistening|pop|popfolk,christmas|happy
1849,track_1391342,artist_486550,2,2,easylistening|orchestral|pop,christmas
1850,track_1392190,artist_433117,7,1,soundtrack,film
1851,track_1392690,artist_355756,9,2,ambient|electronic|newage,relaxing|space
1852,track_1392850,artist_355756,5,2,ambient|electronic|newage,relaxing|space
1853,track_1392854,artist_355756,5,2,ambient|electronic|newage,relaxing|space
1854,track_1393142,artist_456894,6,2,easylistening,christmas
1855,track_1393190,artist_483387,8,1,dance|pop|popfolk,christmas|commercial|corporate|inspiring|positive
1856,track_1393213,artist_483387,9,2,popfolk|progressive|soundtrack,christmas|epic|inspiring|positive
1857,track_1393342,artist_355756,2,1,electronic|minimal|newage,relaxing|space
1858,track_1393426,artist_355756,4,1,alternative|hardrock|rock,dark|energetic
1859,track_1393526,artist_375104,13,1,chillout|electronic|pop,background|calm|christmas
1860,track_1394326,artist_486606,2,1,ambient|easylistening,christmas
1861,track_1394790,artist_491763,4,1,electronic|heavymetal,heavy
1862,track_1395042,artist_464476,3,2,classical,christmas
1863,track_1395059,artist_442600,11,1,ambient|experimental|minimal,deep
1864,track_1395613,artist_337741,2,1,ambient|soundtrack,inspiring
1865,track_1396090,artist_439289,1,1,classical|soundtrack,epic
1866,track_1396257,artist_491533,11,1,classical|electronic|orchestral|soundtrack,dramatic|energetic|epic|film
1867,track_1396473,artist_480605,5,1,deephouse|electronic|ethno,deep|space
1868,track_1396673,artist_495239,8,1,,christmas|upbeat
1869,track_1396690,artist_462377,1,1,ambient|chillout|minimal,emotional|motivational|relaxing
1870,track_1396990,artist_002444,1,1,ambient|electronic|techno,relaxing
1871,track_1397142,artist_439371,6,1,pop|rock,advertising|documentary|inspiring|travel
1872,track_1397150,artist_439371,2,2,indie|rock,advertising|commercial|funny
1873,track_1397165,artist_495287,9,2,ambient|chillout|classical,soft
1874,track_1397365,artist_444361,10,2,,christmas|holiday
1875,track_1397742,artist_439371,1,1,country|pop,funny|happy
1876,track_1397854,artist_439371,4,1,dubstep|electronic|idm,energetic
1877,track_1397859,artist_439371,7,1,dance|electronic|pop,energetic|party|summer
1878,track_1398150,artist_439371,2,1,chillout|newage|pop,corporate|inspiring|positive
1879,track_1398154,artist_439371,2,1,chillout|newage|pop,commercial|corporate
1880,track_1399013,artist_495449,9,2,classical|symphonic,film
1881,track_1399290,artist_423996,5,2,experimental,sad
1882,track_1399473,artist_419438,3,2,classical,calm|christmas|positive|relaxing
1883,track_1399526,artist_363557,13,1,electropop|indie|pop|poprock,slow
1884,track_1399542,artist_363557,13,1,indie|newage|pop|rock,slow
1885,track_1399626,artist_004116,14,1,electronic|pop|soundtrack,energetic|epic|happy
1886,track_1399654,artist_004116,5,2,ambient,calm|deep|soft
1887,track_1399790,artist_483253,9,2,classical|orchestral|soundtrack,christmas|love
1888,track_1399850,artist_495287,10,2,easylistening|electronic|soundtrack,energetic
1889,track_1400065,artist_416786,15,1,chillout|electronic|lounge,cool
1890,track_1400150,artist_471813,2,1,experimental,dark|slow
1891,track_1400154,artist_471813,2,2,experimental,dark|slow
1892,track_1400157,artist_471813,1,1,experimental,dark|slow
1893,track_1400913,artist_495449,9,2,classical|symphonic,film
1894,track_1401013,artist_495620,16,2,atmospheric|chillout|gothic|soundtrack,soundscape
1895,track_1401538,artist_466600,5,2,classical|orchestral|soundtrack,epic|inspiring
1896,track_1401590,artist_375104,13,1,dance|electronic|pop,children|happy|positive
1897,track_1402090,artist_495484,13,1,classical|pop|soundtrack,corporate|deep
1898,track_1402273,artist_341912,15,2,electronic|soundtrack,dream|melodic
1899,track_1402454,artist_341912,1,1,electronic|soundtrack,melodic
1900,track_1402459,artist_341912,14,1,electronic|electropop,mellow|melodic
1901,track_1402650,artist_432273,3,2,classical,funny|happy|upbeat
1902,track_1402654,artist_432273,2,2,classical,drama|dramatic
1903,track_1402657,artist_432273,16,2,classical|orchestral,advertising|epic|powerful|trailer
1904,track_1402857,artist_489133,8,1,house|progressive|techno|trance,space
1905,track_1402926,artist_355756,15,1,atmospheric|electronic|newage,relaxing
1906,track_1403238,artist_430269,6,1,electronic|pop|poprock,corporate|inspiring|motivational
1907,track_1403257,artist_003944,8,1,breakbeat|tribal,sport
1908,track_1403854,artist_493357,12,2,chillout|classical|soundtrack,inspiring
1909,track_1403965,artist_001336,4,1,house|techno,love
1910,track_1403973,artist_001336,11,1,ambient|electronic|minimal|techno,ambiental
1911,track_1404954,artist_495923,14,1,soundtrack|world,corporate
1912,track_1404957,artist_495923,9,2,soundtrack,corporate
1913,track_1405013,artist_430269,8,1,electronic|soundtrack,powerful
1914,track_1405073,artist_495804,1,1,pop,happy|motivational
1915,track_1405357,artist_460992,4,1,dance|minimal|pop,commercial|corporate|inspiring|uplifting
1916,track_1405365,artist_460992,2,2,dance|pop|soundtrack,corporate|hopeful|motivational|uplifting
1917,track_1405473,artist_495484,7,1,pop|poprock|world,advertising|corporate|emotional|happy|inspiring
1918,track_1406054,artist_483960,7,1,country|folk|world,advertising
1919,track_1406057,artist_483960,7,1,country|popfolk|rnb,children|happy
1920,track_1406565,artist_496074,1,1,hiphop|orchestral|rnb,epic|motivational
1921,track_1406573,artist_496074,2,2,ambient|electronic|progressive,epic|motivational
1922,track_1406579,artist_496074,1,1,ambient|hiphop|trance,epic|motivational
1923,track_1407550,artist_469116,10,2,atmospheric|easylistening|newage,nature|relaxing
1924,track_1407654,artist_469116,13,1,60s|jazz|rock,action
1925,track_1407657,artist_469116,13,1,pop|popfolk|poprock,happy|melodic|upbeat
1926,track_1407659,artist_469116,6,1,poprock|rock|soundtrack,adventure|sport
1927,track_1407838,artist_438603,4,1,pop|progressive|rock,happy
1928,track_1408979,artist_486550,11,1,easylistening|electronic|poprock,advertising|happy|inspiring
1929,track_1409342,artist_439371,7,1,latin,sexy
1930,track_1409390,artist_362636,4,1,breakbeat|drumnbass|tribal,action
1931,track_1410638,artist_357291,5,2,psychedelic,film|melodic
1932,track_1410642,artist_357291,5,2,ambient|electronic,film|melodic
1933,track_1413465,artist_340225,1,1,ambient|chillout|electronic|newage,background
1934,track_1413879,artist_352097,15,1,electronic|electropop|pop|soundtrack,film
1935,track_1413890,artist_352097,15,1,electronic|electropop|pop|soundtrack,soundscape
1936,track_1413959,artist_496314,1,1,classical|soundtrack,emotional|movie
1937,track_1414673,artist_004163,1,1,80s|darkambient|indie|rock,dark
1938,track_1414765,artist_488457,1,1,70s|groove|psychedelic|rock,advertising|cool|documentary|film
1939,track_1415338,artist_492266,15,2,ambient|newage|soundtrack,space
1940,track_1415342,artist_492266,3,2,ambient|atmospheric|chillout|newage,space
1941,track_1415550,artist_495804,7,1,pop,summer
1942,track_1415573,artist_495804,13,1,electronic|pop|rock,advertising|motivational
1943,track_1415750,artist_003944,5,2,classical|soundtrack,sad
1944,track_1415990,artist_000560,11,1,orchestral|soundtrack|symphonic,action|dark|epic
1945,track_1416042,artist_496605,12,1,poprock|rock|rocknroll,advertising|happy
1946,track_1416142,artist_486550,7,2,ambient|atmospheric|easylistening,background|ballad|documentary|slow|soundscape
1947,track_1416190,artist_004116,1,1,electronic|electropop|pop,action|energetic|happy
1948,track_1416890,artist_003944,10,2,classical|easylistening,children
1949,track_1417338,artist_482355,3,2,classical,sad
1950,track_1417350,artist_482355,9,2,classical,happy
1951,track_1418765,artist_496074,7,1,drumnbass|electronic|progressive,energetic|epic|happy|motivational
1952,track_1418979,artist_496314,8,1,dance|soundtrack|trance,movie
1953,track_1419226,artist_489745,16,2,ambient|atmospheric|symphonic,film|space
1954,track_1419279,artist_343154,14,1,ambient|chillout|hiphop,film
1955,track_1419465,artist_457524,4,1,breakbeat|trance,space
1956,track_1419626,artist_351588,6,1,jazz|latin,dramatic|film
1957,track_1419650,artist_496074,1,1,hiphop|rap|rnb,energetic|powerful
1958,track_1419657,artist_454118,6,1,hardrock,dark|love
1959,track_1419659,artist_454118,2,1,hardrock,dark|uplifting
1960,track_1419665,artist_496314,1,1,soundtrack,advertising|movie
1961,track_1419790,artist_497141,2,2,orchestral|soundtrack,christmas
1962,track_1420242,artist_352232,14,1,electronic|experimental,positive
1963,track_1420413,artist_497198,11,1,dance|easylistening,funny|happy
1964,track_1420426,artist_497198,11,1,chillout|dance|disco,funny|happy|summer
1965,track_1420438,artist_497198,4,1,chillout|dance|disco|funk,happy|summer
1966,track_1420442,artist_497198,4,1,dance|easylistening,deep|funny
1967,track_1420450,artist_490851,14,1,chillout|house|lounge,deep
1968,track_1420454,artist_490851,14,1,chillout|house|lounge,deep
1969,track_1420457,artist_490851,14,1,chillout|house|lounge,deep
1970,track_1420459,artist_490851,1,1,chillout|house|lounge,deep
1971,track_1420465,artist_490851,11,1,chillout|house|lounge,deep
1972,track_1420473,artist_497198,4,1,chillout|dance|disco|funk,funny
1973,track_1420479,artist_497198,11,1,chillout|dance,deep|happy|summer
1974,track_1420513,artist_497200,4,1,dance|funk|house,deep|summer
1975,track_1420526,artist_497201,4,1,chillout|dance|house,deep|summer
1976,track_1420538,artist_497202,11,1,chillout|house|reggae,deep|summer
1977,track_1420542,artist_497202,4,1,chillout|house|reggae,deep|summer
1978,track_1420550,artist_497202,14,1,chillout|dub|house,deep|summer
1979,track_1420554,artist_497202,14,1,chillout|house|reggae,deep|summer
1980,track_1420557,artist_497202,1,1,chillout|house|ska,deep|summer
1981,track_1420559,artist_497202,7,1,chillout|house,deep|summer
1982,track_1420565,artist_497202,4,1,chillout|house|ska,deep|summer
1983,track_1420573,artist_497202,4,1,chillout|house|ska,deep|summer
1984,track_1420626,artist_497203,14,1,dub|house|lounge,deep
1985,track_1420638,artist_480599,3,2,soundtrack,inspiring|positive|uplifting
1986,track_1420642,artist_480599,12,2,ambient|atmospheric|soundtrack,melancholic|relaxing
1987,track_1420650,artist_480599,3,2,atmospheric|soundtrack,documentary|emotional|melancholic|sad
1988,track_1420654,artist_480599,9,2,orchestral|soundtrack,dramatic|powerful
1989,track_1420657,artist_497203,1,1,house|lounge|reggae,deep
1990,track_1420665,artist_490858,4,1,chillout|easylistening|house,deep|summer
1991,track_1420673,artist_490858,11,1,chillout|easylistening|house,deep|summer
1992,track_1420679,artist_490858,4,1,chillout|easylistening|house,deep|summer
1993,track_1420690,artist_490858,11,1,chillout|easylistening|house,deep|summer
1994,track_1420850,artist_496074,6,2,ambient|easylistening|orchestral,dramatic|epic
1995,track_1421165,artist_003573,4,1,ambient|chillout|downtempo,love
1996,track_1421350,artist_466600,9,2,orchestral|rock|soundtrack,dramatic|epic|inspiring|trailer
1997,track_1422054,artist_496314,9,2,soundtrack,advertising|dramatic|epic|movie
1998,track_1422057,artist_496314,1,2,soundtrack,advertising|dramatic|epic|movie
1999,track_1422059,artist_496314,1,1,soundtrack,advertising|dramatic|epic|movie
