global_node_index,degree,strength,triangles,clustering
0,106,62.96540263341176,1774,0.3187780772686433
1,65,30.3572235591037,743,0.35721153846153847
2,114,71.1918846339973,1896,0.2943642291569632
3,139,61.48876116198638,3008,0.3136273589823793
4,94,55.46424370732896,1684,0.385266529398307
5,79,43.320023998755275,992,0.3219733852645245
6,65,23.222808406129527,877,0.4216346153846154
7,109,55.49545749562089,2132,0.36221542643560994
8,181,106.82188822376577,3359,0.20620012277470842
9,86,45.670740013999776,1259,0.3444596443228454
10,100,54.47302839169739,1447,0.2923232323232323
11,87,43.246186490667604,1382,0.3694199411921946
12,66,24.87203848315973,889,0.4144522144522145
13,71,34.27598459253035,773,0.31106639839034206
14,135,75.97760642660445,2572,0.28435599778883364
15,89,46.40318659981449,1416,0.3615934627170582
16,116,58.57530914830402,1470,0.22038980509745126
17,86,38.54251192548104,1306,0.3573187414500684
18,110,60.48465053029199,1729,0.2884070058381985
19,143,85.8573771714868,3087,0.3040480646114449
20,295,181.8911529331396,7647,0.17634036665513664
21,284,175.34941641252726,7206,0.17931617976409694
22,132,76.37196668240846,2636,0.30488086976636597
23,101,57.67924295851858,1310,0.2594059405940594
24,83,47.53531778613841,1198,0.35204231560387894
25,164,97.38421222115495,3280,0.24539877300613497
26,85,49.048618648809324,1236,0.346218487394958
27,81,48.77357042251925,1432,0.4419753086419753
28,215,135.16162448010783,5221,0.22695066289936972
29,77,41.487755406846226,1334,0.4559125085440875
30,74,42.56069168730219,1001,0.37060348019252126
31,66,23.15810746299024,660,0.3076923076923077
32,64,20.848923729537226,747,0.3705357142857143
33,68,28.172023675077693,1346,0.5908691834942933
34,78,33.88352053175784,1323,0.4405594405594406
35,95,48.199252847335856,1507,0.33751399776035834
36,68,38.153926965370026,816,0.3582089552238806
37,90,51.460466494962226,1551,0.3872659176029963
38,99,47.41602378261977,1939,0.3997113997113997
39,67,33.059061250064715,761,0.3441881501582994
40,99,56.06727123397204,1772,0.365285508142651
41,143,78.12226972437308,2655,0.2614990643159657
42,65,9.101004891877137,716,0.34423076923076923
43,130,78.17464871061236,2541,0.30304114490161
44,71,17.530654117418283,705,0.2837022132796781
45,87,42.21138097680353,1317,0.3520449077786688
46,148,92.4784486638408,2839,0.26098547527118954
47,140,78.98937756724327,2847,0.29260020554984584
48,68,25.370692966796835,800,0.35118525021949076
49,151,91.51697180369504,2763,0.24397350993377484
50,85,41.16502902256576,1144,0.3204481792717087
51,71,41.80724572499105,1151,0.4631790744466801
52,73,35.63116290715507,1031,0.3923135464231355
53,105,58.87918411699741,1767,0.32362637362637364
54,138,81.32525225950774,2868,0.30339574738178354
55,76,34.84905909266212,933,0.3273684210526316
56,85,44.521407927566216,1072,0.3002801120448179
57,110,65.41667508461141,1760,0.29357798165137616
58,116,65.58204374926427,1921,0.28800599700149926
59,118,53.26568476737989,2334,0.3381138635375924
60,65,17.605490177957744,767,0.36875
61,67,19.651431352577973,873,0.3948439620081411
62,70,34.99037467197735,1161,0.48074534161490684
63,106,54.470622444620666,1726,0.3101527403414196
64,110,63.75954291284922,1908,0.3182652210175146
65,73,39.55082842918024,885,0.3367579908675799
66,72,34.02821348291494,929,0.3634585289514867
67,75,32.024871573555174,1212,0.43675675675675674
68,78,41.84643117668741,1251,0.4165834165834166
69,71,38.1570723447229,1454,0.5851106639839034
70,70,32.346579235716675,869,0.3598343685300207
71,97,54.832886255210056,1770,0.3801546391752577
72,73,35.09592381448964,775,0.2949010654490107
73,185,115.52611908093128,3834,0.22526439482961222
74,64,27.582764389340547,1109,0.5500992063492064
75,126,74.09986749482091,2379,0.3020952380952381
76,71,39.16283249149691,1034,0.4160965794768612
77,71,34.485750471218225,983,0.3955734406438632
78,86,49.47210001525856,1498,0.4098495212038304
79,65,30.91166055607549,762,0.3663461538461538
80,133,77.22907334733374,2568,0.29254955570745045
81,123,61.2796689318151,2343,0.3122750899640144
82,70,24.397722443607154,828,0.34285714285714286
83,117,57.63244164368732,2247,0.3311229000884173
84,69,29.12447940908704,694,0.2958226768968457
85,154,75.50592440699337,2633,0.22349545878957644
86,75,20.95262357775053,835,0.3009009009009009
87,81,36.46423475324718,1649,0.5089506172839506
88,81,39.48988697059982,1070,0.33024691358024694
89,80,44.167625521586004,1132,0.35822784810126584
90,111,61.41528540608103,2192,0.35904995904995907
91,115,67.06545756654053,1731,0.26407322654462245
92,78,33.71525506223864,1247,0.41525141525141523
93,212,126.35777653877237,4513,0.20177948672091567
94,106,54.25554866067638,1357,0.24384546271338725
95,82,47.14045324305332,1518,0.45709123757904246
96,65,4.19369181569785,676,0.325
97,113,66.47674262319495,2196,0.3470290771175727
98,72,38.6786241848552,1113,0.4354460093896714
99,184,104.78926662609226,4033,0.23954621050130673
100,70,36.53082266604887,820,0.33954451345755693
101,85,48.04267559509383,1240,0.3473389355742297
102,81,45.81821170817684,1389,0.4287037037037037
103,266,159.87932775065838,6634,0.18822528018158605
104,68,16.275900055902902,836,0.3669885864793679
105,119,59.42894443089548,2238,0.31875801167924794
106,114,59.8725508559357,1712,0.2657972364539668
107,78,40.70139033051403,1382,0.4602064602064602
108,119,66.21931012387006,1901,0.27075915111807436
109,158,97.8744475869454,3328,0.26832218011771347
110,73,36.986078907235346,1299,0.4942922374429224
111,69,35.00510022044691,987,0.42071611253196933
112,67,29.39788094516887,1181,0.5341474445952058
113,64,22.224036364459007,956,0.4742063492063492
114,73,39.55711831230629,899,0.3420852359208524
115,145,69.505199978117,3489,0.3341954022988506
116,77,33.697886947912174,1043,0.35645933014354064
117,93,41.41078224860992,1142,0.2669471715755026
118,98,46.07809345705309,1551,0.32632021880917317
119,197,109.27732789677582,3669,0.19004454573707655
120,75,40.54654869366463,1219,0.4392792792792793
121,81,44.80813401277977,1306,0.4030864197530864
122,110,49.665688176831985,1934,0.3226021684737281
123,65,22.227917265378885,618,0.2971153846153846
124,88,53.350297459436774,1429,0.3733019853709509
125,150,93.57286389986437,2966,0.26541387024608504
126,111,68.35187154556931,1841,0.3015561015561016
127,65,31.65838391380434,817,0.39278846153846153
128,84,46.954748628028916,1530,0.4388984509466437
129,81,32.87113095622119,995,0.30709876543209874
130,65,8.835044516230392,636,0.3057692307692308
131,76,41.46418179869936,1103,0.38701754385964915
132,86,51.96424720292957,1416,0.3874145006839945
133,153,74.25982482345935,2831,0.2434640522875817
134,103,52.98704311525656,1748,0.33276223110603464
135,114,65.99125021333958,2013,0.31252911038658593
136,68,25.314087747307486,749,0.3287971905179982
137,201,126.45304208131358,4618,0.22975124378109452
138,67,23.190953473360015,931,0.42107643600180916
139,108,55.368057530449754,1693,0.2930079612322603
140,107,62.32357315408057,1994,0.3516134720507847
141,217,132.80129762551874,5333,0.22755589691073563
142,106,51.905038233845794,1882,0.33818508535489666
143,65,25.933758821921938,875,0.4206730769230769
144,152,92.6535433170013,2656,0.23143952596723597
145,66,26.477063108645012,831,0.38741258741258744
146,71,30.26227627835233,1069,0.4301810865191147
147,144,81.51881661494562,2984,0.2898212898212898
148,107,52.851975906830724,1773,0.3126432727913948
149,78,42.5892653720438,1412,0.4701964701964702
150,67,32.99932166652792,827,0.37403889642695615
151,110,52.68211590411138,1792,0.29891576313594664
152,65,23.71336548226823,645,0.31009615384615385
153,66,14.198707439410375,552,0.2573426573426573
154,104,53.379144034303735,1586,0.2961165048543689
155,106,50.99009428254632,1873,0.33656783468104223
156,73,27.907394146223957,873,0.3321917808219178
157,65,16.22424316114364,781,0.37548076923076923
158,86,46.141991802255795,1377,0.3767441860465116
159,69,37.462989492142654,1029,0.43861892583120204
160,183,107.03963098488622,3465,0.2080706179066835
161,68,22.308855331021668,828,0.36347673397717295
162,65,24.913355704733114,935,0.4495192307692308
163,91,43.950448846006445,1622,0.3960927960927961
164,64,13.730256665777185,726,0.3601190476190476
165,65,2.3481082677817335,634,0.30480769230769234
166,107,52.87796069518155,1973,0.3479104214424264
167,83,32.149120718788055,1182,0.34734058183955335
168,197,104.73179710236549,4671,0.24194550916813426
169,107,50.476346896909895,1758,0.3099982366425674
170,85,43.64405770034895,1238,0.3467787114845938
171,70,33.48352996286965,1042,0.43146997929606623
172,89,33.89648361272497,1469,0.3751276813074566
173,82,37.01869608903783,1696,0.5106895513399579
174,131,60.08035851296713,2681,0.31485613623018205
175,93,41.922176069991885,1512,0.3534361851332398
176,85,40.76229020289014,1286,0.36022408963585434
177,78,36.142969212860564,996,0.33166833166833165
178,66,25.368532571522675,895,0.4172494172494173
179,331,199.88869750319355,8700,0.1592968964570173
180,79,30.176832881088743,1290,0.4186952288218111
181,68,28.778947722581567,748,0.3283582089552239
182,83,42.430270732381366,995,0.2923890684689979
183,129,63.52374447554407,2198,0.26623062015503873
184,209,124.63341965440583,5792,0.2664703717335296
185,73,40.59340574310699,1050,0.3995433789954338
186,81,36.014454028073246,1078,0.33271604938271604
187,131,80.92497195869075,2688,0.31567821491485615
188,78,41.1188215938584,1277,0.4252414252414252
189,126,74.80270934733211,2397,0.30438095238095236
190,69,37.944632920557275,963,0.41048593350383633
191,168,77.8987525986658,3274,0.23339036213287712
192,83,44.28327742793773,1092,0.32089332941522186
193,72,33.3882255747367,1024,0.40062597809076683
194,164,85.94974436546327,2867,0.2144994762831064
195,118,68.14056422870416,1874,0.27147616978125455
196,87,50.432205815238625,1673,0.4472066292435178
197,70,37.737039782975195,1317,0.5453416149068323
198,65,29.70168177476787,980,0.47115384615384615
199,73,28.7808780529714,1250,0.4756468797564688
200,72,19.461245207685057,809,0.316510172143975
201,78,39.991172562182236,1020,0.33966033966033965
202,138,82.88808598813566,2303,0.24362636200148102
203,99,50.298922490413815,2122,0.43743558029272317
204,83,33.003611252587824,1468,0.43138407287687336
205,67,33.093889825770745,728,0.32926277702397105
206,64,20.78211390884756,555,0.27529761904761907
207,67,21.648201406251562,827,0.37403889642695615
208,85,48.21378819284201,1624,0.4549019607843137
209,74,41.37358246418456,1244,0.4605701592002962
210,77,38.40714717036746,1143,0.39063568010936434
211,91,37.90330723510132,1374,0.3355311355311355
212,173,91.04351507252137,4101,0.2756418873504503
213,165,94.82299026251476,3173,0.2345158906134516
214,86,32.505908115844804,1242,0.33980848153214777
215,106,50.705197915935,1898,0.3410601976639713
216,79,42.99131407999886,1015,0.329438493995456
217,97,38.64277419759436,1499,0.32195017182130586
218,72,36.55501452278967,1005,0.3931924882629108
219,71,37.618497472834605,1027,0.4132796780684105
220,117,66.47268385316649,1873,0.27600943118184496
221,72,36.20639105985109,868,0.3395931142410016
222,147,80.88740792961661,2439,0.22728543472183393
223,87,38.416049882843524,985,0.2632985832665063
224,102,54.3592204668866,1679,0.32595612502426713
225,72,26.71145206206558,931,0.3642410015649452
226,98,53.00028171216802,1999,0.420576478013886
227,147,89.64557053338024,2921,0.2722020314975305
228,135,77.33325461535085,2242,0.2478717523493643
229,83,39.92082882501421,1137,0.3341169556273876
230,162,90.6948423961042,3174,0.24338624338624337
231,128,63.13311027324218,2252,0.2770669291338583
232,122,66.6079438943578,2265,0.3068689879420133
233,131,60.22060453891385,2483,0.2916030534351145
234,94,41.870674409163,1673,0.38274994280485014
235,172,83.64619713429076,3240,0.22031823745410037
236,70,33.51678505403073,859,0.3556935817805383
237,68,25.1150694329325,774,0.33977172958735735
238,129,62.015725135333845,2183,0.2644137596899225
239,81,45.944821108857454,1116,0.34444444444444444
240,177,103.43429635866698,3622,0.2325372367745249
241,81,41.61441363538859,1331,0.4108024691358025
242,85,47.24044823845276,1408,0.39439775910364144
243,90,48.81516648641663,1189,0.2968789013732834
244,111,61.482742815237536,2429,0.39787059787059786
245,80,31.329779093599807,1486,0.47025316455696203
246,76,44.75540284093868,1114,0.39087719298245616
247,68,33.10122030460364,986,0.43283582089552236
248,66,25.85306484538111,816,0.3804195804195804
249,66,25.402780223218606,604,0.2815850815850816
250,79,39.37220452039544,1045,0.3391755923401493
251,107,61.01076338550097,2026,0.35725621583494976
252,66,25.74225033898506,1090,0.5081585081585082
253,64,22.11358895839646,566,0.28075396825396826
254,142,82.94633138190385,2788,0.2784936569773249
255,67,30.691170069286635,887,0.40117593848937133
256,64,17.66306770937199,947,0.4697420634920635
257,69,35.987263219571986,969,0.41304347826086957
258,70,30.732217152638516,958,0.3966873706004141
259,67,17.281387127084553,791,0.357756671189507
260,84,47.99627165987003,1530,0.4388984509466437
261,190,94.88126468838955,4818,0.2683375104427736
262,87,50.53150496610198,1233,0.32959101844426625
263,78,41.38430901652754,1136,0.3782883782883783
264,94,57.06915378793428,1830,0.4186684969114619
265,79,45.94368246945131,1386,0.4498539435248296
266,66,24.564576699450928,888,0.413986013986014
267,68,37.66888564172967,893,0.3920105355575066
268,75,40.14949617269288,1188,0.4281081081081081
269,83,35.42837598154011,1110,0.32618277990008815
270,81,44.09596574088755,1317,0.4064814814814815
271,85,38.44924704683593,1306,0.36582633053221286
272,96,43.3222443646642,1537,0.33706140350877195
273,75,31.760344759232304,1003,0.36144144144144147
274,113,53.87607208324009,2021,0.3193742098609355
275,108,47.6125053754813,1956,0.33852544132917967
276,73,41.04095854744903,1357,0.5163622526636226
277,75,35.91039656110604,915,0.32972972972972975
278,99,57.62025448403202,1626,0.33518862090290663
279,80,40.193784203121695,1125,0.3560126582278481
280,98,51.62149436924648,1709,0.3595623816536924
281,111,51.74095605424745,2482,0.4065520065520066
282,74,42.399685578837115,945,0.349870418363569
283,131,73.39253078002828,2525,0.29653552554315915
284,65,19.144032295292767,823,0.3956730769230769
285,143,85.93100652557641,2902,0.2858268492071309
286,69,37.27971910466246,1127,0.4803921568627451
287,85,45.742619204327745,1735,0.48599439775910364
288,89,46.60730324908121,1309,0.3342696629213483
289,65,20.702046486235133,860,0.41346153846153844
290,69,24.673989533447184,1285,0.5477408354646206
291,95,44.390151645891024,1899,0.4253079507278835
292,111,65.93318155981632,1944,0.31842751842751843
293,86,42.16370196252948,1223,0.33461012311901506
294,83,33.52272689310424,1160,0.34087569791360567
295,64,9.984187043573458,652,0.32341269841269843
296,79,39.68576839006992,1202,0.3901330736773775
297,72,37.86397751307167,913,0.35719874804381846
298,105,52.41693501892283,1893,0.3467032967032967
299,204,106.67936662759732,4709,0.22742200328407225
300,87,46.224339827191514,1216,0.32504677893611333
301,78,31.319112606032203,1080,0.3596403596403596
302,93,43.42427181031412,1597,0.37330528284244974
303,76,39.4527620054274,955,0.3350877192982456
304,69,25.872664497945603,931,0.396845694799659
305,146,90.73713418857022,3401,0.32130373169579596
306,82,40.46669758681168,1019,0.306835290575128
307,113,49.40244494389646,2121,0.33517699115044247
308,81,31.81425250039,1376,0.4246913580246914
309,115,59.197970695851716,1631,0.2488176964149504
310,69,31.442415630768323,1064,0.453537936913896
311,93,47.44015008141393,1297,0.3031790556334736
312,73,36.234185841596684,1000,0.380517503805175
313,100,41.92310399821683,1407,0.28424242424242424
314,69,26.247975918567732,1032,0.4398976982097187
315,74,40.13908124495557,1122,0.41540170307293595
316,86,36.600513609219455,1365,0.3734610123119015
317,121,72.29443951385306,2538,0.3495867768595041
318,92,40.88261105193986,1255,0.2998088867654085
319,102,48.79636896635094,1516,0.2943117841195884
320,97,52.897681548483725,1606,0.3449312714776632
321,71,33.88797859302214,943,0.379476861167002
322,129,69.51586926658813,2275,0.2755571705426357
323,73,35.823628642067625,945,0.3595890410958904
324,157,97.65200769689694,3780,0.308672219500245
325,78,45.12694165975524,1004,0.33433233433233434
326,80,46.172463311177886,1127,0.3566455696202532
327,68,37.18397141175944,788,0.34591747146619845
328,74,30.75960138821706,944,0.34950018511662345
329,122,61.063731156778346,2176,0.29481100121934695
330,79,44.96962138200423,1227,0.39824732229795523
331,92,45.7832329731077,1566,0.37410415671285235
332,70,36.2331418470141,847,0.3507246376811594
333,71,42.080488856181624,1072,0.43138832997987925
334,110,58.03154146000577,1878,0.31326105087572975
335,93,45.17867304526166,1100,0.2571294997662459
336,70,25.48994280658083,940,0.38923395445134573
337,128,62.00429673221751,2639,0.3246801181102362
338,170,78.15337750693313,3647,0.25388096066829097
339,102,44.4563281790659,1886,0.36614249660260145
340,65,30.619888314936592,939,0.4514423076923077
341,75,34.382622732087114,1158,0.4172972972972973
342,72,37.90037024054716,1114,0.43583724569640064
343,76,38.089256304765854,1211,0.4249122807017544
344,79,43.43906522220069,1393,0.45212593313859134
345,92,46.97031099152704,1466,0.35021500238891545
346,110,68.27598535848502,2213,0.36914095079232695
347,97,55.525971099495244,1546,0.3320446735395189
348,88,44.289253701620936,1352,0.35318704284221525
349,85,30.6134075516935,1155,0.3235294117647059
350,121,72.69952033945708,2134,0.29393939393939394
351,70,32.14138406378153,757,0.3134575569358178
352,70,27.867073829072076,901,0.3730848861283644
353,84,35.866979862127884,1131,0.3244406196213425
354,129,60.17689740340745,2502,0.30305232558139533
355,64,18.0344962514717,769,0.3814484126984127
356,116,54.09560539026896,1988,0.29805097451274365
357,123,70.98807053667711,2427,0.3234706117552979
358,115,64.35862268436043,1970,0.3005339435545385
359,156,90.92689601678701,3364,0.2782464846980976
360,271,159.6147347304558,7744,0.2116714500478338
361,152,85.47485767592359,3182,0.27727431160683164
362,231,141.5860320027502,5151,0.19390175042348956
363,296,182.6421866249972,7520,0.1722400366468163
364,134,81.0254921372412,3085,0.3462013242060375
365,119,68.31973908443929,2557,0.3641931348810711
366,68,23.121157743277347,792,0.3476733977172959
367,70,20.40876103391983,866,0.35859213250517596
368,81,45.53669950330847,1163,0.3589506172839506
369,67,32.49234709532234,929,0.42017186793306194
370,89,37.96373809672506,1563,0.3991317671092952
371,82,48.01401562373251,1638,0.4932249322493225
372,135,60.86519013847599,2915,0.32227750138197897
373,99,45.200151251820145,1781,0.3671407957122243
374,79,31.356053204337286,1042,0.33820188250567995
375,72,34.68818739229581,849,0.33215962441314556
376,90,36.45859138160567,1720,0.42946317103620474
377,109,57.860805683109255,2092,0.35541963982330954
378,78,46.072787918075555,1206,0.4015984015984016
379,71,37.609169151180375,925,0.3722334004024145
380,87,48.62465488329709,1335,0.3568564554931836
381,154,88.8023217164837,3346,0.28401663695781343
382,82,48.57980839401582,1318,0.39686841312857574
383,105,52.4705841406411,1577,0.2888278388278388
384,73,39.807989408311826,973,0.3702435312024353
385,192,91.10725653386535,4690,0.2557809773123909
386,82,36.790499636459984,1280,0.38542607648298705
387,84,45.868573054653076,1310,0.3757888697647734
388,71,39.58451799319922,975,0.39235412474849096
389,88,48.47288549256219,1192,0.3113897596656217
390,84,46.94764744879203,998,0.2862880091795754
391,191,120.5379535452652,4370,0.24083769633507854
392,95,49.408378692811716,1154,0.25845464725643896
393,74,26.604078385685362,1181,0.4372454646427249
394,171,98.71190457472177,3855,0.26522187822497423
395,158,88.32112639645625,2724,0.21962428444731114
396,160,91.41190017829824,3374,0.26525157232704405
397,114,69.63893648011047,2033,0.31563421828908556
398,102,46.234253183646175,1498,0.29081731702582025
399,111,53.87662460533796,2261,0.37035217035217033
400,86,43.0895041354348,1332,0.36443228454172366
401,96,53.44585137750828,2038,0.4469298245614035
402,92,38.862841010266045,1369,0.3270425226946966
403,196,121.64324353803082,4726,0.24730507587650444
404,72,40.630422823380364,902,0.35289514866979654
405,79,47.530650044337264,1381,0.4482310938007141
406,68,29.943117129535004,975,0.4280070237050044
407,70,28.816637269379427,885,0.36645962732919257
408,86,38.35164638614185,1251,0.34227086183310534
409,92,53.11165079560603,1506,0.3597706641184902
410,85,48.084103144609145,1118,0.3131652661064426
411,67,24.051402891122596,764,0.34554500226142015
412,71,13.280566726967937,668,0.2688128772635815
413,93,44.65816035016315,1315,0.3073866292660122
414,93,47.70499599261771,1075,0.25128564749883125
415,88,44.80113359622818,1468,0.3834900731452456
416,68,22.443847414268213,951,0.4174714661984197
417,69,38.10603070691406,1106,0.47144075021312876
418,290,174.6173474719478,7296,0.17410810165851331
419,128,62.15173390390877,2655,0.3266486220472441
420,112,50.11459012783699,1745,0.28072715572715573
421,88,46.737362785689726,1177,0.3074712643678161
422,69,35.238150799634326,1051,0.44799658994032393
423,83,42.425538552796915,1416,0.41610343814281514
424,117,59.42802666121821,2294,0.3380489242558208
425,70,31.96510856176273,791,0.32753623188405795
426,80,38.189387265947026,978,0.30949367088607593
427,66,26.344104693634176,558,0.2601398601398601
428,79,30.97169838863883,1005,0.32619279454722494
429,82,33.80997849138619,1267,0.38151159289370673
430,75,30.87936535574545,1002,0.36108108108108106
431,86,47.49906097486275,1246,0.3409028727770178
432,104,52.51303878989166,1521,0.28398058252427183
433,76,22.575747214079737,845,0.2964912280701754
434,80,34.35388135825813,1278,0.40443037974683543
435,71,38.17398671050124,1026,0.4128772635814889
436,162,95.8970835134345,3832,0.29384249674104745
437,87,45.47842907827934,1278,0.34161988773055335
438,129,75.87489521199507,2788,0.3376937984496124
439,128,77.16031423758362,2293,0.28211122047244097
440,118,60.90317417083109,1903,0.2756772417789367
441,93,50.499839832532444,1253,0.29289387564282376
442,79,28.031973903620713,1242,0.40311587147030187
443,68,26.003238327658565,996,0.437225636523266
444,94,41.51430449820256,1364,0.3120567375886525
445,72,27.52065212377246,1018,0.3982785602503912
446,74,41.30024698515711,932,0.3450573861532766
447,84,49.110527644519955,1330,0.3815261044176707
448,67,24.1052059651254,862,0.38986883763003166
449,129,67.63985025568417,2301,0.27870639534883723
450,87,43.20078807656146,1475,0.39427960438385456
451,82,41.505618586806946,1359,0.4092140921409214
452,155,85.86568152011945,3434,0.2877251780477587
453,119,69.01875412566652,1988,0.2831505483549352
454,68,38.3602879756415,1098,0.4820017559262511
455,160,99.53660127578534,3295,0.25904088050314467
456,158,96.18894101157416,4195,0.33822462307506246
457,74,28.486899543555513,900,0.33320992225101814
458,70,30.97885357094273,981,0.4062111801242236
459,91,40.6920175921754,1507,0.36800976800976803
460,66,24.98450933364845,988,0.46060606060606063
461,163,92.36423477186528,3343,0.2532000302961448
462,91,53.42942044776747,1373,0.33528693528693526
463,84,36.28670504051383,1291,0.3703384968445209
464,86,40.96910978135583,1532,0.4191518467852257
465,169,97.80545079873033,3520,0.24795717103409412
466,105,50.29900678733164,2047,0.3749084249084249
467,125,55.21301931170429,2087,0.26929032258064517
468,92,40.26443943256536,1654,0.39512661251791686
469,92,53.83208644801776,1546,0.36932632584806496
470,122,70.72413842941684,1957,0.2651402249017748
471,132,78.38975413712299,2637,0.3049965301873699
472,71,30.392984954415954,1079,0.43420523138833
473,112,48.87230112217807,2094,0.33687258687258687
474,89,53.69715749640727,1654,0.4223697650663943
475,89,52.517321820325876,1248,0.31869254341164455
476,73,35.63904894048867,1273,0.4843987823439878
477,84,50.03205104005216,1517,0.43516924842226046
478,98,56.748123512244746,1545,0.3250578581948243
479,191,115.74621348868884,3948,0.2175806007164508
480,191,115.93882586673965,4546,0.2505373381096721
481,68,6.885821543645651,683,0.29982440737489024
482,112,52.64899517978561,1884,0.3030888030888031
483,74,38.65550087248067,875,0.32395409107737877
484,89,43.2887381672123,1393,0.35572012257405516
485,68,35.78092779671968,984,0.43195785776997364
486,87,50.0526663173885,1147,0.3066025126971398
487,90,52.40132213016991,1564,0.3905118601747815
488,109,47.22614280729567,2018,0.34284743459055383
489,78,37.16723911825613,1431,0.47652347652347654
490,138,65.38332597859431,2892,0.30593462392891146
491,152,77.57999545061415,2655,0.2313523875914953
492,75,31.340927415230176,1077,0.3881081081081081
493,68,17.364427223591843,698,0.3064091308165057
494,80,33.44682445833346,1025,0.32436708860759494
495,64,25.993871925084136,747,0.3705357142857143
496,208,102.46903371955122,4724,0.2194351542177629
497,79,43.40438088259642,1042,0.33820188250567995
498,114,63.055990041347776,1679,0.2606738084148424
499,92,52.686853250566216,1322,0.31581462016244627
500,178,89.25706706904572,3862,0.24515965212975308
501,93,51.98507304492485,1466,0.3426834969611968
502,88,50.09306649586027,1340,0.3500522466039707
503,88,51.90043121670177,1768,0.4618599791013584
504,66,13.448787476675424,755,0.351981351981352
505,97,42.746362062789494,1615,0.34686426116838487
506,110,69.52137269913935,1887,0.3147623019182652
507,94,52.14510902937992,1541,0.35255090368336767
508,74,42.32960032661389,1170,0.4331728989263236
509,133,74.44168143276829,2512,0.2861699703804967
510,91,51.42165219442172,1454,0.3550671550671551
511,74,42.345156085663184,985,0.3646797482413921
512,112,65.09324589508209,1617,0.26013513513513514
513,69,24.797078610597556,893,0.38064791133844844
514,86,43.59048721770616,1596,0.43666210670314637
515,149,89.389981746123,3411,0.30935969526573553
516,66,29.59229631572103,750,0.34965034965034963
517,160,98.47376641885519,3364,0.26446540880503144
518,125,62.507658141416954,2252,0.29058064516129034
519,182,111.80551890422211,3754,0.22791573067816162
520,82,39.745852526111705,1033,0.31105088828666067
521,71,31.704995094411117,824,0.33158953722334006
522,89,51.197346552102275,1285,0.3281409601634321
523,118,66.14013484308532,2243,0.324931189337969
524,133,63.48153905875203,2770,0.31556163135110504
525,205,103.88024728770125,4574,0.21874701099952176
526,139,76.21891530971347,2293,0.23907830257533105
527,173,80.42708172815168,3553,0.2388089797015728
528,89,49.587122044526694,1432,0.36567926455566907
529,149,94.19243815479793,3029,0.2747143116270633
530,69,30.993340105975104,829,0.3533674339300938
531,79,43.149988678699316,1105,0.35864978902953587
532,145,64.3920754241717,2966,0.28409961685823754
533,75,43.65313974482955,1066,0.38414414414414416
534,65,12.66638267294448,1054,0.5067307692307692
535,110,52.373235104382665,1510,0.2518765638031693
536,349,185.2164395891594,9867,0.1624839442742812
537,134,65.2552158865383,2464,0.27651217596229377
538,75,40.25449639968291,1098,0.3956756756756757
539,97,57.42698420253315,1437,0.3086340206185567
540,96,50.098863828741365,1511,0.331359649122807
541,84,35.14569199902395,1271,0.36460126219162364
542,114,60.007398920101444,2287,0.3550690886508306
543,80,44.50683390039334,1159,0.3667721518987342
544,102,45.86917422321208,1536,0.29819452533488644
545,64,20.677585795682482,600,0.2976190476190476
546,70,29.798070556840678,1281,0.5304347826086957
547,83,36.494829207193185,1507,0.442844548927417
548,210,108.47798042235,5534,0.25217589428115744
549,173,91.65318130000965,4175,0.2806156741497513
550,72,32.34238012657283,977,0.3822378716744914
551,68,24.12623252639111,799,0.35074626865671643
552,129,71.27654648064728,2351,0.2847625968992248
553,242,143.8562027892475,5369,0.18411577106409246
554,190,113.7344226937507,4033,0.22461709830130883
555,80,33.062316031657275,995,0.314873417721519
556,211,110.33326034737168,4433,0.20009027307605506
557,73,36.43297811793754,813,0.3093607305936073
558,114,57.76654281054281,1813,0.28147803136158983
559,81,41.43776001615961,883,0.27253086419753086
560,156,88.3903619462763,2920,0.24152191894127378
561,68,23.40344450847431,1092,0.4793678665496049
562,66,34.63370325126053,907,0.4228438228438228
563,100,49.16663559282531,1798,0.36323232323232324
564,148,70.0231171894955,3525,0.3240485383342526
565,89,52.04579710803785,1636,0.4177732379979571
566,85,40.76093486155455,1112,0.311484593837535
567,87,37.77460170694749,1118,0.2988505747126437
568,138,70.90461724090895,2665,0.28192108325399345
569,85,44.49492253496268,1377,0.38571428571428573
570,70,39.7643373341264,961,0.3979296066252588
571,68,23.50654044451272,877,0.3849868305531168
572,189,114.85678210146047,3878,0.21828211189913319
573,70,35.33998577889136,872,0.3610766045548654
574,76,44.035682292266586,994,0.3487719298245614
575,97,51.61112658713704,1598,0.343213058419244
576,112,66.47000898936113,1793,0.28844916344916344
577,92,42.98660532737522,1367,0.32656473960821786
578,192,120.88239243035625,4508,0.24585514834205935
579,87,39.12380841468602,1365,0.3648757016840417
580,74,33.08526358963999,1164,0.4309514994446501
581,80,34.402428870217896,1383,0.43765822784810127
582,68,27.331069663460173,1136,0.4986830553116769
583,66,18.534141608845967,946,0.441025641025641
584,66,26.03837665975091,1055,0.49184149184149184
585,68,26.451180840903234,1013,0.4446883230904302
586,97,43.02417554132442,1646,0.35352233676975947
587,102,44.51244842109311,1840,0.35721219180741604
588,73,36.78999568600661,844,0.3211567732115677
589,73,34.88296318210615,984,0.3744292237442922
590,119,67.51212132912045,2217,0.3157669847600057
591,143,83.69151147035252,3182,0.3134049049542007
592,77,29.95772140097835,1008,0.3444976076555024
593,125,60.20290674821405,2174,0.2805161290322581
594,145,68.57420705360335,2785,0.26676245210727967
595,85,38.55708864232431,1060,0.2969187675070028
596,85,41.14929331726937,1504,0.42128851540616247
597,75,33.341564729690226,810,0.2918918918918919
598,79,20.62014101331536,939,0.3047711781888997
599,88,51.969557996666076,1489,0.3889759665621735
600,66,27.18843839915781,834,0.3888111888111888
601,80,44.51896902045613,1598,0.5056962025316456
602,66,31.60012437416868,709,0.3305361305361305
603,153,92.78019747885084,3604,0.30994152046783624
604,64,31.343638302084518,744,0.36904761904761907
605,95,54.56512777054832,1545,0.3460246360582307
606,155,83.36388276296682,3107,0.26032677000418936
607,94,43.50516907631434,1511,0.34568748570121255
608,83,37.88050999642122,1270,0.3732001175433441
609,122,70.31157745099834,2355,0.3190624576615635
610,79,41.43216089590731,1406,0.45634534242129177
611,137,77.99203274992263,2672,0.28681837698583085
612,67,29.65334988977181,1302,0.5888738127544098
613,94,53.73018525617129,1555,0.35575383207504
614,79,36.263686825617114,829,0.26906848425835767
615,76,42.15929760399219,1135,0.39824561403508774
616,89,48.45573595154806,1472,0.37589376915219613
617,77,31.807863214547655,1138,0.3889268626110731
618,67,24.587937947869435,911,0.4120307553143374
619,105,54.19989145261311,1583,0.28992673992673995
620,76,30.639454938595463,1047,0.36736842105263157
621,97,52.892718762492834,1921,0.41258591065292094
622,113,50.86941686179408,2165,0.3421302149178255
623,121,68.78616732804566,2276,0.3134986225895317
624,69,32.41299456312727,1075,0.45822676896845693
625,64,14.776403005014263,722,0.35813492063492064
626,98,56.39659575484516,1634,0.343782873974332
627,224,135.4265072395383,5804,0.23238308776425368
628,87,38.89974116766829,1250,0.33413525795241916
629,84,34.15667641643835,1133,0.32501434308663224
630,71,28.414577237528114,1101,0.4430583501006036
631,204,106.93491643660782,5037,0.24326282237032745
632,73,29.205871252159977,890,0.3386605783866058
633,70,26.77544442150006,727,0.3010351966873706
634,308,164.4137388408064,7448,0.15753627480011845
635,69,36.79109735004019,1303,0.5554134697357204
636,77,37.63881582225047,1085,0.3708133971291866
637,68,23.020886892145704,791,0.3472344161545215
638,81,29.91099471763356,1122,0.34629629629629627
639,66,22.96638489247004,701,0.32680652680652683
640,98,53.02119494685715,1555,0.3271617925520724
641,104,54.025076995643964,1823,0.34036594473487675
642,166,87.52695455048176,3661,0.26732384081781674
643,64,32.425019495558566,802,0.3978174603174603
644,81,38.24560741249245,1168,0.36049382716049383
645,104,49.95450188537558,1271,0.23730395817774458
646,70,37.988417912215766,1007,0.41697722567287787
647,89,49.15009254698714,1177,0.300561797752809
648,86,44.56988568245107,1243,0.34008207934336526
649,172,102.40583051569307,3899,0.2651298789609683
650,84,35.973955008427644,1359,0.3898450946643718
651,71,31.88289127039827,842,0.33883299798792754
652,169,84.31204272676067,2931,0.20646661031276417
653,105,57.96268760540602,1838,0.33663003663003666
654,88,44.436417179953835,1388,0.3625914315569488
655,148,83.83979199872446,2679,0.24627688913403198
656,96,54.894215945646785,1750,0.38377192982456143
657,80,36.81719806881543,940,0.2974683544303797
658,95,54.831789664455,1576,0.35296752519596863
659,176,85.27403417267675,4300,0.2792207792207792
660,111,55.882290960966934,2252,0.36887796887796886
661,122,63.05618710193553,2601,0.35239127489500066
662,121,68.88063919361163,1943,0.2676308539944904
663,112,63.8019898192204,1932,0.3108108108108108
664,176,108.70689005868456,3618,0.23493506493506494
665,126,70.60985949117119,2277,0.28914285714285715
666,74,34.16046989705594,809,0.29951869677897075
667,86,40.79815673054952,1140,0.3119015047879617
668,81,41.29941052760217,1456,0.44938271604938274
669,67,36.64961728147302,848,0.3835368611488014
670,88,43.07764493559326,1245,0.32523510971786834
671,72,27.307492527623594,888,0.3474178403755869
672,82,43.70989671448499,1194,0.35953026196928634
673,83,47.603913781888835,1227,0.36056420805171907
674,75,38.25422346759212,953,0.3434234234234234
675,150,83.29767428720166,2467,0.22076062639821029
676,76,42.01743330634632,999,0.3505263157894737
677,75,38.059877419699475,915,0.32972972972972975
678,70,27.309224420503128,957,0.39627329192546584
679,189,114.70613533288461,4387,0.24693234267702352
680,125,61.27980163891371,2835,0.3658064516129032
681,166,84.89523747475671,3886,0.2837531945965681
682,66,25.325902124609055,770,0.358974358974359
683,138,75.14455982066757,2317,0.24510737332063895
684,69,39.10387358861172,1248,0.5319693094629157
685,75,42.496287868242916,1335,0.4810810810810811
686,74,25.94355629914886,1243,0.46019992595335063
687,68,19.28633772661125,693,0.3042142230026339
688,92,40.45783778171692,1810,0.4323936932632585
689,106,47.44072827263799,1945,0.3495058400718778
690,72,22.68992652764852,873,0.3415492957746479
691,108,47.139322702102575,1736,0.30044998269297335
692,153,73.27731801030626,3402,0.29256965944272445
693,75,31.861912460923822,862,0.3106306306306306
694,76,29.32259163032887,1090,0.3824561403508772
695,97,39.516263396419134,1549,0.3326890034364261
696,79,33.56164236272124,1095,0.35540408958130476
697,107,53.841937604558645,1858,0.32763181096808325
698,91,42.16506124740889,1597,0.38998778998779
699,69,37.777794812065686,1152,0.49104859335038364
700,67,37.15964733788516,760,0.3437358661239258
701,76,44.91771790842187,1372,0.48140350877192983
702,101,47.64560973987573,1796,0.3556435643564356
703,105,61.42356053822246,2219,0.4064102564102564
704,112,65.27420311153529,1852,0.2979407979407979
705,101,59.516551613046026,1969,0.3899009900990099
706,85,39.89788711918979,1413,0.3957983193277311
707,91,44.31316192354708,1226,0.2993894993894994
708,102,52.30646677749565,1535,0.2980003882741215
709,157,84.4001768419068,3120,0.25477707006369427
710,99,42.546229080172864,1908,0.39332096474953615
711,75,39.01653587914764,901,0.3246846846846847
712,251,153.1766422613452,6751,0.21517131474103585
713,134,63.42842129271151,2839,0.3185949949500617
714,67,33.338749573992274,829,0.3749434644957033
715,99,60.534022302557915,1489,0.30694702123273554
716,68,24.5787218862041,1109,0.4868305531167691
717,74,32.25724351277295,932,0.3450573861532766
718,135,72.46738785422127,2016,0.2228855721393035
719,116,59.78746003575223,2314,0.3469265367316342
720,104,60.8623503662504,1854,0.34615384615384615
721,96,54.643980249965956,1761,0.3861842105263158
722,80,45.14475789427704,1126,0.35632911392405064
723,75,41.332797709814415,985,0.35495495495495494
724,95,53.341391051889495,1637,0.36662933930571107
725,70,25.188314435790744,771,0.31925465838509315
726,72,30.11863406355349,964,0.37715179968701096
727,69,35.007340050365436,1062,0.45268542199488493
728,98,49.028371119653094,1600,0.3366294971596886
729,77,37.29664234327934,966,0.33014354066985646
730,140,83.798045984632,2375,0.24409044193216856
731,87,51.85753121743831,1268,0.33894680566693397
732,78,40.18638713531975,972,0.32367632367632365
733,76,38.0857668131991,953,0.3343859649122807
734,135,76.41663543550371,2089,0.23095632946379216
735,70,24.853770079457885,786,0.32546583850931676
736,79,43.59748562943974,1251,0.4060370009737098
737,104,51.87996317636916,1865,0.34820761762509334
738,77,40.63178987258743,870,0.29733424470266573
739,78,43.84983418541687,1125,0.37462537462537465
740,68,34.16802044431945,844,0.37050043898156276
741,126,75.65728226227752,2517,0.31961904761904764
742,86,44.40459008979936,1261,0.3450068399452804
743,100,53.85551272739956,1914,0.38666666666666666
744,140,80.61538790095449,2823,0.29013360739979444
745,100,43.656339667300266,1545,0.31212121212121213
746,65,26.001606507240673,1064,0.5115384615384615
747,125,56.908870778692815,1979,0.2553548387096774
748,105,60.889360300600735,1546,0.28315018315018314
749,68,29.951740162354383,638,0.2800702370500439
750,71,41.90428982759229,957,0.3851106639839034
751,87,37.51784926904264,1077,0.28789093825180434
752,70,34.10806543575088,1307,0.5412008281573499
753,86,42.22788238122994,868,0.2374829001367989
754,64,25.914474569274304,846,0.41964285714285715
755,84,38.33864815627896,1148,0.3293172690763052
756,85,49.95492077503434,1324,0.3708683473389356
757,67,32.912954479718834,914,0.41338760741745817
758,74,33.6880891052566,1172,0.43391336542021475
759,67,36.732919050588436,938,0.42424242424242425
760,125,67.00981087676108,2300,0.2967741935483871
761,112,65.97038428620895,1938,0.31177606177606176
762,207,113.72348042291807,4668,0.21893907415224426
763,76,40.46086702484893,1008,0.35368421052631577
764,67,30.794320473310595,806,0.3645409317051108
765,94,52.48999936888751,1414,0.323495767558911
766,67,31.644930993992595,991,0.44821347806422435
767,254,144.10806031350762,5582,0.17372630792692415
768,111,53.74107735783598,1952,0.31973791973791976
769,114,61.40975425100009,1954,0.30336904207421206
770,84,39.64020034675833,1123,0.3221457257601836
771,89,47.77353945106747,1372,0.3503575076608784
772,75,38.69258772690438,1281,0.4616216216216216
773,141,80.9072704466756,2707,0.2742654508611955
774,224,116.8242585735318,4878,0.19530749519538756
775,78,40.37813685794352,1026,0.34165834165834164
776,130,66.93631698347211,2688,0.32057245080500896
777,71,40.26572348354615,887,0.35694164989939636
778,193,118.69323731330142,4076,0.21999136442141623
779,131,68.09200201872488,2170,0.25484439224897243
780,74,35.407849385946584,813,0.30099962976675304
781,94,46.50291919701178,1737,0.3973919011667811
782,115,61.699871337035034,1860,0.2837528604118993
783,143,68.1338841690389,2533,0.24948291145474244
784,65,21.08019680677661,862,0.41442307692307695
785,89,46.261474583896494,1521,0.3884065372829418
786,68,22.87447939731558,910,0.3994732221246708
787,64,12.544261942539642,945,0.46875
788,85,34.0540914380708,1300,0.3641456582633053
789,72,32.80484174856114,901,0.3525039123630673
790,228,128.37381536998546,5571,0.21527938789705542
791,125,74.16622808357319,2182,0.2815483870967742
792,110,65.60611536884439,1974,0.3292743953294412
793,72,38.96661222831197,959,0.3751956181533646
794,94,47.632158218263754,1599,0.36582017844886755
795,68,37.7550855782751,965,0.4236172080772608
796,92,45.90769766094786,1525,0.3643096034400382
797,91,43.790504048290884,1558,0.38046398046398044
798,68,25.33024550581376,850,0.373134328358209
799,67,15.732144101847837,1060,0.4794210764360018
800,68,38.61655537469317,894,0.3924495171202809
801,126,74.1763576183071,2546,0.3233015873015873
802,100,52.669526993737136,1436,0.2901010101010101
803,97,40.90746938494477,1589,0.34128006872852235
804,251,131.0779015294043,6316,0.20130677290836654
805,67,28.893991051726108,1125,0.508819538670285
806,64,21.22710774492359,647,0.3209325396825397
807,69,19.822307889803373,751,0.32011935208866155
808,65,17.090745418448673,792,0.38076923076923075
809,162,85.75991916887273,2991,0.22935357717966415
810,83,38.87787438085327,1071,0.3147223038495445
811,97,39.549881143942706,1732,0.37199312714776633
812,64,21.714732783249218,898,0.44543650793650796
813,68,26.45998149064381,949,0.41659350307287096
814,72,27.783211471836324,1102,0.43114241001564946
815,113,56.281587626029086,2020,0.3192161820480405
816,82,36.95751256453637,1111,0.33453778982234267
817,97,50.293340295373376,1614,0.34664948453608246
818,73,33.51145441511244,1105,0.4204718417047184
819,81,33.95025967247553,1362,0.4203703703703704
820,85,43.98156171106799,1333,0.3733893557422969
821,77,24.27081296335323,819,0.2799043062200957
822,201,113.96810982209995,4251,0.21149253731343284
823,118,72.18206442655011,2216,0.32101984644357523
824,73,39.89334541197906,1050,0.3995433789954338
825,97,53.31336878643867,1809,0.38853092783505155
826,66,27.670471842880062,1011,0.47132867132867134
827,129,76.13258999331501,2115,0.25617732558139533
828,111,52.031109627216395,2141,0.3506961506961507
829,80,45.23697659386664,1252,0.3962025316455696
830,66,33.06545197174989,1185,0.5524475524475524
831,95,55.6703527561642,1578,0.3534154535274356
832,84,39.694118242528866,1539,0.4414802065404475
833,96,53.65395901427689,1387,0.30416666666666664
834,88,43.981984920975584,1117,0.29179728317659354
835,70,38.15478404494563,962,0.39834368530020703
836,64,20.885475887200684,799,0.39632936507936506
837,122,66.37661862375275,2012,0.27259178973038883
838,77,31.847678832259202,1206,0.41216678058783324
839,91,52.46919777007939,1281,0.3128205128205128
840,98,48.36029388690518,1535,0.32295392383757626
841,75,35.88323559716677,1129,0.40684684684684685
842,80,36.43521594128883,1339,0.42373417721518986
843,96,56.95655460556859,1491,0.3269736842105263
844,84,46.91769564328297,1201,0.34452094090648305
845,133,74.09211796641006,2205,0.2511961722488038
846,96,52.651361092570255,1558,0.3416666666666667
847,74,35.1646770061622,867,0.32099222510181413
848,68,25.035496099816086,907,0.3981562774363477
849,66,18.536219877457942,539,0.2512820512820513
850,67,30.925909167222027,897,0.4056987788331072
851,82,37.0548602972126,1049,0.31586871424269797
852,104,56.54372201481816,1945,0.36314413741598206
853,79,41.942363865515375,1313,0.42616033755274263
854,79,43.01972834774045,1150,0.3732554365465758
855,105,63.53793819291528,2051,0.37564102564102564
856,80,42.92169311046783,1250,0.39556962025316456
857,75,29.535883886512433,1085,0.390990990990991
858,98,47.444886192099744,1397,0.29391962970755314
859,73,38.96804839701936,968,0.3683409436834094
860,97,50.0619693889885,1279,0.27469931271477666
861,104,62.67947861183094,1896,0.35399551904406273
862,66,31.244765858388412,743,0.3463869463869464
863,100,51.401327311077125,1678,0.338989898989899
864,135,75.44961935118023,2316,0.2560530679933665
865,90,38.51578050068828,1365,0.3408239700374532
866,77,32.65198516937021,940,0.3212576896787423
867,77,31.394363870001225,1044,0.3568010936431989
868,129,71.43073425435797,2239,0.2711967054263566
869,114,63.08638070318922,1814,0.2816332867567148
870,102,57.75976002469159,1420,0.275674626286158
871,68,36.76752158727031,1332,0.5847234416154522
872,68,27.59516598576609,756,0.33187006145741876
873,66,24.038458643952424,824,0.38414918414918414
874,64,13.724484253836895,765,0.3794642857142857
875,65,20.095012840800685,841,0.4043269230769231
876,65,25.1865449333227,688,0.33076923076923076
877,129,72.1496911068928,2198,0.26623062015503873
878,166,100.19947269526213,3503,0.25578678349762685
879,82,36.744357271138206,1398,0.4209575429087624
880,109,61.37386871663698,1669,0.2835541963982331
881,110,63.6302890105199,2411,0.40216847372810677
882,70,26.793498416266694,814,0.3370600414078675
883,68,16.53636101494786,679,0.2980684811237928
884,77,43.856285827684694,954,0.32604237867395763
885,65,30.344153714413274,824,0.39615384615384613
886,124,77.52671424169847,2540,0.33307107264621033
887,122,75.76396447903797,2575,0.3488687169760195
888,108,54.46271296500817,2057,0.35600553824852893
889,83,39.37438281696603,1126,0.33088451366441374
890,107,52.479279721729185,1593,0.2809028390054664
891,92,40.44333912417726,1184,0.2828475871954133
892,88,42.79417790708064,1124,0.2936259143155695
893,65,28.26757456683346,606,0.29134615384615387
894,81,43.290391272130194,1487,0.4589506172839506
895,66,31.52571258461128,712,0.33193473193473194
896,77,38.34753148982948,1334,0.4559125085440875
897,95,51.88113432802908,1423,0.3187010078387458
898,65,21.870992386656244,1115,0.5360576923076923
899,79,37.0050218034626,1189,0.38591366439467706
900,68,21.90421304002236,947,0.4157155399473222
901,77,27.73872364737296,972,0.3321941216678059
902,92,47.682158810055576,1171,0.2797419971333015
903,97,50.68759772456397,1486,0.31915807560137455
904,121,66.64562778600092,1712,0.23581267217630855
905,109,63.717007717672864,2346,0.3985728848114169
906,80,38.64559690220294,1238,0.39177215189873416
907,83,46.456989091338,974,0.2862180429033206
908,81,44.21592489028073,1136,0.3506172839506173
909,67,20.70290349071205,888,0.4016282225237449
910,67,28.725945779413394,974,0.44052464947987335
911,67,14.62202783995329,626,0.2831298055178652
912,71,29.606407817917766,1068,0.42977867203219317
913,77,34.27150604446572,1314,0.44907723855092274
914,73,24.339668081644316,980,0.3729071537290715
915,65,18.089647646671747,664,0.3192307692307692
916,81,30.390913541924203,1136,0.3506172839506173
917,80,32.578935026583814,1298,0.4107594936708861
918,88,44.60930277961954,1208,0.3155694879832811
919,87,50.94038858706799,1416,0.3785084202085004
920,68,36.40575777559257,784,0.34416154521510095
921,181,104.13572269028491,3558,0.21841620626151012
922,71,37.64498613189812,1067,0.42937625754527164
923,145,85.31411896999725,2953,0.2828544061302682
924,120,71.74641541978728,2080,0.2913165266106443
925,67,17.58486503367946,722,0.32654907281772955
926,72,19.280373237073377,995,0.38928012519561817
927,64,12.332206922113954,773,0.3834325396825397
928,70,24.77174888934383,758,0.31387163561076603
929,110,61.882117428158665,1620,0.2702251876563803
930,74,28.459743130634386,1003,0.37134394668641246
931,89,37.82025766916294,1087,0.2775791624106231
932,141,75.92381151805428,1941,0.1966565349544073
933,76,41.795065737201796,1376,0.48280701754385963
934,68,20.47002742586996,886,0.38893766461808604
935,66,28.344785835165847,921,0.42937062937062936
936,82,45.127524404910524,1287,0.3875338753387534
937,80,37.86494397558439,1367,0.43259493670886073
938,106,61.01941153410707,1841,0.33081761006289306
939,75,38.78498684266816,1054,0.3798198198198198
940,119,72.30854411782309,2234,0.318188292266059
941,91,36.889219579676606,1049,0.25616605616605614
942,106,58.22250888191757,1715,0.3081761006289308
943,125,74.3321194455997,2292,0.29574193548387095
944,91,46.24355186395291,1180,0.28815628815628813
945,94,41.91646572361209,1402,0.32075040036604896
946,98,53.550007027175724,1745,0.3671365453397854
947,66,29.33369843573196,716,0.3337995337995338
948,94,54.9915911463581,1417,0.3241821093571265
949,73,30.781518727050106,930,0.3538812785388128
950,64,23.068628928089115,601,0.29811507936507936
951,64,10.296284174469058,849,0.4211309523809524
952,76,29.551992367906475,1164,0.40842105263157896
953,79,45.79117793975741,1174,0.3810451152223304
954,68,34.21479142283698,694,0.30465320456540823
955,64,19.11335902482716,845,0.4191468253968254
956,223,130.02785282006406,5686,0.22970953015796064
957,74,35.177818113243895,1025,0.3794890781192151
958,90,50.6307495428753,1519,0.37927590511860176
959,68,28.0530296654005,1071,0.4701492537313433
960,67,34.04439804575343,1154,0.5219357756671189
961,82,44.93204102122763,1278,0.38482384823848237
962,83,46.25518588010853,1152,0.3385248310314428
963,114,68.57705847066538,1781,0.27650985871759043
964,73,40.895142325065656,964,0.3668188736681887
965,64,15.784199982998992,460,0.22817460317460317
966,176,108.37695084752117,3442,0.22350649350649351
967,125,56.19457028403172,2386,0.3078709677419355
968,66,18.147004080658533,829,0.3864801864801865
969,76,43.227224184768744,906,0.3178947368421053
970,77,43.5496842878597,1025,0.3503075871496924
971,117,73.12669178614064,2497,0.3679634541703507
972,138,80.16129590753967,2884,0.3050883317465355
973,79,30.710289137027022,1150,0.3732554365465758
974,67,24.436759855721164,997,0.45092718227046585
975,274,172.08538171665995,7693,0.20568968744151225
976,113,65.75310684608019,2072,0.3274336283185841
977,187,107.95795518542262,3757,0.21603128054740958
978,100,56.93001389869292,1717,0.3468686868686869
979,127,80.32440208643501,2344,0.2929633795775528
980,148,93.11729758886096,3181,0.29242507813936386
981,206,126.70769347903116,4821,0.22832109874496803
982,88,48.5811443210886,1215,0.31739811912225707
983,87,45.94844836463355,1156,0.3090082865543972
984,74,32.52607040234345,1230,0.45538689374305813
985,67,26.621703293492647,799,0.3613749434644957
986,64,26.92005347371129,1097,0.5441468253968254
987,216,130.1096219975753,5016,0.2160206718346253
988,66,31.179899614540314,961,0.448018648018648
989,71,33.66091252685564,997,0.4012072434607646
990,77,37.4641647299932,1408,0.48120300751879697
991,82,47.95945997690984,1109,0.333935561577838
992,96,45.71762372706729,1321,0.28969298245614034
993,104,55.75538283434867,1518,0.2834204630321135
994,68,30.702320490590516,656,0.28797190517998245
995,73,41.8795350237485,1241,0.4722222222222222
996,72,40.574194021284015,1211,0.4737871674491393
997,85,36.10336985774078,1031,0.2887955182072829
998,75,38.672260168304604,1297,0.4673873873873874
999,85,46.78075083099775,1434,0.4016806722689076
1000,96,56.42298472825363,1693,0.3712719298245614
1001,101,51.99373516706182,1611,0.319009900990099
1002,122,74.6982173615282,2090,0.28315946348733234
1003,94,55.185602682724344,1449,0.33150308853809196
1004,167,102.80937225562391,3726,0.2688117740422769
1005,67,25.74678453064563,954,0.4314789687924016
1006,104,52.5852876344408,1847,0.3448469006721434
1007,72,35.06732367282855,1040,0.40688575899843504
1008,98,52.433045577264565,1424,0.29960025247212285
1009,64,28.28491876223776,884,0.4384920634920635
1010,83,46.81913922991223,1149,0.33764325595063177
1011,118,65.99546343595186,1670,0.24192380124583515
1012,69,38.706444183971996,892,0.38022165387894286
1013,79,46.86582244059942,1367,0.44368711457319054
1014,71,39.010706023399926,935,0.3762575452716298
1015,67,35.09347530448818,938,0.42424242424242425
1016,67,38.33856180344037,1013,0.45816372682044326
1017,140,78.17047663710296,2418,0.2485097636176773
1018,66,24.507979413907417,775,0.3613053613053613
1019,110,62.0243040880488,2200,0.3669724770642202
1020,195,120.81090515337615,4341,0.22950039651070578
1021,85,38.60246732550584,1423,0.3985994397759104
1022,71,23.938433274173775,577,0.23219315895372233
1023,78,36.65173709453008,1238,0.41225441225441223
1024,106,51.3673196035275,1848,0.3320754716981132
1025,79,32.14331999509697,1117,0.3625446283674132
1026,78,33.80212974135602,1396,0.4648684648684649
1027,64,19.762637985338902,771,0.38244047619047616
1028,98,45.59363784158133,1769,0.3721859877971807
1029,80,33.27355415405981,1099,0.3477848101265823
1030,98,48.16666227539788,1887,0.39701241321270775
1031,93,45.67311582093546,1472,0.34408602150537637
1032,95,37.38475564591176,1349,0.3021276595744681
1033,77,29.082295143318433,870,0.29733424470266573
1034,142,70.06038655007988,2585,0.25821596244131456
1035,89,52.249718934957336,1457,0.37206332992849844
1036,66,38.0316018786527,968,0.4512820512820513
1037,142,77.29364587726506,2437,0.2434322245529917
1038,68,34.65925589834954,851,0.3735733099209833
1039,143,68.36978575919191,2500,0.2462326405988378
1040,113,65.1050980557497,1916,0.3027812895069532
1041,66,34.76880687518569,840,0.3916083916083916
1042,188,120.22980524385575,4822,0.27432017294345207
1043,70,38.498399886304966,1059,0.43850931677018634
1044,70,35.51471616609038,1094,0.45300207039337476
1045,92,46.41299878822255,1322,0.31581462016244627
1046,69,28.912121956819245,740,0.3154305200341006
1047,87,47.62573724466337,1439,0.3846565089548249
1048,85,46.271665719258756,1045,0.2927170868347339
1049,70,31.149572820881033,1123,0.4650103519668737
1050,93,52.96713857520349,1872,0.4375876577840112
1051,91,38.793764469189156,1301,0.3177045177045177
1052,116,52.22303567301222,2276,0.3412293853073463
1053,90,46.16446330626153,1178,0.2941323345817728
1054,165,102.26293042969954,4151,0.30679970436068
1055,68,29.79927756801323,1167,0.5122914837576822
1056,142,82.74002648526618,2556,0.2553191489361702
1057,66,32.545166411475265,897,0.41818181818181815
1058,96,50.93233314321817,1561,0.34232456140350875
1059,70,28.256629819110394,914,0.3784679089026915
1060,106,57.61221769421293,1719,0.30889487870619947
1061,124,75.6962119726246,2404,0.3152373459218463
1062,75,42.07701566633013,938,0.338018018018018
1063,70,31.55832197692593,1182,0.4894409937888199
1064,212,125.2146641180291,4479,0.20025932218546008
1065,98,55.730070710605474,1393,0.2930780559646539
1066,149,81.63098749010139,2950,0.26754942862325415
1067,86,48.21472674398958,1552,0.4246238030095759
1068,72,26.299160311359536,938,0.3669796557120501
1069,69,28.387549388257742,1049,0.44714407502131287
1070,66,18.5988984781692,917,0.4275058275058275
1071,65,33.01108276706418,844,0.40576923076923077
1072,64,19.512581436437912,987,0.4895833333333333
1073,71,30.763602139132974,1080,0.4346076458752515
1074,143,88.38520473039617,2853,0.28100068945139367
1075,95,44.24033479828114,1333,0.29854423292273236
1076,73,39.30416052987514,934,0.3554033485540335
1077,66,14.374951359792691,911,0.4247086247086247
1078,124,72.70296294475601,2216,0.2905848413322843
1079,90,48.84107416464566,1303,0.3253433208489388
1080,166,88.93611518753183,3287,0.24001460387002554
1081,99,57.61799530850253,1619,0.33374561945990516
1082,129,71.86874636390019,2629,0.3184350775193798
1083,75,38.46363079828507,1053,0.37945945945945947
1084,78,29.56124280624003,1002,0.3336663336663337
1085,152,87.04511099144723,2861,0.2493028929940746
1086,101,49.48765134049499,1547,0.30633663366336633
1087,79,38.83844502527098,901,0.29243752028562153
1088,66,32.60875917493362,743,0.3463869463869464
1089,108,65.73460124073395,1854,0.32087227414330216
1090,85,41.63778282974369,1642,0.4599439775910364
1091,75,31.540592551809578,1078,0.38846846846846844
1092,70,38.68607079268557,1090,0.45134575569358176
1093,100,60.01100233113221,1719,0.3472727272727273
1094,122,69.88645491528354,2522,0.3416881181411733
1095,68,22.688402237760595,812,0.35645302897278314
1096,179,100.34927570186275,3998,0.2509572531542276
1097,77,39.656700797099624,1294,0.44224196855775805
1098,157,98.1248256225969,3504,0.28613424791768743
1099,86,46.90429020008203,1342,0.3671682626538988
1100,173,104.10121723340394,3129,0.21031052560828067
1101,77,32.535494394314746,1150,0.39302802460697195
1102,76,30.738017097517925,1064,0.37333333333333335
1103,148,78.69184315087469,2770,0.2546423974995404
1104,85,34.99706144432057,1308,0.3663865546218487
1105,72,41.07268761978284,901,0.3525039123630673
1106,75,25.1308114631431,983,0.3542342342342342
1107,77,27.696982903039842,899,0.3072453861927546
1108,77,43.53549826735662,1126,0.3848257006151743
1109,141,79.36281749783225,2576,0.26099290780141843
1110,68,28.308629927892,821,0.3604038630377524
1111,109,47.3794564821572,1998,0.3394495412844037
1112,93,45.694235888574156,1346,0.31463300607760636
1113,87,39.85784286241634,1417,0.37877572841486234
1114,80,32.18079666001812,1355,0.4287974683544304
1115,70,36.82749913634091,1093,0.4525879917184265
1116,66,16.054080415341883,807,0.37622377622377623
1117,139,73.23635732058435,2171,0.22635804399958295
1118,75,33.215377938563805,861,0.31027027027027027
1119,65,25.52330700408872,1002,0.48173076923076924
1120,73,41.91716224676478,1034,0.393455098934551
1121,108,60.929834525868614,1857,0.32139148494288683
1122,154,90.93334815805687,3151,0.26746456158220866
1123,120,70.61386946293344,1905,0.2668067226890756
1124,101,62.03772759519334,1669,0.3304950495049505
1125,87,43.09076389663469,1645,0.4397219994653836
1126,69,26.854468551864436,1012,0.43137254901960786
1127,68,26.622334976963774,720,0.3160667251975417
1128,76,41.237723612902194,942,0.33052631578947367
1129,69,32.44340521206616,1062,0.45268542199488493
1130,75,37.71822606280965,1026,0.36972972972972973
1131,82,33.53370883980605,1192,0.3589280337247817
1132,122,59.45752572916928,1771,0.2399403874813711
1133,176,111.7689740033566,4129,0.26811688311688314
1134,86,38.25066121033179,1164,0.31846785225718194
1135,67,23.23812062214129,737,0.3333333333333333
1136,65,21.36272431576545,584,0.28076923076923077
1137,73,36.5115117648906,994,0.378234398782344
1138,114,65.08029659353892,1896,0.2943642291569632
1139,115,70.44288172210754,2134,0.32555301296720063
1140,99,50.943288164341496,1670,0.3442589156874871
1141,74,34.24102735432018,910,0.3369122547204739
1142,67,31.957503338907962,831,0.3758480325644505
1143,67,32.310406423030685,760,0.3437358661239258
1144,96,56.12993553859265,1804,0.3956140350877193
1145,65,18.239477202342638,862,0.41442307692307695
1146,84,37.242568099251756,1386,0.39759036144578314
1147,77,45.835043240598296,1025,0.3503075871496924
1148,81,38.8784456669881,1047,0.32314814814814813
1149,102,56.86459698082197,1698,0.3296447291788002
1150,150,73.84485286347875,2928,0.2620134228187919
1151,101,52.81783982990878,1525,0.30198019801980197
1152,80,42.294762673436374,1250,0.39556962025316456
1153,84,37.85380952232211,1379,0.39558232931726905
1154,65,32.19948528751503,957,0.4600961538461538
1155,136,69.00946788386476,2374,0.2586056644880174
1156,84,29.708677988132628,1085,0.3112449799196787
1157,83,42.9739270289539,1307,0.38407287687334707
1158,69,25.539231112332445,974,0.4151747655583973
1159,69,20.354519040818808,761,0.32438192668371696
1160,81,37.535941936548205,895,0.2762345679012346
1161,64,19.911943554808147,851,0.42212301587301587
1162,93,55.4228220794305,1244,0.29079008882655444
1163,67,32.807796468352585,915,0.41383989145183175
1164,79,35.88247549260493,1617,0.5248296007789679
1165,73,35.9848066235047,773,0.2941400304414003
1166,80,34.904505357087885,1361,0.4306962025316456
1167,110,56.28808759603492,2057,0.3431192660550459
1168,111,61.98912647333617,2438,0.39934479934479933
1169,70,38.65176663182341,971,0.4020703933747412
1170,72,37.8668049847361,874,0.34194053208137715
1171,121,72.26920255393802,2249,0.3097796143250689
1172,111,50.608151858682895,1858,0.3043407043407043
1173,76,43.2562850067027,1129,0.39614035087719296
1174,90,44.30481314317438,1497,0.37378277153558054
1175,131,78.25710421892447,2504,0.2940692894891368
1176,68,33.821291040992875,1186,0.520632133450395
1177,119,72.59269596033221,2448,0.3486682808716707
1178,189,115.0771998813066,4175,0.2349994371270967
1179,75,33.36114973105686,1224,0.4410810810810811
1180,83,38.22042225930298,1357,0.39876579488686453
1181,81,37.5952680735766,1352,0.41728395061728396
1182,154,93.53456203126045,3349,0.2842712842712843
1183,206,131.21215480895864,5153,0.24404451811508407
1184,189,114.71492064041186,3826,0.21535517280198133
1185,71,39.98982662938989,1085,0.43661971830985913
1186,68,21.185971921770463,682,0.2993854258121159
1187,68,29.48311204466017,836,0.3669885864793679
1188,169,102.21218725636393,3579,0.2521132713440406
1189,72,39.09916680664648,1195,0.467527386541471
1190,71,39.158480188647445,971,0.3907444668008048
1191,172,107.14923671905629,3419,0.23249014007887936
1192,236,145.37372898932063,5479,0.19758384421204472
1193,90,49.40007422171539,1661,0.41473158551810235
1194,89,42.97116763185281,1354,0.34576098059244126
1195,76,33.05880119329586,876,0.30736842105263157
1196,71,31.213307282187916,924,0.37183098591549296
1197,92,50.028783202595505,1465,0.34997611084567604
1198,101,57.65218678045878,1533,0.30356435643564356
1199,147,85.95798616399566,2693,0.25095517659118444
1200,133,81.7350787830201,2655,0.3024606971975393
1201,88,34.44653877359307,1336,0.3490073145245559
1202,85,42.93587923292127,1436,0.40224089635854343
1203,70,36.24752425619133,738,0.30559006211180123
1204,83,41.27995867513637,1338,0.3931824860417279
1205,74,35.74741809100974,965,0.3572750833024806
1206,69,29.725672439496773,866,0.3691389599317988
1207,115,69.55996027856536,1878,0.28649885583524026
1208,73,34.35391824256696,867,0.3299086757990868
1209,70,33.96868606769046,814,0.3370600414078675
1210,98,44.53592465313949,1811,0.38102251209762256
1211,64,23.2902592693717,1035,0.5133928571428571
1212,87,50.04242425342147,1189,0.3178294573643411
1213,121,71.9599147720316,2526,0.34793388429752065
1214,83,35.109688741927684,944,0.2774022920952101
1215,72,39.653713603610235,877,0.34311424100156496
1216,71,39.492018745281335,1027,0.4132796780684105
1217,64,23.831287937434244,938,0.4652777777777778
1218,78,46.476431643285906,1184,0.3942723942723943
1219,233,139.9679432470465,5350,0.19794287405653396
1220,74,32.09151047828031,1035,0.38319141058867084
1221,70,27.240704456657774,875,0.36231884057971014
1222,76,30.80037725126891,1211,0.4249122807017544
1223,274,162.64623914125391,6640,0.17753536001711184
1224,93,53.35874906189157,1601,0.3742402992052361
1225,145,81.68801120480377,2641,0.25296934865900383
1226,229,139.46476382416543,5940,0.22753390025281545
1227,98,52.85855530958188,1393,0.2930780559646539
1228,99,56.14575494948774,1327,0.2735518449804164
1229,82,40.5321449557668,1255,0.3778982234266787
1230,93,52.59912518898102,1369,0.32000935016362786
1231,71,34.97916064396922,862,0.3468812877263581
1232,98,55.668985584551436,1432,0.3012833999579213
1233,70,35.9873860566148,916,0.379296066252588
1234,117,61.3408112850666,1897,0.27954612437371057
1235,65,22.513583139832683,573,0.27548076923076925
1236,77,37.84477375067779,858,0.2932330827067669
1237,86,49.7847461157151,1524,0.41696306429548563
1238,158,95.13753436840693,3080,0.24832701765701845
1239,75,30.75769541124708,982,0.35387387387387387
1240,122,60.36721014412804,1823,0.24698550331933342
1241,78,26.51732631530269,1241,0.41325341325341325
1242,80,40.05641275393744,979,0.30981012658227847
1243,112,59.154287170630674,1623,0.2611003861003861
1244,145,82.91384376819778,2434,0.23314176245210727
1245,107,63.26264676301644,1725,0.30417915711514726
1246,74,33.899590788138696,1140,0.4220659015179563
1247,146,68.3373131860657,3283,0.3101558809636278
1248,76,33.64430475224503,920,0.32280701754385965
1249,144,72.49454845221568,3371,0.3274087024087024
1250,79,39.83530376205268,1160,0.3765011359948069
1251,155,88.217258909013,2563,0.21474654377880184
1252,87,48.37325231635919,1475,0.39427960438385456
1253,98,57.39856639828306,1563,0.3288449400378708
1254,74,26.130501518618644,851,0.3150684931506849
1255,158,88.4046121548689,3094,0.24945577682818673
1256,94,45.7539531531989,1611,0.3685655456417296
1257,145,80.4014820935055,3009,0.2882183908045977
1258,76,40.31365560299598,915,0.32105263157894737
1259,126,75.85279039485762,2421,0.30742857142857144
1260,85,44.47512438124667,996,0.27899159663865547
1261,161,70.878641724933,2823,0.21917701863354036
1262,70,34.13785424668129,1026,0.4248447204968944
1263,96,42.49075808075171,1618,0.35482456140350876
1264,77,29.43914231543569,810,0.2768284347231716
1265,90,39.58669212435641,1392,0.34756554307116105
1266,146,91.109473569768,2716,0.25658951346244685
1267,67,24.591473190932465,894,0.4043419267299864
1268,93,51.49324532295499,1399,0.3270219728845255
1269,77,43.483475072936336,1214,0.4149008885850991
1270,123,66.00098277698045,2128,0.28361988537918165
1271,87,51.872924250651394,1259,0.33654103180967654
1272,103,53.65794149978912,1848,0.35179897201599086
1273,123,69.22986489247558,1971,0.26269492203118755
1274,69,30.644200564749276,912,0.3887468030690537
1275,124,75.15302325723418,2173,0.2849462365591398
1276,78,35.79681986265215,993,0.3306693306693307
1277,75,41.83189006621696,1160,0.418018018018018
1278,65,29.930023081554356,805,0.3870192307692308
1279,106,55.790389862128514,1547,0.2779874213836478
1280,81,38.67386705781211,1175,0.3626543209876543
1281,78,43.80007257620717,1093,0.36396936396936397
1282,81,38.67386705781211,1175,0.3626543209876543
1283,69,29.05018763584105,1032,0.4398976982097187
1284,104,56.02076744920284,2000,0.37341299477221807
1285,77,42.84059181157266,1038,0.3547505126452495
1286,76,42.0393707748232,1034,0.36280701754385963
1287,99,46.49567207412452,2022,0.4168212739641311
1288,96,55.50312990714583,1390,0.3048245614035088
1289,77,41.58183497425748,1118,0.3820915926179084
1290,68,36.78265611219271,815,0.35776997366110624
1291,125,67.23842163277888,2266,0.29238709677419356
1292,117,64.62438305843585,1982,0.2920719127615679
1293,69,37.79349465049757,1159,0.4940323955669224
1294,70,34.348164039583125,779,0.3225672877846791
1295,110,54.35696735932605,1585,0.26438698915763137
1296,73,41.35361583079503,1203,0.4577625570776256
1297,67,34.168069406841965,1003,0.45364088647670736
1298,96,39.08282138330172,1685,0.36951754385964913
1299,84,38.21396729511184,1212,0.3476764199655766
1300,197,125.4199448368859,4645,0.24059877758209883
1301,116,68.55022053137722,1941,0.2910044977511244
1302,78,29.952177378241405,1193,0.39726939726939725
1303,127,56.45906245718111,2558,0.31971003624546934
1304,70,36.66704937908605,1028,0.42567287784679086
1305,117,72.663644175509,2190,0.32272325375773653
1306,71,38.59683376332449,1034,0.4160965794768612
1307,83,35.51943489953538,1447,0.425213047311196
1308,75,41.83189006621696,1160,0.418018018018018
1309,71,37.50216277406721,998,0.4016096579476861
1310,66,30.508762154316383,765,0.35664335664335667
1311,71,38.66130266211896,955,0.3843058350100604
1312,66,19.35570440290463,611,0.28484848484848485
1313,72,38.788072580263325,980,0.38341158059467917
1314,66,30.71345286171764,940,0.4382284382284382
1315,76,40.66888580263424,998,0.35017543859649125
1316,76,30.522022095555144,1188,0.4168421052631579
1317,83,48.039425238039335,1348,0.3961210696444314
1318,64,28.56478061175655,887,0.4399801587301587
1319,100,41.19849592617634,1404,0.28363636363636363
1320,143,71.0666465535639,2524,0.24859647394858664
1321,69,30.408804769550283,817,0.34825234441602726
1322,168,92.72204891726308,3536,0.25206729398346167
1323,69,35.12413041922761,1184,0.5046888320545609
1324,113,65.44437891906769,1993,0.31494943109987356
1325,86,45.42392598426072,1325,0.3625170998632011
1326,132,77.69666712303092,2336,0.2701827434651862
1327,118,72.05691620048775,2000,0.2897291032884253
1328,76,41.994658813531046,1029,0.36105263157894735
1329,110,68.3902305554328,2202,0.36730608840700585
1330,81,27.138672239669116,1005,0.3101851851851852
1331,84,34.946459122925,917,0.26305220883534136
1332,64,26.662644840446056,745,0.3695436507936508
1333,118,68.68598949237924,1866,0.2703172533681008
1334,86,51.59648534337418,1662,0.4547195622435021
1335,117,70.7073046529979,1971,0.29045092838196285
1336,118,66.67445005239338,1900,0.27524264812400406
1337,115,58.64945262804278,1788,0.27276887871853545
1338,73,40.299443247843996,1091,0.415144596651446
1339,68,32.537775181176585,989,0.43415276558384547
1340,65,18.265647253143726,947,0.45528846153846153
1341,77,36.782068903449606,1422,0.4859876965140123
1342,139,77.90711627164542,2723,0.28391200083411533
1343,65,22.496759716083346,939,0.4514423076923077
1344,65,13.598504241872288,772,0.37115384615384617
1345,71,36.56627351456352,1061,0.42696177062374246
1346,74,37.33928743252476,1314,0.4864864864864865
1347,87,37.53771868157108,1266,0.3384121892542101
1348,116,51.98403722154069,2105,0.315592203898051
1349,100,53.42092346395147,2013,0.4066666666666667
1350,87,44.38509335082535,1166,0.3116813686180166
1351,68,32.926398826474454,723,0.3173836698858648
1352,98,52.89719253377097,1613,0.3393646118241111
1353,87,44.81745023958272,1093,0.2921678695535953
1354,146,80.900750450933,3040,0.28719886632026453
1355,68,35.30994070870618,960,0.42142230026338895
1356,75,43.19948684589692,1011,0.3643243243243243
1357,103,61.881427268497795,1603,0.30515895678659816
1358,65,21.619349626247853,730,0.35096153846153844
1359,139,74.94582713837144,2569,0.2678552809925972
1360,80,38.792275526600186,1466,0.46392405063291137
1361,91,44.21526442364211,1320,0.32234432234432236
1362,75,34.95451862819033,1023,0.36864864864864866
1363,71,29.59593875124572,699,0.2812877263581489
1364,65,15.288804567127706,836,0.40192307692307694
1365,64,11.830937933198069,783,0.38839285714285715
1366,67,32.5516943370286,868,0.39258254183627317
1367,78,33.99441973704605,1017,0.3386613386613387
1368,106,64.2654766336246,2575,0.46271338724168914
1369,71,40.08751240549584,1002,0.40321931589537224
1370,110,62.8911534202313,1906,0.31793160967472894
1371,93,39.43978844352227,1445,0.3377746610565685
1372,84,40.07866284632494,1229,0.3525530694205393
1373,93,55.64969007128432,1446,0.3380084151472651
1374,103,56.72184441603575,1512,0.287835522558538
1375,84,35.43073365063064,1419,0.4070567986230637
1376,70,30.990148840580655,1042,0.43146997929606623
1377,70,31.780706511437995,935,0.38716356107660455
1378,74,36.177334068991385,828,0.3065531284709367
1379,116,70.20995885837517,2563,0.3842578710644678
1380,96,60.3081946835903,1657,0.36337719298245613
1381,96,54.311344162959195,2090,0.4583333333333333
1382,75,34.14010322009681,922,0.33225225225225224
1383,70,33.71396275896537,922,0.38178053830227743
1384,98,52.57433346010771,1750,0.36818851251840945
1385,90,54.137289993353725,1527,0.38127340823970035
1386,95,38.43927418586212,1415,0.3169092945128779
1387,92,53.59939065330249,1358,0.32441471571906355
1388,107,62.41399245664677,1972,0.34773408569917125
1389,68,26.61725560216873,1097,0.4815627743634767
1390,89,54.27709018990161,1481,0.3781920326864147
1391,122,59.265079109819645,2349,0.31824955968026014
1392,89,50.013505664179945,1326,0.3386108273748723
1393,115,63.78472092698036,1670,0.2547673531655225
1394,73,33.14464348168492,1076,0.4094368340943683
1395,68,23.609339505625965,924,0.40561896400351183
1396,67,26.709299692198847,976,0.4414292175486205
1397,66,25.690628778052766,923,0.4303030303030303
1398,94,43.21023483022717,1920,0.43925875085792726
1399,73,32.012613412703175,1348,0.512937595129376
1400,66,22.69903348936398,742,0.3459207459207459
1401,80,38.52083323004892,984,0.31139240506329113
1402,84,30.84475359723624,1183,0.3393574297188755
1403,76,32.334281403893954,1201,0.42140350877192984
1404,85,48.01787307696651,1146,0.32100840336134456
1405,98,57.53060364968644,1571,0.33052808752366925
1406,65,24.80864652598496,939,0.4514423076923077
1407,128,67.20740093658449,2353,0.2894931102362205
1408,74,31.315031124608012,963,0.3565346168085894
1409,71,22.707626497486125,915,0.3682092555331992
1410,94,54.18889659749316,1568,0.35872797986730726
1411,80,31.75953446351015,1246,0.3943037974683544
1412,69,27.912601954551214,886,0.3776641091219096
1413,100,51.674251332190344,1702,0.34383838383838383
1414,82,33.28462484345312,1222,0.3679614573923517
1415,90,44.88726010044183,1333,0.33283395755305867
1416,82,34.07161566145157,1070,0.322192110809997
1417,100,51.017869981317915,1413,0.28545454545454546
1418,65,20.436618499264167,966,0.46442307692307694
1419,66,23.408729595680185,806,0.37575757575757573
1420,80,28.37146242422583,1304,0.41265822784810124
1421,72,30.18712273388724,1197,0.46830985915492956
1422,73,29.855475586193826,1153,0.4387366818873668
1423,65,15.392595590924959,795,0.38221153846153844
1424,69,24.8766313571188,978,0.41687979539641945
1425,93,56.20106826672952,1486,0.34735857877512855
1426,106,50.67625770388625,1511,0.27151841868823
1427,79,43.20329966335661,1130,0.3667640376501136
1428,71,40.6950293208118,1034,0.4160965794768612
1429,68,37.888858853455915,844,0.37050043898156276
1430,66,32.90178568729606,904,0.42144522144522145
1431,67,34.23438027943209,702,0.3175033921302578
1432,68,36.99403462630351,959,0.42098331870061456
1433,68,32.77946152570997,849,0.3726953467954346
1434,94,51.106869347977664,1498,0.3427133379089453
1435,188,114.33503737305234,4415,0.251166230515417
1436,158,95.21681363646542,2884,0.23252438926066274
1437,71,36.531456182043875,999,0.4020120724346076
1438,69,34.50533731633161,856,0.3648763853367434
1439,64,31.09703164039651,938,0.4652777777777778
1440,68,37.000313973315485,926,0.4064969271290606
1441,71,28.672753247609624,900,0.36217303822937624
1442,66,8.290401469460836,548,0.25547785547785545
1443,77,43.9506297166299,991,0.33868762816131237
1444,91,51.535477368094305,1686,0.4117216117216117
1445,73,32.723804934493614,1252,0.4764079147640791
1446,64,9.880339573953519,751,0.3725198412698413
1447,65,13.982220883675042,859,0.4129807692307692
1448,229,134.13331158688743,5308,0.20332490615184248
1449,76,37.87364808357361,934,0.327719298245614
1450,70,33.649610025002886,800,0.33126293995859213
1451,68,30.06287708910505,1039,0.4561018437225636
1452,73,41.10770445247177,1258,0.4786910197869102
1453,136,84.29699591124856,2932,0.3193899782135076
1454,85,49.72069088301974,1375,0.3851540616246499
1455,82,34.2561733674471,1209,0.3640469738030714
1456,161,96.64553412490856,3483,0.27041925465838507
1457,105,64.89190391039467,1662,0.30439560439560437
1458,66,32.29215343351479,834,0.3888111888111888
1459,76,42.591285769576636,1136,0.39859649122807017
1460,97,42.54653868442415,1379,0.2961769759450172
1461,71,41.457147665217775,1080,0.4346076458752515
1462,64,32.646679458476115,862,0.42757936507936506
1463,64,32.22387998965835,863,0.4280753968253968
1464,75,43.49169717546397,1010,0.36396396396396397
1465,65,1.8625016377298047,721,0.3466346153846154
1466,78,33.53873644766984,957,0.31868131868131866
1467,157,96.38277582325945,3103,0.25338886166911645
1468,86,50.09128029702839,1174,0.32120383036935707
1469,76,23.667146400640366,811,0.2845614035087719
1470,76,35.249073353811774,1076,0.3775438596491228
1471,71,29.147279468220525,821,0.33038229376257544
1472,123,62.881109920586155,1988,0.2649606823937092
1473,163,88.8337881125139,3467,0.2625918351889722
1474,67,35.221189000222175,923,0.41745816372682043
1475,127,71.16390494520793,2035,0.2543432070991126
1476,68,26.34198329218279,1100,0.4828797190517998
1477,112,63.27741030210299,2087,0.33574646074646075
1478,144,87.81232403406145,3032,0.29448329448329447
1479,78,39.940748719917785,1153,0.38394938394938394
1480,70,37.46978073123681,1083,0.4484472049689441
1481,134,80.65615563294106,2710,0.30411850521826955
1482,196,104.37582259011103,4109,0.21501831501831503
1483,83,37.15436642767457,1116,0.32794593006171024
1484,79,43.97826857981233,1254,0.4070107108081792
1485,101,54.099426265849274,1804,0.3572277227722772
1486,120,53.81745997604825,2055,0.28781512605042014
1487,139,71.33677405691866,2688,0.2802627463246794
1488,166,90.96424359592834,3379,0.24673238408178166
1489,140,85.53236380595376,2723,0.2798561151079137
1490,105,61.69721797910568,1551,0.28406593406593406
1491,66,22.61477098672579,622,0.28997668997668996
1492,158,87.6873127988328,3761,0.30323308876884625
1493,112,62.82691471762827,1951,0.31386743886743884
1494,67,30.99149678880221,809,0.36589778380823157
1495,102,59.89124264437344,1779,0.34536983110075714
1496,106,53.46566216093228,1578,0.2835579514824798
1497,67,30.184035973702684,935,0.4228855721393035
1498,67,24.330926148569947,1053,0.4762550881953867
1499,80,34.88372156074935,907,0.2870253164556962
1500,65,27.950437509676146,677,0.32548076923076924
1501,69,32.92616455140268,852,0.3631713554987212
1502,97,47.745044098852205,1372,0.29467353951890035
1503,90,48.357658654576326,1358,0.3390761548064919
1504,95,41.38542798682075,1565,0.3505039193729003
1505,130,60.79761235801284,2149,0.25629099582587955
1506,70,27.425682953848153,884,0.3660455486542443
1507,68,32.9731853757749,1014,0.44512730465320455
1508,100,61.02996395169703,1974,0.3987878787878788
1509,73,41.47650647635468,1226,0.4665144596651446
1510,153,78.26547181223833,3560,0.3061575507395941
1511,110,49.88725306667845,2153,0.3591326105087573
1512,147,74.50379858286169,3156,0.2941012021246855
1513,68,32.39833097387381,905,0.39727831431079896
1514,74,41.94708204103119,980,0.3628285820066642
1515,66,23.981913509938202,744,0.34685314685314683
1516,72,38.79718402713443,930,0.36384976525821594
1517,101,48.40126580085815,1517,0.3003960396039604
1518,95,52.1950258582337,1387,0.31063829787234043
1519,169,98.85920923053715,2722,0.19174415328261482
1520,67,28.689411210962408,1025,0.4635911352329263
1521,135,75.34131129896835,2333,0.25793255942509674
1522,85,42.150113355451126,1300,0.3641456582633053
1523,71,42.018879680552246,987,0.3971830985915493
1524,74,32.146520549786466,947,0.3506108848574602
1525,108,54.559051578610955,1343,0.23243336794738664
1526,88,51.041308287535614,1227,0.32053291536050155
1527,91,54.57327901626862,1338,0.32673992673992674
1528,71,38.93373401477203,1014,0.4080482897384306
1529,106,58.68983039048913,1806,0.32452830188679244
1530,70,32.27219494456309,849,0.3515527950310559
1531,156,97.35839603103938,4081,0.33755169561621173
1532,70,37.31810160989207,1333,0.5519668737060042
1533,65,25.226913454233603,984,0.47307692307692306
1534,76,28.73478059446835,1125,0.39473684210526316
1535,91,52.06345374277802,1573,0.38412698412698415
1536,92,51.5380227604414,1388,0.3315814620162446
1537,80,45.462604984872875,1175,0.37183544303797467
1538,96,40.32713248332436,1737,0.38092105263157894
1539,66,20.800913948993106,677,0.3156177156177156
1540,116,57.61183170536404,2170,0.32533733133433285
1541,76,32.89171900047271,1014,0.35578947368421054
1542,82,41.25138951047096,1164,0.35049683830171635
1543,105,49.12997068333016,2204,0.40366300366300367
1544,88,51.16723274152721,1269,0.33150470219435735
1545,191,119.79883399252874,4169,0.22976026453568477
1546,67,27.566677368962846,837,0.378561736770692
1547,149,87.67017730433415,3037,0.27543986939960097
1548,155,92.72478283526905,2895,0.24256388772517803
1549,66,20.24239203903441,636,0.2965034965034965
1550,103,58.49727964055142,1491,0.28383780696744715
1551,117,69.54185107948548,2740,0.40377247273799
1552,66,37.013017843333,802,0.37389277389277387
1553,182,94.66317598461146,3591,0.2180195495112622
1554,78,38.875358182029004,1042,0.346986346986347
1555,101,63.04271309101278,1907,0.3776237623762376
1556,79,37.63976760012214,1392,0.45180136319376824
1557,68,34.31204903044554,1050,0.46093064091308167
1558,89,44.165521515035465,1348,0.3442288049029622
1559,175,110.99056709267438,4253,0.2793431855500821
1560,74,35.762829738068895,1021,0.3780081451314328
1561,89,39.563504978493434,1510,0.3855975485188968
1562,158,92.66812057770522,3447,0.2779166330726437
1563,100,59.69516255920008,2048,0.41373737373737374
1564,126,75.9077570720805,2682,0.3405714285714286
1565,85,50.65302986029015,1895,0.530812324929972
1566,101,59.75271844967673,2123,0.4203960396039604
1567,66,22.979485421562934,723,0.33706293706293705
1568,72,23.197953596463766,649,0.25391236306729265
1569,150,83.66673240069449,2886,0.258255033557047
1570,72,30.866988155192185,918,0.3591549295774648
1571,112,61.480292403060396,1846,0.29697554697554696
1572,99,56.4941183909241,1621,0.334157905586477
1573,107,60.48500176407422,1739,0.30664785752071944
1574,73,30.375531739358575,1021,0.3885083713850837
1575,71,23.895605369377947,916,0.36861167002012074
1576,75,28.599754806103064,1117,0.4025225225225225
1577,243,146.07375009175692,6717,0.22844607693092542
1578,87,46.23165407246079,1260,0.3368083400160385
1579,89,42.34574711474388,1163,0.2969867211440245
1580,65,10.637302540764397,717,0.34471153846153846
1581,107,58.63970897067424,1879,0.33133486157644154
1582,73,40.556024354654085,1196,0.4550989345509893
1583,70,31.06365622411745,859,0.3556935817805383
1584,67,27.042809288230757,1086,0.49118046132971505
1585,70,37.233498950478726,804,0.33291925465838507
1586,114,58.79234606029728,2051,0.3184288154013352
1587,110,66.97112066547732,2113,0.3524603836530442
1588,69,28.33260858489503,1113,0.4744245524296675
1589,95,49.7002295226495,1609,0.3603583426651736
1590,84,35.62283485067897,1085,0.3112449799196787
1591,132,77.97647251575785,1889,0.2184825352764284
1592,94,41.62475468067949,1412,0.32303820636010067
1593,99,58.94940507582713,1562,0.3219954648526077
1594,167,98.21007223259134,3193,0.23035855998845683
1595,82,39.01976341873316,1423,0.42848539596507074
1596,107,57.98442609619031,1849,0.32604478927878683
1597,108,66.61635852012665,1945,0.33662166839736934
1598,67,37.820910464280566,948,0.4287652645861601
1599,67,13.008601151017416,809,0.36589778380823157
1600,118,72.41871156393637,2986,0.432565551209619
1601,182,115.0734650628949,4932,0.29943537125857567
1602,73,22.248204551571067,1037,0.3945966514459665
1603,66,27.3102384604447,794,0.3701631701631702
1604,136,80.97357676074876,2539,0.27657952069716774
1605,82,47.506050357147465,1368,0.41192411924119243
1606,114,68.13663893375599,2343,0.36376339077782954
1607,76,43.647036113167864,1159,0.4066666666666667
1608,65,33.869170783139545,1094,0.5259615384615385
1609,67,26.582264489211664,643,0.2908186341022162
1610,74,21.176914549111675,843,0.31210662717512033
1611,269,151.39192285518604,6425,0.17824446540531544
1612,148,76.67266266631874,3554,0.32671446957161243
1613,72,33.97866171527706,934,0.365414710485133
1614,69,35.97927247077508,870,0.37084398976982097
1615,67,27.063662363290327,1007,0.4554500226142017
1616,118,67.13782501277389,2032,0.29436476894104013
1617,138,84.71166376384409,2657,0.2810747910716175
1618,70,32.33524569182922,913,0.37805383022774325
1619,66,26.925355450569118,823,0.3836829836829837
1620,78,36.94725967299039,1236,0.4115884115884116
1621,65,31.546642983584032,891,0.4283653846153846
1622,91,34.77001884957241,1333,0.32551892551892553
1623,103,57.26192469004814,1455,0.27698458023986294
1624,110,65.2721045586445,1605,0.2677231025854879
1625,214,131.31085950964848,4690,0.20578298451142996
1626,83,45.27592674113064,1129,0.3317660887452248
1627,66,35.44716728423576,891,0.4153846153846154
1628,67,31.61996737013158,805,0.36408864767073723
1629,107,45.8256614915333,1778,0.3135249515076706
1630,86,49.34167928147086,1396,0.3819425444596443
1631,78,41.23298246464203,1108,0.36896436896436896
1632,117,71.28620525483788,2380,0.3507220748600059
1633,65,24.962429780036707,929,0.4466346153846154
1634,85,40.933650255092125,1150,0.32212885154061627
1635,84,48.75206932438102,1231,0.35312679288582904
1636,66,36.843118962752705,1049,0.48904428904428904
1637,157,96.74628998417197,3710,0.3029560672872775
1638,210,130.59937901105627,5047,0.22998405103668262
1639,78,45.66430447394243,1327,0.4418914418914419
1640,70,39.24969298069559,1293,0.5354037267080746
1641,85,51.29750027774065,1831,0.5128851540616246
1642,66,22.213462613666064,935,0.4358974358974359
1643,94,44.62541946008248,1548,0.35415236787920384
1644,86,47.897688945319366,1181,0.3231190150478796
1645,66,21.618017499009557,952,0.4438228438228438
1646,70,35.19874165888606,908,0.37598343685300206
1647,66,30.49395260943795,899,0.4191142191142191
1648,67,27.634547145461113,1043,0.47173224785165085
1649,122,75.10283158663734,2021,0.27381113670234386
1650,65,27.72077859429133,633,0.30432692307692305
1651,74,34.26974954740435,1385,0.5127730470196223
1652,84,38.05478009749509,1214,0.3482501434308663
1653,64,19.342505204928518,920,0.45634920634920634
1654,86,39.95431235871783,1484,0.4060191518467852
1655,71,34.84687301942367,804,0.3235412474849095
1656,72,36.44490973960091,1003,0.39241001564945227
1657,108,55.859121091758354,1686,0.29179646936656284
1658,69,37.909809200858525,859,0.36615515771526
1659,65,8.634940480237345,889,0.42740384615384613
1660,67,17.053653076802505,825,0.373134328358209
1661,113,60.45914876275717,1821,0.28776864728192164
1662,103,50.26524432159043,1982,0.3773082048353322
1663,71,30.101404128622246,1065,0.42857142857142855
1664,74,30.8272887107169,1176,0.43539429840799704
1665,78,35.73053834745275,1166,0.3882783882783883
1666,93,40.47077697249514,1634,0.38195418419822347
1667,66,31.41347175965392,696,0.32447552447552447
1668,83,32.876462340391186,1029,0.30238025271818986
1669,69,28.279836114845235,1000,0.42625745950554134
1670,77,28.241502156426534,1084,0.37047163362952834
1671,74,24.19891100465514,949,0.35135135135135137
1672,65,30.607854095914544,716,0.34423076923076923
1673,65,30.036316248384534,683,0.3283653846153846
1674,76,40.433485508012964,1073,0.37649122807017543
1675,68,30.408771494146613,897,0.39376646180860403
1676,70,27.65140723748515,1295,0.5362318840579711
1677,111,55.15991802763357,1559,0.25536445536445534
1678,93,46.007572778677066,1328,0.31042543244506776
1679,65,15.374902156810696,690,0.3317307692307692
1680,92,53.07600219233806,1334,0.31868131868131866
1681,96,52.68836067237198,1969,0.43179824561403507
1682,87,50.39000382973709,1306,0.34910451750868754
1683,82,44.40603666055423,1050,0.31616982836495033
1684,86,49.85192040230921,1243,0.34008207934336526
1685,105,63.68193023901443,2583,0.47307692307692306
1686,73,41.93079422327989,1083,0.4121004566210046
1687,92,54.600024571813215,2096,0.5007166746297181
1688,108,64.38697102885902,1800,0.3115264797507788
1689,100,54.56918347769979,1789,0.3614141414141414
1690,141,87.25599665486608,3717,0.37659574468085105
1691,87,44.2179716577869,1626,0.43464314354450684
1692,247,154.29804514200828,5964,0.19630690234027845
1693,94,48.99543526619273,1646,0.37657286662091055
1694,100,58.53824524689028,1872,0.3781818181818182
1695,218,131.38916424158663,6052,0.2558660635014586
1696,199,120.2250230783918,5006,0.25409877671184206
1697,104,58.51536432977653,1498,0.27968633308439134
1698,157,83.49933815037285,3353,0.2738036910011432
1699,94,57.30840818573878,2108,0.48226950354609927
1700,79,34.77056511186531,976,0.31678026614735477
1701,92,36.124725924717005,1400,0.33444816053511706
1702,68,6.568528033377591,788,0.34591747146619845
1703,68,6.091088974040927,775,0.3402107111501317
1704,84,37.33912941033503,1202,0.3448078026391279
1705,71,30.855730296707396,936,0.3766599597585513
1706,69,35.42912083004629,877,0.37382779198635974
1707,171,89.39896997767674,3231,0.22229102167182663
1708,65,31.314425521228554,859,0.4129807692307692
1709,107,56.1723205731535,1651,0.29113031211426554
1710,75,44.919609420857114,1020,0.3675675675675676
1711,101,53.39156962755561,1445,0.2861386138613861
1712,101,53.06943554182096,1167,0.2310891089108911
1713,71,35.05238541404654,826,0.3323943661971831
1714,107,54.98590768962236,1597,0.281608181978487
1715,79,43.50495954628593,1012,0.3284647841609867
1716,114,65.54610369750387,1672,0.25958702064896755
1717,75,43.51616328823342,1218,0.43891891891891893
1718,74,42.433465022178,1018,0.37689744539059605
1719,114,61.177197203637405,1963,0.3047663406303369
1720,76,36.89910935523087,944,0.3312280701754386
1721,103,58.70686554466798,1679,0.31962687987816485
1722,151,94.8778616014626,3423,0.3022516556291391
1723,65,25.44285285015831,788,0.37884615384615383
1724,121,71.48897713649292,2088,0.28760330578512394
1725,75,19.966064538856912,1049,0.37801801801801804
1726,73,41.0895536577794,1053,0.4006849315068493
1727,65,33.20176282751754,830,0.39903846153846156
1728,77,38.98949627974503,1205,0.411825017088175
1729,79,31.492894685351427,1077,0.3495618305744888
1730,65,26.72857869718194,765,0.36778846153846156
1731,69,37.42813712637741,865,0.36871270247229326
1732,87,45.95221923298981,1227,0.3279871692060946
1733,67,26.725234808285155,812,0.3672546359113523
1734,113,67.73633856513054,2644,0.41782553729456384
1735,79,43.813516305765184,1128,0.3661148977604674
1736,126,74.24865336743895,2270,0.28825396825396826
1737,84,46.90613047076285,1390,0.3987378083763626
1738,79,43.792599006765826,1240,0.40246673158065566
1739,69,32.42136039661888,951,0.4053708439897698
1740,65,24.531072178284607,695,0.33413461538461536
1741,64,14.21149950450417,629,0.31200396825396826
1742,71,40.18924514392551,1201,0.48329979879275653
1743,136,77.28948112177176,2157,0.2349673202614379
1744,86,40.029295229600095,1441,0.39425444596443227
1745,81,31.646453028765553,1095,0.33796296296296297
1746,89,42.693374402896005,1423,0.36338100102145043
1747,88,46.58706686630895,1423,0.3717345872518286
1748,76,39.29742167263538,984,0.3452631578947368
1749,101,58.29592276684855,1848,0.36594059405940593
1750,137,85.04455933102528,2619,0.28112924001717476
1751,86,33.502466561975666,1098,0.3004103967168263
1752,67,23.259794916130527,1031,0.4663048394391678
1753,85,41.29697569364438,1344,0.3764705882352941
1754,164,101.09427999163564,3767,0.28183450546161903
1755,101,44.69588391400697,1976,0.3912871287128713
1756,81,38.17612440843741,1185,0.36574074074074076
1757,84,47.677961583557845,1264,0.36259323006310956
1758,67,33.96940500238418,1000,0.4522840343735866
1759,88,39.2151467100062,1771,0.46264367816091956
1760,66,29.97715008390931,809,0.37715617715617716
1761,182,88.07476440497337,3756,0.2280371562139518
1762,72,29.470835001916846,1038,0.4061032863849765
1763,77,39.79542755006687,933,0.31886534518113463
1764,208,125.55236109047249,5040,0.23411371237458195
1765,70,27.41312371338639,1010,0.41821946169772256
1766,89,43.2319122082478,1484,0.37895812053115424
1767,80,41.40033319705059,1450,0.4588607594936709
1768,71,41.273545749826965,903,0.36338028169014086
1769,72,41.971216058251485,1508,0.5899843505477308
1770,130,76.53145366197313,2667,0.3180679785330948
1771,142,76.24155662030118,2222,0.22195584856657677
1772,88,48.669896040416724,1419,0.3706896551724138
1773,85,41.45820599838293,1065,0.29831932773109243
1774,66,20.77943599587883,636,0.2965034965034965
1775,94,58.2302078658932,1808,0.41363532372454814
1776,68,32.462189817326276,833,0.3656716417910448
1777,70,33.81054837158252,785,0.3250517598343685
1778,75,35.64112832131302,1088,0.39207207207207206
1779,74,43.219536767774436,1117,0.4135505368382081
1780,74,41.86996552694768,1094,0.40503517215845986
1781,71,38.8393109772143,795,0.3199195171026157
1782,187,113.18962485075114,3832,0.2203438560174803
1783,69,36.92587353410815,868,0.3699914748508099
1784,69,35.41577744222711,866,0.3691389599317988
1785,75,36.57390219205727,1306,0.47063063063063065
1786,83,35.88277756509336,1066,0.3132530120481928
1787,67,29.659709299710347,763,0.34509271822704657
1788,91,48.72653133007615,1384,0.337973137973138
1789,75,41.04436528260246,1165,0.4198198198198198
1790,68,32.23678562394094,1397,0.6132572431957858
1791,69,34.13116976537757,1390,0.5924978687127025
1792,161,98.04869969678839,4018,0.3119565217391304
1793,182,112.0332827641283,3741,0.22712646469552547
1794,67,33.30318268745586,771,0.3487109905020353
1795,64,28.937860342016542,782,0.3878968253968254
1796,111,58.63600878200662,1562,0.25585585585585585
1797,69,31.624670593511755,880,0.3751065643648764
1798,99,53.35654203673543,1546,0.318697175840033
1799,149,77.13912058561978,3104,0.2815164157446037
1800,64,0.626376635103576,672,0.3333333333333333
1801,85,48.98514810405498,1286,0.36022408963585434
1802,78,40.58493369141705,916,0.305028305028305
1803,72,20.39625784906233,943,0.3689358372456964
1804,89,53.884045032878504,1856,0.473953013278856
1805,80,38.016753632063185,792,0.25063291139240507
1806,116,60.776757222318935,1936,0.2902548725637181
1807,97,49.596568108905885,1540,0.33075601374570446
1808,73,31.34505459670018,1071,0.4075342465753425
1809,151,82.13102073643323,2479,0.2188962472406181
1810,148,90.23724225073067,3783,0.3477661334804192
1811,90,52.90085780483489,1526,0.38102372034956306
1812,109,56.20443411131581,1468,0.2494053686714237
1813,95,52.11646315770733,1294,0.28980963045912655
1814,111,58.13051652000848,2049,0.3356265356265356
1815,81,40.67646692666799,1259,0.38858024691358023
1816,126,72.51011230592391,2066,0.26234920634920633
1817,64,16.469567250887163,773,0.3834325396825397
1818,75,30.02147716038359,1035,0.372972972972973
1819,104,55.973623125036674,1634,0.3050784167289022
1820,69,37.04022881985826,873,0.3721227621483376
1821,87,48.341724841724215,1112,0.29724672547447206
1822,88,48.45979802525523,1201,0.31374085684430514
1823,80,40.61812818339489,1237,0.3914556962025316
1824,191,118.61763290840867,4174,0.2300358225406448
1825,71,26.788718946729126,1340,0.5392354124748491
1826,65,19.38598923108112,734,0.3528846153846154
1827,78,29.472874907238133,1098,0.36563436563436563
1828,82,42.2224004506371,1038,0.31255645889792233
1829,103,53.245950234662025,1598,0.3042071197411003
1830,201,113.43164914182269,4366,0.2172139303482587
1831,110,63.81021604485575,1904,0.3175979983319433
1832,72,37.879823984194246,1033,0.4041471048513302
1833,82,50.98769538693557,1236,0.3721770551038844
1834,77,35.246357280705666,1136,0.38824333561175667
1835,76,28.816822689868616,1161,0.4073684210526316
1836,67,20.643956857314244,998,0.45137946630483944
1837,66,21.37541539189377,873,0.406993006993007
1838,72,29.480219491498946,1186,0.46400625978090765
1839,209,125.08218008597115,4300,0.1978284873021715
1840,68,28.97150193424078,956,0.4196663740122915
1841,66,21.777442665380413,816,0.3804195804195804
1842,64,7.850721982955016,602,0.2986111111111111
1843,100,55.366310127312815,1264,0.25535353535353533
1844,77,29.277641328834004,1281,0.43779904306220097
1845,64,13.247475655049202,840,0.4166666666666667
1846,69,19.501674033570122,1065,0.4539641943734015
1847,71,29.15254726809392,1204,0.48450704225352115
1848,69,19.95871340417078,848,0.3614663256606991
1849,64,11.03741541994816,750,0.37202380952380953
1850,67,37.37561593692338,887,0.40117593848937133
1851,68,17.426946226304906,815,0.35776997366110624
1852,69,22.678430147104947,923,0.3934356351236147
1853,64,13.090109308161322,866,0.42956349206349204
1854,171,92.1207277042535,3325,0.22875816993464052
1855,64,24.82144992943362,921,0.4568452380952381
1856,83,45.21143416173548,1120,0.32912136350279164
1857,64,7.2279029531215215,704,0.3492063492063492
1858,64,28.803903783298093,809,0.40128968253968256
1859,84,46.73494952937298,1186,0.3402180149168101
1860,67,24.663311123166338,794,0.35911352329262775
1861,104,61.44318402457268,1890,0.35287528005974605
1862,114,60.48522517306242,1981,0.3075609377425866
1863,92,42.96448132500871,1538,0.36741519350215
1864,78,33.63569170103842,1206,0.4015984015984016
1865,74,40.159824215822304,912,0.33765272121436507
1866,93,54.11710922476281,1642,0.38382421692379615
1867,70,29.613144771562226,700,0.2898550724637681
1868,89,50.900256939360375,1383,0.35316649642492337
1869,67,37.457382740814865,901,0.4075079149706015
1870,64,15.317852972478029,630,0.3125
1871,77,40.667985821336785,959,0.3277511961722488
1872,74,39.587650716085626,1345,0.4979637171417993
1873,76,39.434817107319574,1012,0.3550877192982456
1874,66,13.382106818839487,804,0.3748251748251748
1875,114,64.53832308876846,1861,0.2889302903275889
1876,176,108.21338621394385,3797,0.24655844155844156
1877,94,53.59679904805999,1400,0.3202928391672386
1878,64,24.765116610690953,990,0.49107142857142855
1879,72,33.76817475648835,1245,0.48708920187793425
1880,179,85.63468679445516,4013,0.25189881363379574
1881,65,18.307608185552304,929,0.4466346153846154
1882,66,7.990658336493808,683,0.3184149184149184
1883,107,65.79888495259704,1784,0.31458296596720153
1884,116,72.57115846761057,1932,0.2896551724137931
1885,178,108.61917177720335,3925,0.24915889037008823
1886,67,23.16273617215352,931,0.42107643600180916
1887,145,71.41816417646334,3341,0.3200191570881226
1888,99,46.26029963002059,2019,0.41620284477427333
1889,77,28.818443377211313,996,0.34039644565960353
1890,72,20.219128790679747,833,0.3258998435054773
1891,79,32.320129861320595,1331,0.4320025965595586
1892,89,48.07376031474023,1377,0.3516343207354443
1893,83,37.33551630739206,1269,0.37290625918307374
1894,64,7.499752772132559,503,0.24950396825396826
1895,104,51.92410464454529,1834,0.342419716206124
1896,89,49.84199782264517,1254,0.3202247191011236
1897,84,42.09301315585778,1197,0.3433734939759036
1898,77,37.458343898584005,788,0.2693096377306904
1899,97,56.22534628884892,1710,0.36726804123711343
1900,100,55.51493064671608,1408,0.28444444444444444
1901,71,30.120388157386827,791,0.3183098591549296
1902,76,33.75023699272045,964,0.33824561403508774
1903,70,32.02915190681473,811,0.33581780538302275
1904,86,47.02908773275673,1190,0.32558139534883723
1905,69,21.77426348484558,686,0.29241261722080136
1906,80,41.71314495314608,1207,0.3819620253164557
1907,65,30.822517494133095,915,0.43990384615384615
1908,79,36.50265761776336,1283,0.41642323920804936
1909,141,85.46876135512434,2576,0.26099290780141843
1910,69,40.41710575295904,976,0.41602728047740833
1911,74,40.85034670263284,1319,0.4883376527212144
1912,105,59.19056858732915,1637,0.2998168498168498
1913,74,42.7906708137503,1157,0.4283598667160311
1914,111,67.00291502029481,2010,0.32923832923832924
1915,87,49.68945528839607,1116,0.2983159582999198
1916,105,52.62081562395604,1989,0.36428571428571427
1917,64,33.26679625414658,798,0.3958333333333333
1918,85,47.473169769124496,1305,0.36554621848739494
1919,81,44.62792428414032,1157,0.3570987654320988
1920,78,42.21608319295337,1349,0.4492174492174492
1921,74,33.65528081315222,1243,0.46019992595335063
1922,66,26.043533041460492,763,0.35571095571095573
1923,71,27.019056608718472,971,0.3907444668008048
1924,156,95.70254688285748,2865,0.2369727047146402
1925,73,42.15605221711488,1015,0.3862252663622527
1926,77,45.67775134652464,1066,0.3643198906356801
1927,111,64.81552542233243,1807,0.295986895986896
1928,67,26.133323646704703,794,0.35911352329262775
1929,127,77.36889304745775,2235,0.2793400824896888
1930,68,35.03289280125428,779,0.3419666374012291
1931,96,39.52587833287395,1494,0.32763157894736844
1932,71,25.49163224876976,1044,0.42012072434607645
1933,83,47.34919291178951,1111,0.3264766382603585
1934,99,49.27231001796283,1515,0.31230674087816945
1935,75,26.314700868404515,1032,0.37189189189189187
1936,125,76.41263628425928,2257,0.2912258064516129
1937,73,40.98008479843891,1001,0.3808980213089802
1938,64,28.09537744167151,912,0.4523809523809524
1939,68,15.696970743666014,799,0.35074626865671643
1940,69,20.6283067926915,795,0.3388746803069054
1941,80,42.77410458524033,1081,0.3420886075949367
1942,82,47.690443473557664,1159,0.3489912676904547
1943,64,14.629549938984976,808,0.4007936507936508
1944,68,34.585119783348915,1048,0.46005267778753295
1945,86,47.10351869080528,1180,0.3228454172366621
1946,74,31.970519364904035,951,0.3520918178452425
1947,81,46.73689085024785,1097,0.33858024691358024
1948,71,25.17355382900759,1254,0.5046277665995976
1949,85,34.73920237339581,1225,0.3431372549019608
1950,163,82.73017255524985,3036,0.22994773915019315
1951,88,47.55460376155339,1244,0.32497387669801464
1952,93,55.72327699102197,1969,0.46026180458158017
1953,100,53.44360531840413,1489,0.3008080808080808
1954,66,22.53432027438247,785,0.36596736596736595
1955,88,51.398119792805474,1219,0.3184430512016719
1956,75,37.0525364155003,841,0.3030630630630631
1957,88,46.63382414686762,1342,0.3505747126436782
1958,77,36.74458137752373,1072,0.3663704716336295
1959,92,49.81418307626728,1386,0.3311036789297659
1960,75,34.86745578663914,1092,0.3935135135135135
1961,66,26.653541550043187,933,0.43496503496503497
1962,85,47.317766848511404,1159,0.3246498599439776
1963,194,118.25413732018576,4963,0.2651033598632552
1964,181,110.25576327595128,4895,0.3004910988336403
1965,195,122.161205526196,4464,0.2360031720856463
1966,134,83.83231123940182,3284,0.368533273482213
1967,116,66.03503958403104,2472,0.37061469265367314
1968,93,49.182355112125215,1272,0.2973352033660589
1969,139,81.62868842412617,2791,0.29100198102387653
1970,85,41.00129233246787,1224,0.34285714285714286
1971,101,56.10745144885715,2002,0.39643564356435645
1972,167,105.3509412395429,4430,0.3196017603347522
1973,92,52.46704465940341,2026,0.48399426660296224
1974,276,171.0717184264031,8344,0.21986824769433466
1975,131,80.54840161674497,2549,0.29935408103347033
1976,74,35.85759149528794,1070,0.396149574231766
1977,92,51.74329297748201,1498,0.35785953177257523
1978,92,53.804910925742874,1565,0.373865265169613
1979,104,60.58295874597363,1803,0.3366318147871546
1980,126,77.33623645778817,2708,0.3438730158730159
1981,83,42.591911541777435,1215,0.3570379077284749
1982,105,61.36039711386101,1863,0.3412087912087912
1983,178,106.41841925415201,4315,0.27391607947692503
1984,169,102.49174760212456,4079,0.2873344604113835
1985,98,45.15382415139298,1856,0.3904902167052388
1986,109,57.07681115721903,1507,0.2560312606184166
1987,66,19.546579427721877,859,0.40046620046620046
1988,79,33.31225774968207,1209,0.3924050632911392
1989,91,54.258086976945876,1617,0.39487179487179486
1990,157,96.45587721935158,3910,0.3192879307528989
1991,122,74.10822306239956,2631,0.3564557648015174
1992,148,91.3557893365992,3327,0.3058466629895201
1993,103,61.996422607170686,2434,0.46335427374833427
1994,82,41.248260264418946,1117,0.33634447455585664
1995,67,34.74443211840148,824,0.3726820443238354
1996,72,38.91243395340453,1055,0.41275430359937404
1997,72,40.41417325096633,1156,0.4522691705790297
1998,69,30.211443418543176,962,0.4100596760443308
1999,78,40.81488358460232,1231,0.4099234099234099
