global_node_index,track_id,artist_id,q_x,q_y,q_z,domain_id,sign
0,track_0000950,artist_000087,-0.02025537552721266,0.004007406767301663,0.018926057247658022,2,-1
1,track_0002165,artist_000326,-0.012356617707344699,-0.019781831397302163,-0.01918503373901214,2,-1
2,track_0003350,artist_000517,-0.006154148481665746,0.016731317127703507,-0.022650294617271492,2,-1
3,track_0004638,artist_000087,0.04927197878713942,0.0030535064603447507,0.05198369694729149,1,1
4,track_0005638,artist_000811,-0.017179500107646826,0.040021489738909774,-0.007394470877247825,2,-1
5,track_0005642,artist_000811,-0.012636780275177917,-0.02196575897673521,-0.013282457510918588,2,-1
6,track_0006250,artist_000811,0.0237101210986437,0.024038012690659107,0.00792663534910102,1,1
7,track_0006254,artist_000811,0.035190598699652215,-0.010704663106246175,0.011911914056121567,1,1
8,track_0006257,artist_000811,0.007431544072147277,-0.006335186829261778,-0.019861114159528348,1,1
9,track_0006726,artist_000937,0.0004620825561823145,-0.03193309779203858,-0.021675201792442686,1,1
10,track_0007359,artist_000937,0.02355721090135615,-0.006885888572727434,0.00044948350696912795,1,1
11,track_0011750,artist_000696,0.019911853835023932,-0.032529524127481384,-0.0061779205316400965,1,1
12,track_0011765,artist_000696,0.017743093023751037,0.03508242577583409,0.0017310856439670494,1,1
13,track_0011773,artist_000696,-0.0075711843297985,-0.024709403678958318,0.0007886606909544989,2,-1
14,track_0011842,artist_001780,0.006188206634367138,-0.03272756937551272,-0.046742226716791666,1,1
15,track_0013826,artist_002023,0.00874014857738877,-0.038234137323663424,-0.030898278923503438,1,1
16,track_0014013,artist_002054,0.012724897789707966,0.005534518469133171,-0.004858573413927559,1,1
17,track_0014026,artist_002054,0.014859763550682525,-0.004247790101937716,-0.014383348172428374,1,1
18,track_0015159,artist_002208,-0.009722878042882497,-0.03612235179469134,-0.029216593995387778,2,-1
19,track_0016038,artist_002323,-0.047644139570905575,-0.0021559346318003477,0.04315840148315113,2,-1
20,track_0016659,artist_002455,-0.014700787284280117,0.019580922092835792,-0.04143181629941813,2,-1
21,track_0016665,artist_002455,-0.0094188019041433,0.019554070174833675,-0.04298944190246281,2,-1
22,track_0017490,artist_002449,0.005165634060190454,0.035226935247881744,-0.043936934003045346,1,1
23,track_0019238,artist_002854,0.0020251839486058647,-0.006021135800031055,-0.014272329130932189,1,1
24,track_0020538,artist_003039,-0.0257099502640426,-0.006005391127805956,0.011728089081549533,2,-1
25,track_0020742,artist_002656,-0.003958242923198051,-0.012592609088398335,-0.02005064724079392,2,-1
26,track_0021854,artist_002521,-0.014150529181076652,-0.0075731478563082705,-0.029332439729079188,2,-1
27,track_0021857,artist_002521,-0.002534489891070689,0.03281213452458811,-0.03882817420426703,2,-1
28,track_0021859,artist_002521,-0.01629533201606503,0.0386639112147238,-0.03732404974365089,2,-1
29,track_0023865,artist_003498,0.006436857680604764,0.046509213137833766,-0.03264861656165089,1,1
30,track_0024026,artist_003581,-0.018043683694851122,0.011728801708631545,0.011747579328870281,2,-1
31,track_0024242,artist_001064,0.0036525509312593497,-0.003996464299815952,-0.008300418137504612,1,1
32,track_0024842,artist_002534,0.015599134930760828,-0.01771545034689509,0.005471678204287359,1,1
33,track_0025226,artist_003786,0.037653932554840154,0.020308566412585178,0.04010681578037506,1,1
34,track_0025238,artist_003786,0.03111475784066146,-0.012578718089621233,0.02004090097785313,1,1
35,track_0025250,artist_002740,0.017559689656136607,-0.005151458558458489,0.018406283896868793,1,1
36,track_0025254,artist_002740,-0.019709647655289177,-0.016466652245998994,-0.0046202452646067595,2,-1
37,track_0025273,artist_001885,0.0044160135149133705,0.010127416970165762,-0.041617955454736094,1,1
38,track_0025379,artist_002740,0.045636179473781194,-0.015053198417842542,0.02733309332144345,1,1
39,track_0029865,artist_002020,-0.015602620338241228,-0.009248963688889639,-0.012291067490022584,2,-1
40,track_0029873,artist_002020,-0.03492178646883954,-0.015123472299863308,0.023185735836201895,2,-1
41,track_0029959,artist_004118,-0.0027217300345080955,0.039396512607757804,-0.020241575589190628,2,-1
42,track_0032538,artist_004180,0.018877601272753727,0.00031167865552781434,0.015144802220875869,1,1
43,track_0033179,artist_000787,-0.03154512841672854,0.029793536879853536,0.02048779557289731,2,-1
44,track_0033326,artist_004658,-0.010761091254845992,-0.009650009338023338,0.01353791786949499,2,-1
45,track_0033450,artist_004658,0.023306097514249478,-0.028795562128220042,-0.008885964244290645,1,1
46,track_0033826,artist_004488,-0.017831450331203084,-0.0005580179975331546,-0.022884351619052234,2,-1
47,track_0035173,artist_002208,0.0019998286828615017,0.05374749323025008,-0.038669601068287866,1,1
48,track_0035750,artist_000939,0.012239162730707473,-0.023738306235974088,-0.00740752197917435,1,1
49,track_0036657,artist_005117,-0.014882251045936806,-0.012310236261127937,-0.03235068000396769,2,-1
50,track_0036713,artist_005126,-0.016146185658514216,0.01431307860891236,0.020638171423893206,2,-1
51,track_0038657,artist_005422,-0.02516577246282359,0.018227077608385885,0.012259361202109924,2,-1
52,track_0040026,artist_005669,0.014482422369694213,0.032161243547587495,-0.010825413181829835,1,1
53,track_0040157,artist_005634,-0.01658803290004876,-0.03460910830879601,-0.0202335627499163,2,-1
54,track_0040159,artist_005634,-0.029479990627821175,-0.03621819956547877,-0.008172935920583546,2,-1
55,track_0040638,artist_004729,0.014265950058764486,-0.015777830085978127,-0.013074474584223552,1,1
56,track_0042765,artist_005935,-0.006793089741436389,-0.00394819101171381,0.006835695461177729,2,-1
57,track_0043038,artist_005385,-0.009871261870565229,0.00010876501325160792,-0.009436644910829819,2,-1
58,track_0043042,artist_005385,0.00287394284341851,-0.0005552177065750489,-0.029739121468944273,1,1
59,track_0046190,artist_003687,0.042526325936817586,0.029587541843190547,0.03174682532255768,1,1
60,track_0046565,artist_002816,0.0043268163136940966,0.008448851858830368,-0.020665779073066912,1,1
61,track_0047390,artist_005721,0.017908686482391425,-0.01831979223883332,-0.008966661140337069,1,1
62,track_0047457,artist_006573,0.0030048777618450592,0.04937499582679136,-0.023971497685344,1,1
63,track_0047459,artist_006573,0.008141763739729801,-0.0358026277342308,-0.006890576994814705,1,1
64,track_0048165,artist_006741,-0.00507523845594138,-0.0057498666911064466,0.0002504496139934711,2,-1
65,track_0048379,artist_005126,-0.002943306470361286,0.030727720566874422,-0.019680549108931706,2,-1
66,track_0048726,artist_000696,0.010062024258577764,-0.006572492581495678,-0.0039380667553152214,1,1
67,track_0048979,artist_005801,0.039635580416579094,-0.011666556821442313,0.03337950134069061,1,1
68,track_0049038,artist_006905,-0.02804161686825262,0.014106544172239582,0.016981565909909634,2,-1
69,track_0064073,artist_007211,-0.036677022870997486,0.010130258243432312,0.04772229161773607,2,-1
70,track_0066942,artist_007063,0.0022944900478058293,0.020310150604103055,-0.025436840105555514,1,1
71,track_0066954,artist_007063,0.008237806397020944,0.03061432460792478,-0.03500299534621927,1,1
72,track_0072638,artist_004347,-0.0048211796561986485,0.02099910257887582,-0.0026624664008702346,2,-1
73,track_0072838,artist_007320,-0.019293020055985398,0.000518521691577121,-0.015377357504520675,2,-1
74,track_0073073,artist_007362,-0.0309402187774834,0.007548523957495066,0.04297077578226803,2,-1
75,track_0073157,artist_007063,-0.015197682194501112,-0.018125720407195834,-0.042393542681331046,2,-1
76,track_0073159,artist_007063,-0.00910399930730608,-0.013368871236513188,-0.03557903562516063,2,-1
77,track_0073990,artist_005240,-0.005419039188724174,0.03994910466229131,-0.008052977438560108,2,-1
78,track_0074654,artist_007379,-0.011146496268453291,0.04584050021831325,-0.01907206609502147,2,-1
79,track_0076990,artist_007840,-0.007423077823387436,-0.016612601818421214,-0.011923827336540188,2,-1
80,track_0078313,artist_007872,-0.002682011922434845,0.03386193959126444,-0.039035772484864284,2,-1
81,track_0078726,artist_007872,0.02160883909371413,0.04877272110409336,-0.010979441381638023,1,1
82,track_0078957,artist_006278,0.013604671101699524,-0.02484726185004245,-0.013125135644744056,1,1
83,track_0079750,artist_008094,0.04569456152147604,0.008375898583984385,0.03748875024030738,1,1
84,track_0079754,artist_008094,0.00618670757140158,-0.007824497020443973,-0.016538228245049517,1,1
85,track_0079757,artist_008094,0.022874603158858003,-0.029127412065871397,0.0035013131326217264,1,1
86,track_0079759,artist_008094,0.008577138500900212,-0.019414284135147165,0.005038469296677518,1,1
87,track_0080138,artist_001365,0.04231380915159554,0.019268941617186067,0.044063301162291284,1,1
88,track_0080890,artist_004812,-0.014192453388370769,-0.021770330471985604,-0.0035993796856026348,2,-1
89,track_0080979,artist_005126,-0.014773594757098071,0.03458918932996065,-0.0021193519193877302,2,-1
90,track_0081365,artist_005777,-0.0005858307308893712,0.056107674023543885,-0.023555939045788753,2,-1
91,track_0082350,artist_005385,-0.005449926359442954,-0.0038782427516786673,-0.004095891928393353,2,-1
92,track_0082354,artist_005385,0.01833681394679972,0.040470289071875755,-0.004998404651934294,1,1
93,track_0082357,artist_005385,-0.021191124165776506,0.001708427133995985,-0.010284541175584371,2,-1
94,track_0082359,artist_005385,-0.010138364904457128,-0.001204757318981713,0.004178648824074292,2,-1
95,track_0082365,artist_005385,-0.03451492702072042,0.004611515897534677,0.04285219974162337,2,-1
96,track_0086742,artist_004812,0.008286269900572785,-0.0016590163804648306,0.012039833930293186,1,1
97,track_0087473,artist_004545,-0.022301619220722754,-0.028244956440751482,-0.0024403676695964414,2,-1
98,track_0087479,artist_003177,-0.004225376020230649,0.0434611240816534,-0.02402885628224791,2,-1
99,track_0089326,artist_004851,0.0023439845546052106,-0.04657463251787709,-0.04919233684095192,1,1
100,track_0091373,artist_007969,-0.007692975103181385,-0.024187717735910195,-0.009778026710199086,2,-1
101,track_0091826,artist_002222,-0.008821522823805513,-0.027033603091436226,-0.027899003337358834,2,-1
102,track_0094750,artist_007063,-0.012018158386658402,0.04244326103657977,-0.019500639164100525,2,-1
103,track_0095413,artist_000675,-0.007977936955191315,0.046464058706748884,-0.029619143271362957,2,-1
104,track_0095538,artist_005361,-0.004963664676647727,0.0008507771342506787,0.014217627522795246,2,-1
105,track_0095713,artist_336764,0.010948362921286574,0.04624498279390394,-0.0023010064868891323,1,1
106,track_0098542,artist_336896,0.027587590334534427,-0.016150793208169777,0.009124597409919106,1,1
107,track_0100642,artist_336984,-0.002147033014271824,0.051388498871844636,-0.02272973985856386,2,-1
108,track_0103690,artist_000087,-0.021670636256664846,-0.0047440780004308234,0.015082558424473983,2,-1
109,track_0104259,artist_337114,-0.026436327825604213,-0.008343752672127508,0.012906716376686327,2,-1
110,track_0106559,artist_008021,0.004603550561040832,0.0523332735941282,-0.025767486020594893,1,1
111,track_0106765,artist_008021,-0.003937016105308219,0.034220043887076196,-0.017418987363477387,2,-1
112,track_0106838,artist_008021,0.0037452866883319028,0.043903582957763754,-0.023147199470007804,1,1
113,track_0106859,artist_008021,0.013782012795184807,0.03410797197005264,-0.009412019213324265,1,1
114,track_0108459,artist_337284,0.0063482329067349585,0.0011772664505966582,-0.009708033660409166,1,1
115,track_0109226,artist_337307,0.053262131719065,0.01394638859243186,0.057020409334086426,1,1
116,track_0110642,artist_000811,0.013611992328468384,0.012108361821883282,0.004665824203530466,1,1
117,track_0110657,artist_000811,0.0031546351810241642,-0.008433477325364801,0.006147007265569209,1,1
118,track_0111026,artist_004116,-0.023630112223911263,-0.009216183867861178,0.029977555753705743,2,-1
119,track_0114765,artist_337503,-0.0034746912511987135,0.013352110968138651,0.007052214495519785,2,-1
120,track_0117550,artist_003769,-0.0015774896764083955,-0.03488215345161486,-0.03091252294746185,2,-1
121,track_0118073,artist_001493,-0.000527196597706568,0.04699783717411411,-0.03182488909263675,2,-1
122,track_0120750,artist_004864,0.04382492162207251,0.012499544592092411,0.04156277720542716,1,1
123,track_0120754,artist_004864,0.020014446374920877,-0.018769858447963174,0.008846423283568236,1,1
124,track_0124826,artist_005390,-0.02064175282243642,0.026269202356602014,-0.002598555810727921,2,-1
125,track_0126042,artist_337741,-0.034135813906658916,-0.00032891651809132923,0.022704213987455465,2,-1
126,track_0126126,artist_337741,-0.012453640559023387,0.0003415469265104991,-0.016774408697511307,2,-1
127,track_0126142,artist_337741,-0.010363017450313445,-0.00028537940480207266,-0.0036630408028876927,2,-1
128,track_0127590,artist_001493,-0.0031486136953318695,0.051052710599925166,-0.030260075062970248,2,-1
129,track_0127890,artist_004812,-0.003228744298660022,-0.02254095652595706,0.005277619342538553,2,-1
130,track_0128313,artist_337907,0.012636920295977199,-0.011332912406060689,0.009281937327597032,1,1
131,track_0133654,artist_007063,-0.02253799400862627,-0.018867937322160296,-0.009523745339879883,2,-1
132,track_0133657,artist_007063,-0.028987405585955327,0.018214274665135498,0.009446020661486275,2,-1
133,track_0134738,artist_337989,0.034715346753259615,0.022369714305881954,0.020478993852462397,1,1
134,track_0134754,artist_337989,0.011659392035127279,-0.03412736352430037,-0.014553099971736294,1,1
135,track_0140638,artist_338395,-0.00960770634777413,0.03360528752174248,-0.01911734481130382,2,-1
136,track_0140642,artist_338395,0.006448924408444227,-0.025159887836288898,-0.00916139737803651,1,1
137,track_0144654,artist_338563,-0.012316962711067437,0.0036477301938869873,-0.022700702173147885,2,-1
138,track_0148526,artist_338660,0.028457921121404123,-0.004148787690732686,0.02690732878284173,1,1
139,track_0149779,artist_338660,0.02252120199343897,0.013633726000897902,0.00022150878964173238,1,1
140,track_0149790,artist_338660,-0.020503302081242524,-0.030910788528488782,-0.027400849416555732,2,-1
141,track_0152542,artist_338900,-0.04481168896254377,-0.009657764463338062,0.02627343416820658,2,-1
142,track_0152713,artist_338660,0.027761937308088836,-0.03451787760941461,-0.006337495562539603,1,1
143,track_0152754,artist_338660,0.03157571510742289,-0.006201862656698262,0.027168366160650697,1,1
144,track_0153865,artist_339263,-8.107656259325049e-05,-0.0019434882474333444,-0.015496555096006986,2,-1
145,track_0155513,artist_338660,0.022474953331995538,0.012783937564396575,0.002852522122317557,1,1
146,track_0156873,artist_339104,0.006409717147931191,0.0431339896899188,-0.011461471725902698,1,1
147,track_0158613,artist_338660,-0.018024249256212637,-0.03791302711888919,-0.040590841120846446,2,-1
148,track_0158626,artist_338660,0.02127952436207734,-0.036533353736530765,0.000931217794941642,1,1
149,track_0159450,artist_339226,-0.036793608547536695,-0.00026060977470225766,0.03952419057121956,2,-1
150,track_0159850,artist_338660,-0.002585949625824339,-0.021001142113223095,-0.025191486652456074,2,-1
151,track_0159854,artist_338660,0.026160397543530476,-0.008373259553904734,-0.0016063336128264573,1,1
152,track_0159857,artist_338660,-0.008001026657092795,-0.01472828547795792,-0.019663129160038394,2,-1
153,track_0159859,artist_338660,0.010399647982332857,0.005095770375702183,0.006110689971364357,1,1
154,track_0162026,artist_007872,0.015673718424602377,-0.034900238395632326,0.0035010952346477297,1,1
155,track_0162038,artist_007872,0.030609393677446563,-0.02038911753406321,0.024014840115957968,1,1
156,track_0162042,artist_007872,0.01231070021463529,0.014822931951506331,-0.010590411647436975,1,1
157,track_0162226,artist_338660,0.0027449963972980143,0.025601940970267002,0.001852565232323693,1,1
158,track_0162579,artist_338660,0.0062513344334167486,0.04187398243055351,-0.028513406467103434,1,1
159,track_0162590,artist_338660,0.0009158321687568777,0.026654385532736014,-0.03562077390224778,1,1
160,track_0166613,artist_339527,-0.0013265802278149476,0.01450092202806364,-0.014211702504847098,2,-1
161,track_0168813,artist_338660,0.017932097167067885,-0.005899921018044008,-0.00684792257490209,1,1
162,track_0169257,artist_338660,0.019364477574962437,-0.009028654933746183,-0.004179085589447536,1,1
163,track_0169259,artist_338660,0.03018005695085261,0.03492166975011747,0.01094174381040052,1,1
164,track_0169265,artist_338660,0.013222121541080722,-0.018901942610155743,-0.005130249949867851,1,1
165,track_0169273,artist_338660,0.004823957430807215,-0.002534802655264529,0.006835678111377896,1,1
166,track_0169990,artist_338660,0.030696209907602863,-0.007341315597383486,-0.007531422122116109,1,1
167,track_0170059,artist_338660,0.02711000874573476,-0.00047687628210843963,0.007653279387518359,1,1
168,track_0172326,artist_337897,0.04344077173060145,-0.016001548358607013,0.023098578655334514,1,1
169,track_0173759,artist_339169,0.02741185474417951,-0.010949589231195982,0.0029019277621879936,1,1
170,track_0178638,artist_340076,0.016160625139765204,-0.027938773029846438,-0.022814522163673145,1,1
171,track_0178665,artist_340076,0.005892359402162183,-0.03148047042212403,-0.030477549021822967,1,1
172,track_0181854,artist_004965,0.02943427274363585,-0.01276337517694482,-0.0015292882353458966,1,1
173,track_0184242,artist_340347,0.03891993689445538,0.026566923041644267,0.03801735596165618,1,1
174,track_0196250,artist_340652,0.04524008824488605,0.02042832977709846,0.047454669393355776,1,1
175,track_0196257,artist_340652,0.021538584279420712,-0.007903768524861911,-0.004174008446592193,1,1
176,track_0196259,artist_340652,0.029168603439182584,-0.02019628528728118,0.010963033240437854,1,1
177,track_0196542,artist_004118,0.0004377015703527645,0.003057937735568055,0.00426211970251637,1,1
178,track_0196550,artist_004118,0.019333529843217245,0.007342416630766542,0.003726690381666549,1,1
179,track_0196554,artist_004118,-0.017215313871249936,-0.03399378072369153,-0.03312299638661989,2,-1
180,track_0196850,artist_339563,0.026237429903905426,0.029931635949022997,0.01853790686939014,1,1
181,track_0201479,artist_004118,0.005472342620465594,0.023452138794574386,-0.022424069557278825,1,1
182,track_0201490,artist_004118,0.008093193853781596,-0.015949730944430973,-0.02082137987325772,1,1
183,track_0202213,artist_008094,0.03097067783538455,-0.011173854520283025,0.004694709904559144,1,1
184,track_0202657,artist_337114,-0.05483688422032704,-0.0005994931903930465,0.060073720501403374,2,-1
185,track_0205438,artist_004965,-0.006239353491287122,-0.003383727658394578,-0.007039893441784732,2,-1
186,track_0206073,artist_341323,0.02970677029949059,0.018344723658442426,0.007209258317768568,1,1
187,track_0207490,artist_341393,0.005438792589141863,0.021964802700123853,-0.04394436403369351,1,1
188,track_0208938,artist_341459,-0.008218177825120132,0.042258546461966355,-0.012754240768800931,2,-1
189,track_0209073,artist_341393,-0.004012440847411965,-0.024517144996063545,-0.04336915686941733,2,-1
190,track_0210038,artist_004118,-0.0020511147074939503,0.02485404755010041,-0.029192480880707725,2,-1
191,track_0210042,artist_004118,0.035825836261946326,-0.027954130426623848,0.009800131588921401,1,1
192,track_0218559,artist_341999,-0.007126206902496935,0.010549359325833934,-0.004296111668166535,2,-1
193,track_0239950,artist_004965,-0.024655421158953177,0.0012704888141602004,0.028430443965325736,2,-1
194,track_0242738,artist_343767,0.022090087214453796,0.022859511869807878,0.0022310078078897665,1,1
195,track_0244938,artist_000811,0.009693606093572803,0.026633002964205513,-0.026875351563627213,1,1
196,track_0244954,artist_000811,-0.03878898087122093,-0.0012538656312457513,0.047600330745434245,2,-1
197,track_0245350,artist_337114,-0.03574845901418988,0.006555073098052177,0.04405097102245614,2,-1
198,track_0248259,artist_002444,-0.029446353961274534,0.004762379512583061,0.03630629976331939,2,-1
199,track_0250990,artist_004965,0.02947078964998431,-0.013178816079705027,0.003078636764398962,1,1
200,track_0251379,artist_337391,0.0050922494558654175,0.011311919613794054,0.012800047859961508,1,1
201,track_0253542,artist_005644,0.005224578912346684,0.01776019363912014,0.0016336906844040603,1,1
202,track_0257059,artist_006821,-0.0031836385776481783,-0.003074304003180682,-0.005953899880846582,2,-1
203,track_0257173,artist_003786,0.04983683658175203,-0.0007257087870049378,0.052680464767992256,1,1
204,track_0257179,artist_003786,0.039189752907066173,0.011261344938457549,0.043453603682505615,1,1
205,track_0258090,artist_337741,-0.005419695770453385,-0.0016224028196364208,-0.0027458255222805924,2,-1
206,track_0259559,artist_339590,-0.005519359743287607,0.010620346899212707,-0.0055724600810197825,2,-1
207,track_0264390,artist_007625,-0.009790541942320327,0.019596702672072065,0.01649280324887726,2,-1
208,track_0268259,artist_004118,-0.002149530209737144,0.052294900951660624,-0.02780729666497491,2,-1
209,track_0268290,artist_004118,-0.0017348435534983865,0.046125140650866016,-0.0296684285224374,2,-1
210,track_0268313,artist_004118,-0.00611484214539414,-0.03389916698237958,-0.01677597184681601,2,-1
211,track_0278357,artist_344764,0.033296641702315125,-0.01254624171209024,0.026433497595781043,1,1
212,track_0278359,artist_344764,0.04537524089581492,-0.018957071240066396,0.012543197283841326,1,1
213,track_0280913,artist_007886,-0.020078256897616102,0.017060423233197425,0.024981648239864113,2,-1
214,track_0282626,artist_347536,-0.007203550339656152,0.0058516698432263545,0.02239723334979443,2,-1
215,track_0283090,artist_003687,0.036122803250902544,-0.022292452108785863,0.013370758318016427,1,1
216,track_0283765,artist_337114,-0.021826837718805208,-0.00693202562594727,-0.006785849031283995,2,-1
217,track_0284365,artist_003687,0.03211043970637228,-0.011510812913051161,0.009635917428412117,1,1
218,track_0285042,artist_337114,-0.025065960327250798,-0.004097593625007461,0.01659974334411815,2,-1
219,track_0287979,artist_007362,-0.005463280379689424,0.02018846920905828,-0.029477301831696372,2,-1
220,track_0290859,artist_005324,0.00651252221375194,0.01832165260571873,0.0036239458225421294,1,1
221,track_0306438,artist_348501,0.012922443854267208,-0.02382146985102266,0.001056130088279882,1,1
222,track_0313013,artist_002189,0.01801571332715524,-0.028877311763172292,-0.011963044014218324,1,1
223,track_0313779,artist_338437,-0.0017389771298985327,-0.0034671207520690036,0.010470773112245261,2,-1
224,track_0317054,artist_337114,-0.0014256470902975508,-0.0363798883121669,-0.03498659921911725,2,-1
225,track_0319313,artist_345704,-0.022226327909067697,-0.009831294404299449,0.02331913983997768,2,-1
226,track_0321238,artist_005681,0.00891273265817596,0.05410604990353913,-0.0334389366756728,1,1
227,track_0322342,artist_343489,-0.030230167030734747,-0.025038346635247524,0.0026484040312575834,2,-1
228,track_0324413,artist_338582,0.009250149660450676,-0.018845044470336983,-0.032217386416453234,1,1
229,track_0324613,artist_336871,0.006100553501870697,-0.03242633854563334,-0.01725080796364991,1,1
230,track_0339038,artist_350059,-0.011219562831894708,-0.028677243434578836,-0.03694117356060895,2,-1
231,track_0340879,artist_350154,0.022869036406809883,-0.03588645063052098,-0.002800286152640555,1,1
232,track_0341550,artist_350154,0.025785423206755045,-0.0038147379804313896,0.018021034702031865,1,1
233,track_0342254,artist_005240,0.04548959508071624,0.0067135570811538,0.023628218727534935,1,1
234,track_0342257,artist_005240,0.04137287612462357,0.02139670594227096,0.03110058349346843,1,1
235,track_0342259,artist_005240,0.03049191502950499,-0.026043851390415037,-0.015017534912344789,1,1
236,track_0343379,artist_007862,-0.009672503202586375,0.0013279027469576393,0.015168953071234016,2,-1
237,track_0344326,artist_350222,0.015542236727861918,0.016802134257038748,0.007210801588462694,1,1
238,track_0345913,artist_336871,0.018342090121254904,0.018040747152459596,0.015069608025906947,1,1
239,track_0347557,artist_341393,-0.009742017845754705,-0.02535082025055775,-0.010353261092324439,2,-1
240,track_0347638,artist_341393,-0.006806552548891041,-0.041582185584459745,-0.02346250946781066,2,-1
241,track_0347859,artist_340710,0.009767752737793005,0.048945631237902604,-0.03091630285201499,1,1
242,track_0347879,artist_340710,0.0017254827854534382,-0.03678883329289523,-0.033028572804693124,1,1
243,track_0355479,artist_350813,0.008013179870245505,0.006617531220931156,0.0038662590432273405,1,1
244,track_0356426,artist_340710,0.0086545841612887,0.06064625303223162,-0.032138335487735654,1,1
245,track_0360990,artist_340947,0.035279162844764934,0.018978423272512885,0.03862896171498852,1,1
246,track_0361542,artist_351032,-0.012152355199099546,-0.007175263652826462,-0.00777823629913015,2,-1
247,track_0361554,artist_351032,-0.010585130372517284,-0.025295041668975362,-0.030138668104860884,2,-1
248,track_0361979,artist_347359,0.008498554985852322,0.03454667496840219,-0.018521150997364438,1,1
249,track_0361990,artist_347359,0.0029742659044747106,-0.007403746003290028,-0.002637886027764327,1,1
250,track_0362638,artist_340947,0.02127293290760589,0.009322549239393048,-0.0045064767926337925,1,1
251,track_0364090,artist_007063,-0.027248312064448575,-0.027185256635751394,-0.011355987794787846,2,-1
252,track_0368150,artist_351312,0.032546564543027456,0.004674159505198828,0.0356467803940713,1,1
253,track_0369913,artist_004934,-0.011512916088638693,-0.009123979928704836,-0.012120763434246187,2,-1
254,track_0372157,artist_350722,0.008862417822646807,0.01017692287563847,-0.04705489198282098,1,1
255,track_0373165,artist_351494,-0.005719561355191316,-0.024380092249131877,-0.031112904968514734,2,-1
256,track_0382590,artist_002034,0.025023818148383677,0.0179203527578068,0.021552022934997524,1,1
257,track_0383573,artist_341278,-0.017809658515264188,-0.019781769074197528,-0.013246378354302188,2,-1
258,track_0383990,artist_007597,0.002174784039716061,0.0398069903900176,-0.016362223835658874,1,1
259,track_0384150,artist_337391,0.01182792762943964,-0.019138592050177636,0.008631888964862174,1,1
260,track_0385550,artist_005801,-0.016092425645770958,-0.03311215304859089,-0.006217471054631701,2,-1
261,track_0385559,artist_005801,0.061199670207151655,-0.01684408257459392,0.037244106115237936,1,1
262,track_0387438,artist_003944,0.0029008643874397113,-0.0012981457839992062,-0.015514433382749361,1,1
263,track_0387513,artist_352042,-0.008033700641342841,-0.019819701292290777,-0.04039597437663181,2,-1
264,track_0388473,artist_352130,-0.0014079419274858065,0.04233572282004599,-0.04328545054128948,2,-1
265,track_0389479,artist_352130,0.0032694778770220533,0.03898075891523359,-0.04206272080253121,1,1
266,track_0391373,artist_004965,0.015553968138773877,-0.021654540474496543,-0.014693534930984332,1,1
267,track_0393390,artist_350154,-0.0031627685145182494,0.0056774083421154515,-0.005046841507825072,2,-1
268,track_0396938,artist_002741,-0.012890352393115865,-0.0322349404986887,-0.011353316664576832,2,-1
269,track_0398173,artist_338447,0.01870609844366972,0.0017322025411497686,-0.007156473339933277,1,1
270,track_0398179,artist_338447,-0.0018397091612746047,-0.036528604998772536,-0.02048110022588305,2,-1
271,track_0398190,artist_352428,0.01901676327051369,-0.02357277707335872,-0.014494775202585219,1,1
272,track_0399350,artist_008094,0.02544098446049767,-0.0035836058029618816,0.0023476445325764385,1,1
273,track_0399359,artist_008094,0.020102154746468096,0.030827540560502912,0.004166271807287812,1,1
274,track_0399465,artist_008094,0.0386036788255427,-0.009612063923141713,0.01770392858266256,1,1
275,track_0399526,artist_008094,0.035936467483200056,-0.01265081740731567,0.03163940589902316,1,1
276,track_0399926,artist_351221,-0.03405772160248783,0.014549114048409108,0.036688853907516694,2,-1
277,track_0400857,artist_004934,-0.0030479726591015367,-0.022748958286358412,-0.008856732725147032,2,-1
278,track_0400865,artist_004934,-0.02778776085863842,-0.021768333857292595,0.003701372922318061,2,-1
279,track_0400873,artist_004934,-0.021553317259741214,-0.014225410168199257,0.009036605990354362,2,-1
280,track_0402057,artist_002740,0.03823450395656682,-0.002846890140695076,0.013983716779572873,1,1
281,track_0414050,artist_003786,0.049052415522944995,0.01872189783210154,0.0498764805436731,1,1
282,track_0416873,artist_337741,-0.011248681423057025,-0.0002911632961412659,-0.0078044295984250976,2,-1
283,track_0417579,artist_361044,0.024209143828516137,0.0029766293075356807,0.009203774105587289,1,1
284,track_0417626,artist_361044,0.010135881919982343,0.030991507294118294,-0.00751630800519671,1,1
285,track_0425626,artist_005721,-0.015832329349054132,0.044875050501578785,-0.021458584407011223,2,-1
286,track_0425765,artist_348064,-0.031010348850116914,-0.00899935129864615,0.022920726309647272,2,-1
287,track_0432813,artist_353741,-0.03786922692801688,0.004454178771986724,0.0562900499769296,2,-1
288,track_0433642,artist_337741,-0.0032444903918806014,-0.03045843921494366,-0.021125068046532407,2,-1
289,track_0433650,artist_337741,0.028785991095152008,-0.00067892705231132,0.013988102970838074,1,1
290,track_0442226,artist_003786,0.029062888513169523,0.026775552083684744,0.025810605041275504,1,1
291,track_0442257,artist_003786,0.04709269976269106,0.006648134768876296,0.04958092232014806,1,1
292,track_0450990,artist_007063,-0.009794534368749217,0.03133616882837626,-0.0372077639263871,2,-1
293,track_0457238,artist_338779,0.014820402484144964,-0.0249239195343504,-0.0003339320933084639,1,1
294,track_0459442,artist_352860,0.017364973250038232,0.030697777576917797,0.0006017586598891731,1,1
295,track_0461013,artist_352042,0.004322561093201405,0.015560471666952291,0.00459081687464671,1,1
296,track_0466290,artist_341968,0.0007024708446241696,0.04335948293751085,-0.013903596489258992,1,1
297,track_0467954,artist_007506,-0.01918346613683058,0.016858173506712242,0.0120822317124767,2,-1
298,track_0467990,artist_348313,0.020432584174217103,0.04377506740549933,0.00015120815164557493,1,1
299,track_0477313,artist_355362,0.04955584707851648,-0.01786399491992574,0.008959698264739488,1,1
300,track_0489238,artist_005801,0.015066227070660326,-0.030949554389795304,-0.012289122705956647,1,1
301,track_0492313,artist_338108,0.029149653061764272,0.0054972787703567545,0.01048846180761682,1,1
302,track_0493957,artist_352844,0.03634802363078475,-0.018755207770784866,0.011617369104009956,1,1
303,track_0502326,artist_002189,0.004577335026717255,-0.004203966356028791,-0.005767840870924145,1,1
304,track_0506957,artist_356482,0.026140402727922424,-0.0210567071446236,0.0012220537731625427,1,1
305,track_0513479,artist_356880,-0.04583733809919858,-0.011190252509827503,0.03953666730085326,2,-1
306,track_0516738,artist_353520,-0.009693437694888642,-0.010078841365642926,-0.0021825937854639496,2,-1
307,track_0516742,artist_340121,0.03879245770024066,-0.014106581119131583,0.008618820217714545,1,1
308,track_0516750,artist_340121,0.029165294688528968,0.022812595106816477,0.025113409542495,1,1
309,track_0519565,artist_356877,-0.009787021720374664,-0.02408419288509924,-0.01222480019570581,2,-1
310,track_0520926,artist_357359,-0.020331854861984855,-0.023856566946545223,0.0014338426940932163,2,-1
311,track_0523750,artist_355889,-0.011598532157646273,-0.029331556455258916,-0.012671672104548858,2,-1
312,track_0523754,artist_355889,-0.01410867598786764,-0.023838029616068766,-0.008216974841920669,2,-1
313,track_0523757,artist_355889,0.012864893827290466,-0.020149597919143943,-0.008316438318295436,1,1
314,track_0530326,artist_357887,0.009683689000298814,0.03429840163425971,-0.018190452106645112,1,1
315,track_0536673,artist_341968,-0.026896849444118104,-0.0017425866842178815,0.024132292832121975,2,-1
316,track_0541013,artist_358348,0.026996962215297356,-0.006888836906014601,-0.0011438159734755498,1,1
317,track_0541038,artist_337114,-0.04289176717060177,0.0017767677034070677,0.04998493466818907,2,-1
318,track_0556950,artist_358348,0.02705268949376878,-0.018967871362964465,0.00626442819675885,1,1
319,track_0568126,artist_359452,-0.0031343441622417373,-0.008687942811320955,0.02030305712125377,2,-1
320,track_0572373,artist_351213,0.01959044742277557,0.013602250034629833,-0.0011634284904342874,1,1
321,track_0575226,artist_004116,0.013864945294943252,-0.023534814997534063,-0.016707101093418972,1,1
322,track_0575457,artist_347359,0.006958840143434667,-0.041662613499047006,-0.032961560215344764,1,1
323,track_0575750,artist_359735,-0.01568962868635509,-0.024429041765457217,-0.005714549286158155,2,-1
324,track_0577965,artist_359828,-0.041369317864460624,0.031112972406843457,0.026830986524667356,2,-1
325,track_0579642,artist_007063,-0.010169099917594463,-0.0019409628040917021,-0.023097269287019447,2,-1
326,track_0579913,artist_007063,-0.016912922249160536,-0.014615271628913244,-0.0220651811505969,2,-1
327,track_0589242,artist_002740,-0.0026784836399185597,0.018621629380734948,-0.021537654275492632,2,-1
328,track_0589338,artist_359735,-0.018782404033882667,-0.016982928555478918,0.011585180002216453,2,-1
329,track_0589413,artist_355362,0.026217247071199642,-0.008084333836253628,-0.015308194266616957,1,1
330,track_0590279,artist_353741,-0.003967494370557928,-0.030375826961734687,-0.039033047241166956,2,-1
331,track_0592190,artist_350716,0.03547943542141808,-0.0145927999886255,0.03117179029882189,1,1
332,track_0594259,artist_358060,-0.008853296231304018,0.015428583560705028,-0.00071672680352563,2,-1
333,track_0594265,artist_358060,-0.004147048942015957,0.00933773439884928,-0.015737036445592146,2,-1
334,track_0594465,artist_003786,0.01829681792785916,-0.03495774436324034,-0.025512863386481344,1,1
335,track_0597313,artist_001336,0.016111278779024893,-0.01712008396885826,0.0010876969669416012,1,1
336,track_0600059,artist_341323,0.006543972344099118,0.031080642456461395,0.005525956350092153,1,1
337,track_0608913,artist_361274,0.04034006980577249,-0.033962804413468446,0.025382912381302473,1,1
338,track_0618542,artist_361694,0.05235582436148606,-0.019496893607866553,0.03850484141661346,1,1
339,track_0618550,artist_361694,0.04303588224796788,0.0010425466953257441,0.04468981210986965,1,1
340,track_0620613,artist_002189,-0.01206933643647802,-0.027745462433690898,-0.0071382148983110865,2,-1
341,track_0625038,artist_354405,0.021716786248891316,-0.025594755568388916,-0.01702292201492263,1,1
342,track_0628550,artist_352130,0.003111985064099,0.027534558085851864,-0.036009923369418134,1,1
343,track_0628865,artist_343151,-0.026970115594984988,0.008571107804607733,0.037969586640725375,2,-1
344,track_0635242,artist_337741,-0.024132778455356087,-0.025778885272605228,0.0066477261449105285,2,-1
345,track_0636313,artist_344764,0.023082021597533257,-0.008612827148003642,-0.014228515506563367,1,1
346,track_0638065,artist_343433,-0.017412973636581067,0.03945370449283217,-0.018231696631467894,2,-1
347,track_0647257,artist_347673,0.008181850393075531,0.005048459511845902,-0.01024566682058871,1,1
348,track_0647259,artist_347673,0.012652802605110683,-0.03449470364357737,-0.019419247977535466,1,1
349,track_0647538,artist_359034,0.003221053120710263,0.0220105768742873,0.0101557917950676,1,1
350,track_0647559,artist_359034,-0.027541849463172972,-0.017214602919804662,-0.0031778192406538342,2,-1
351,track_0653313,artist_363229,-0.002154412273828381,0.02358280524909577,-0.0047082032211816895,2,-1
352,track_0659890,artist_359034,-0.004540237925903982,0.026028628541121764,0.007525977195721093,2,-1
353,track_0660442,artist_008094,0.01954826914514617,0.012293353889334103,-0.0007680377559280094,1,1
354,track_0660454,artist_008094,0.042265569108725365,-0.015663269091410404,0.03402064973840908,1,1
355,track_0660479,artist_008094,0.018931507517757316,0.02109590827190388,0.0064665831134964125,1,1
356,track_0661313,artist_008094,0.02836126677443044,-0.019316402974057144,-0.0082279400011623,1,1
357,track_0661542,artist_362501,-0.03739225331716922,-0.020669566777732313,0.023470813141737507,2,-1
358,track_0661754,artist_363592,0.0036632361393649886,0.03361122997064637,-0.0366552717218178,1,1
359,track_0661757,artist_363592,-0.019365655454677097,-0.043531758513565146,-0.02491934605917117,2,-1
360,track_0662050,artist_362501,-0.039720473234396605,-0.04630779163655153,0.0026828715810908945,2,-1
361,track_0662054,artist_362501,-0.03611678392264889,-0.02728490580826425,0.016975920729119607,2,-1
362,track_0662057,artist_362501,-0.006686292187094236,0.02800635536559311,-0.023845953116156896,2,-1
363,track_0662059,artist_362501,-0.03865195140033781,-0.009098035548481473,-0.0001556714618905325,2,-1
364,track_0662090,artist_362501,-0.04549168253275817,0.0026763232332908996,0.041287147326171246,2,-1
365,track_0662190,artist_362501,-0.003705848317598723,0.061626452197630036,-0.019561274285710827,2,-1
366,track_0662442,artist_008094,0.01670128137864815,-0.02304418376420854,0.0006707568766678842,1,1
367,track_0665113,artist_341642,-0.008047884217068865,-0.016439068750902876,0.012679890660400591,2,-1
368,track_0666759,artist_008004,-0.008211363981192965,0.0015139407205469974,0.008227816142807948,2,-1
369,track_0671173,artist_362935,-0.0014166735437912263,-0.028824739704735352,-0.019267281147733923,2,-1
370,track_0671179,artist_362935,0.03993954859569599,0.015809116900775147,0.03587419677814728,1,1
371,track_0678073,artist_355460,-0.03829252690359732,0.010451824471145147,0.04642783427911238,2,-1
372,track_0682338,artist_340121,0.04758414914791737,-0.01609247386540704,0.03983461171096207,1,1
373,track_0682365,artist_340121,0.0347667600550281,-0.029778332398783962,0.002479531946560712,1,1
374,track_0685850,artist_357317,-0.00810573099570436,0.013341461009747086,0.017526777534466544,2,-1
375,track_0686357,artist_351437,-0.006717426738230308,-0.022108701461104364,-0.009907783902018498,2,-1
376,track_0686359,artist_351437,0.042837490019231345,0.0010446910170468914,0.04827823127362845,1,1
377,track_0692954,artist_356877,-0.0332420706068133,-0.010256721272584224,0.04225840933022127,2,-1
378,track_0693473,artist_357317,-0.03315138999182085,-0.006096122055169124,0.02437318673919636,2,-1
379,track_0693479,artist_357317,-0.015329072897457496,0.021617577320037253,0.005616606428254605,2,-1
380,track_0694450,artist_005721,-0.00813791010250209,0.002625307395412333,0.010900309458068802,2,-1
381,track_0698138,artist_356877,-0.03617314941174966,-0.0282718642743673,0.013036949486043257,2,-1
382,track_0699090,artist_351032,-0.0019615776489090666,0.03779766165961361,-0.03027139327479361,2,-1
383,track_0700573,artist_352114,0.02313763530767369,-0.011406164307713896,0.017347156106555763,1,1
384,track_0701779,artist_003581,0.005224839489437781,0.0004439566292094326,0.002953121496607388,1,1
385,track_0703954,artist_340121,0.05423594774799992,-0.0143438253100363,0.01825535735499308,1,1
386,track_0704157,artist_352844,0.03288028763238879,-0.019734901700322046,0.022713854693011636,1,1
387,track_0704838,artist_357317,-0.010136334354747173,0.044151692390763574,-0.01375172584744799,2,-1
388,track_0704842,artist_357317,-0.008456976291152952,0.02959838167501964,-0.024352044046521637,2,-1
389,track_0707473,artist_356678,0.013360735845354405,0.007194874686810985,-0.008834581224815067,1,1
390,track_0708459,artist_341323,0.001893911148821273,-0.003365992304197167,-0.006250733659440414,1,1
391,track_0715554,artist_002656,-0.010370795655433453,0.006061638118774645,-0.011159650953631705,2,-1
392,track_0715557,artist_002656,-0.0020730888866574903,-0.0061920892681846815,0.009274275098306289,2,-1
393,track_0719759,artist_356877,0.029496378056324553,0.0027052506179056092,0.03351671878114776,1,1
394,track_0719850,artist_366162,-0.03350559795461185,-0.03217296465653253,0.014129073577521079,2,-1
395,track_0719854,artist_366162,0.0016780832687416424,0.010390729546493407,0.011455983251475208,1,1
396,track_0725213,artist_366456,-0.01635852762132535,-0.042319662580962876,-0.008988248367777387,2,-1
397,track_0728926,artist_004934,-0.03397953977531687,0.014819982851078271,0.026108103963705068,2,-1
398,track_0733157,artist_366701,0.015462960680138194,0.02216856762251278,0.011188063572433994,1,1
399,track_0736790,artist_355362,0.04032037395414902,-0.01820663887328654,0.007639825270042609,1,1
400,track_0742879,artist_341355,0.017421373662733726,0.0336258216263695,-0.020746324931186246,1,1
401,track_0743013,artist_337281,-0.03934836711541336,0.003211422602510496,0.05422786273689692,2,-1
402,track_0743965,artist_338582,0.03336582341322767,0.016525230517997938,0.026759473517503855,1,1
403,track_0747438,artist_337741,-0.038263623045907504,-0.020440071206931688,0.021780113552257865,2,-1
404,track_0747442,artist_337741,-0.014225315118102523,0.007156625651521823,0.003326572908028295,2,-1
405,track_0749613,artist_357317,-0.023462576485749568,0.028356616225545195,0.008790949764832868,2,-1
406,track_0750679,artist_363229,0.007106722780085863,0.036829113194553516,-0.007177367523747914,1,1
407,track_0751965,artist_367696,0.025998856358194114,-0.006056391177146265,0.021011011857052026,1,1
408,track_0753526,artist_351712,0.029795087048211502,0.008349921357643696,0.011546447584108768,1,1
409,track_0756226,artist_002189,0.008698799301575756,0.004020613501341823,-0.037676771015860235,1,1
410,track_0759290,artist_350333,0.0078688115042552,0.008203518365983622,-0.01599468915236819,1,1
411,track_0759338,artist_367988,0.0303559657791395,0.0053256686489718975,0.02154747790750679,1,1
412,track_0759342,artist_367988,0.008783669383159394,-0.00454966926988524,0.011802069024700603,1,1
413,track_0759750,artist_363229,0.019423014637282365,0.014970619634921715,-0.017007698824002705,1,1
414,track_0769426,artist_363229,-0.002898935526337018,-0.024363766743852655,-0.009525126824048144,2,-1
415,track_0769790,artist_366613,0.03379735155840284,-0.01059104049213007,0.0187345805583487,1,1
416,track_0770973,artist_367334,0.02052049471087501,-0.01686217807877964,-0.00574677022070911,1,1
417,track_0771290,artist_359034,-0.024312047346546285,-0.018666021538030767,0.008357683376518115,2,-1
418,track_0774865,artist_005240,-0.03820036894061485,-0.019296254412284667,-0.008268010124469403,2,-1
419,track_0778565,artist_366613,0.04816481633500315,-0.008209741491709478,0.02438767366782042,1,1
420,track_0783250,artist_369008,0.028432449215796365,0.009757396147447021,0.0014222637545869246,1,1
421,track_0783626,artist_369019,-0.0026741114864075512,-0.01092947520105934,-0.002677711103439038,2,-1
422,track_0784526,artist_002189,-0.02267149297811046,-0.01810634283227995,0.004763410335703717,2,-1
423,track_0785413,artist_007805,0.010490331699567633,0.040783504140452315,-0.015732791354235196,1,1
424,track_0785642,artist_007805,0.03471232642388559,-0.023233932944407322,0.025295024239507632,1,1
425,track_0785650,artist_007805,-0.0068987932455137025,-0.021834074197045014,-0.010333696291851543,2,-1
426,track_0786779,artist_369180,-0.0011587726586607492,-0.0261113538218897,-0.01764467272556566,2,-1
427,track_0789879,artist_007597,-0.0025689467052017953,-0.014154057044120358,0.001475721985800458,2,-1
428,track_0790654,artist_364644,0.025033224240247818,-0.023586975520150565,0.010334525163979686,1,1
429,track_0790657,artist_364644,0.03950356837448632,-0.0031596423175015856,0.03003801409996677,1,1
430,track_0790659,artist_364644,0.025854342377589833,-0.0070901335843399655,0.007218060302935933,1,1
431,track_0791690,artist_364644,-0.00924362950670872,-0.029891718803003068,-0.03145388559473651,2,-1
432,track_0792442,artist_361501,0.002640722177635324,0.010733767236937192,-0.01699208757478022,1,1
433,track_0795726,artist_369534,0.005296963678220645,0.015076547356271477,0.01568338438273604,1,1
434,track_0799226,artist_370191,0.03644114970882702,-0.013098719024897941,0.02949072947575782,1,1
435,track_0801459,artist_347916,-0.013403585431327117,-0.003858374628108492,0.00672157701450944,2,-1
436,track_0802279,artist_359034,-0.02442340795523085,-0.04344010545746704,-0.01393328692575908,2,-1
437,track_0802326,artist_359034,-0.012528602977226503,-0.026965638453080188,-0.000679661239398429,2,-1
438,track_0806979,artist_370314,0.005832866613422879,0.037539377184522826,-0.04801249254025849,1,1
439,track_0809473,artist_006899,-0.004750946391970157,0.012491282506662794,-0.02884948617722907,2,-1
440,track_0811126,artist_356592,0.02776485622244022,0.02647995283533961,-0.0072708441334060955,1,1
441,track_0811238,artist_344764,0.021689738959395143,-0.00972816156217503,-0.012409423119553621,1,1
442,track_0811242,artist_344764,0.029598024559185334,-0.021769895514557908,0.02100157143358284,1,1
443,track_0812226,artist_370759,0.032837368768378825,0.016057698558366026,0.027001654270289846,1,1
444,track_0812326,artist_370759,0.03359687686805748,0.007911839417574347,0.015018707787125942,1,1
445,track_0816750,artist_370714,0.02591183118550579,-0.016407743965806413,0.004065788614421704,1,1
446,track_0817326,artist_340262,-0.020364059970569507,-0.0064191715041953135,-0.008588505431305916,2,-1
447,track_0817638,artist_363229,-0.0002314285181956735,0.009534932662351952,-0.02790010320391379,2,-1
448,track_0818613,artist_002740,0.0084927268958539,-0.027872554537798466,-0.013526550352594853,1,1
449,track_0827326,artist_002656,0.01394118419748029,0.03184898795919566,-7.473869817395842e-06,1,1
450,track_0833459,artist_371031,0.005979613785533091,0.051613516956115775,-0.02579862920371323,1,1
451,track_0834579,artist_002741,-0.005818215146010793,-0.03595638959651521,-0.01286605529485598,2,-1
452,track_0836526,artist_352870,0.01711928811402435,0.06498427769480287,-0.027088719223798567,1,1
453,track_0840573,artist_371727,-0.014106919709418596,-0.0319089978442207,-0.0055581314161973205,2,-1
454,track_0843213,artist_363229,0.0016825427572624292,0.021810060907247564,-0.03020572417962136,1,1
455,track_0844690,artist_002323,-0.010914522445975187,0.03828047806415962,-0.020998384907973837,2,-1
456,track_0856979,artist_004812,-0.053673726735541355,-8.747143889708005e-05,0.062282492732943416,2,-1
457,track_0857157,artist_373002,-0.015196051472728874,-0.019742314234667862,0.007306459710519512,2,-1
458,track_0858538,artist_342854,0.02148209119757329,-0.010373694464700057,0.012329663211454553,1,1
459,track_0858542,artist_342854,0.035841530812201504,0.018696918436585386,0.02041474087557342,1,1
460,track_0858550,artist_342854,0.02795016616248303,-0.010578551026075687,0.004082085100473421,1,1
461,track_0858779,artist_373214,-0.022466924720266918,-0.033428315872118995,-0.01466122303301214,2,-1
462,track_0859973,artist_337741,-0.013570880970158449,0.004503941301076168,-0.0026750152639558227,2,-1
463,track_0865438,artist_371727,0.030927239670156127,-0.01040102112703486,0.023725253862551383,1,1
464,track_0866765,artist_369180,0.032765021241206706,0.03144030040354492,0.019609588520112898,1,1
465,track_0868290,artist_357359,-0.022818339349004152,0.03986580487564827,0.011052536505942265,2,-1
466,track_0871050,artist_002034,0.036547271122050064,-0.027653040380302252,0.0036378870496649274,1,1
467,track_0873138,artist_347673,0.03276871725305559,0.011139658769020904,0.016101316473632298,1,1
468,track_0873154,artist_347673,0.029340009363403356,0.039029534487964486,0.020361623501085696,1,1
469,track_0873554,artist_366162,-0.03283738599742168,-0.009738526467798554,0.03007323076368388,2,-1
470,track_0873559,artist_366162,-0.023801935867445518,-0.016953472572298615,0.012404811252853894,2,-1
471,track_0873565,artist_366162,-0.039837827802673864,-0.007954381985197611,0.04296183651195105,2,-1
472,track_0873613,artist_338447,0.016292649404252357,-0.03188466482458647,-0.008598695188320049,1,1
473,track_0874650,artist_338582,0.037740101273943845,-0.019693391709426,0.007792765259663242,1,1
474,track_0874890,artist_357317,-0.02445339291838604,0.02860222805330497,0.005613367602734503,2,-1
475,track_0875373,artist_337741,-0.026949110402454,-0.006753245846126223,0.009530000586992972,2,-1
476,track_0875379,artist_337741,0.0056601244237274315,0.04932994268874513,-0.01830708400741438,1,1
477,track_0877426,artist_366067,-0.014334259753799596,-0.03162675980251758,-0.019765687973761235,2,-1
478,track_0879142,artist_375104,0.0011854184055659755,0.03374943062714805,-0.008259151871567618,1,1
479,track_0879150,artist_375104,-0.005045292963068653,0.014522838153109355,0.004343778667901927,2,-1
480,track_0880665,artist_357317,-0.030480394992579162,0.048423099940778314,0.0021992214637304784,2,-1
481,track_0880865,artist_006278,0.004771272080591924,-0.0084304078144157,0.009272792533238646,1,1
482,track_0884126,artist_373067,0.028849623363627244,0.011331900613716995,-0.003403677745933465,1,1
483,track_0884659,artist_357291,-0.004961483330499589,-0.000376487289053589,-0.008526265284445228,2,-1
484,track_0884865,artist_363229,0.01905092284611903,-0.027181132389418224,0.005839199036484827,1,1
485,track_0887659,artist_002816,-0.00979333812338097,-0.020311730814636973,-0.02555867177284053,2,-1
486,track_0888290,artist_357317,-0.020518259493359208,0.012031061392307018,0.00041335033089301366,2,-1
487,track_0889265,artist_007862,-0.026575997186486327,-0.01689459615031087,-0.0069002972113774656,2,-1
488,track_0890459,artist_340121,0.047689710146905796,0.0008545121347673514,0.03673328642809426,1,1
489,track_0890465,artist_340121,0.039033356343848316,-0.013816508047217053,0.022366535861978745,1,1
490,track_0890565,artist_340121,0.03775932006188849,0.04686107109417198,0.014544808060697243,1,1
491,track_0890979,artist_362390,0.016294594495979395,-0.022706429743728173,-0.011539246158329186,1,1
492,track_0891038,artist_362390,0.017764221889242926,0.036428821242324834,-0.005759656217242693,1,1
493,track_0893426,artist_356592,0.007567850515430657,0.0012569256366070562,0.009289485402126992,1,1
494,track_0900242,artist_005240,0.012380886164143609,0.01977843148676683,0.01232620840326385,1,1
495,track_0900713,artist_378701,-0.013960612123498951,-0.002161314581348721,0.009198142461497036,2,-1
496,track_0900726,artist_378587,0.042879917457103324,0.04100280110436268,0.018528414631219337,1,1
497,track_0902079,artist_341542,-0.0032034963033846712,0.008752037702575837,-0.03208760114272604,2,-1
498,track_0902226,artist_339527,0.01818179903861123,0.005114416871327392,-0.002664764249530586,1,1
499,track_0902713,artist_001885,0.0039362531129268135,0.01408963016774001,-0.026056477211242088,1,1
500,track_0903590,artist_347673,0.04282265147272697,-0.016506166394353677,0.0074556321645130146,1,1
501,track_0908059,artist_365142,-0.007808745217408972,0.04081745728273236,-0.01603727088007193,2,-1
502,track_0908090,artist_365142,-0.017587072294482677,-0.028939019239423876,-0.012436564902041047,2,-1
503,track_0911357,artist_369180,-0.03719653054570402,0.010554437804926707,0.04002874355792779,2,-1
504,track_0911679,artist_345894,0.016121884418701625,0.012701442070692995,0.015078347301413001,1,1
505,track_0912259,artist_355362,0.02598195163313963,-0.0096334154122184,-0.008050751055312683,1,1
506,track_0912573,artist_349009,-0.016434595093008913,0.001897695291189976,-0.011311544961375446,2,-1
507,track_0913290,artist_007063,-0.015680093022800025,-0.024545828820108816,-0.02936269858116393,2,-1
508,track_0914550,artist_341542,0.008999873598584132,0.018308821991591197,-0.028472353459119547,1,1
509,track_0915579,artist_341393,-0.022873436123820215,-0.03500026362857412,-0.004052944652737132,2,-1
510,track_0915738,artist_341393,-0.008281265959215278,0.04343072451917509,-0.017264134282387017,2,-1
511,track_0916090,artist_362935,-0.0106204385895027,-0.010417199681288484,-0.025912246229602812,2,-1
512,track_0916173,artist_002208,-0.02391546287889384,0.007865329222218163,-0.0065561588534445185,2,-1
513,track_0916879,artist_007584,0.015674152788603356,0.015679308600353714,0.002529652431163797,1,1
514,track_0919938,artist_352814,-0.026561438678233126,-0.023477908221748195,0.016896322577558714,2,-1
515,track_0919942,artist_352814,-0.02056980292629734,-0.04388462443948063,-0.015440960030027316,2,-1
516,track_0921757,artist_419285,-0.001312092335577093,-0.0221499229762003,-0.01770244423110587,2,-1
517,track_0922938,artist_362433,-0.027285245454459775,-0.001087702571622426,0.021694418706635847,2,-1
518,track_0925526,artist_347673,0.030219896476078048,-0.01988606653701109,0.017150846379561907,1,1
519,track_0934042,artist_007805,0.0009377820248722737,0.0002146883587706706,-0.038593230605979606,1,1
520,track_0934050,artist_007805,-0.0016999159367104503,-0.0146913912332179,-0.025235637967055843,2,-1
521,track_0935513,artist_007584,0.015697220910814456,-0.018723785980967505,-0.00953152131262348,1,1
522,track_0938065,artist_007805,-0.014589694617148803,-0.01560511818839826,-0.013694209151517898,2,-1
523,track_0938079,artist_366415,0.0036270086068918364,-0.0424855549707128,-0.034052962973926224,1,1
524,track_0938326,artist_355753,0.03381900097853188,0.04065775921555179,0.022522331084805152,1,1
525,track_0941154,artist_343767,0.03603033287331928,0.02682264134243339,0.014565643719518523,1,1
526,track_0941157,artist_343767,0.011488556240226206,0.027520888000025737,-0.02468415130045775,1,1
527,track_0941159,artist_343767,0.045149546506738525,-0.006821564794535971,0.018885825122243002,1,1
528,track_0941854,artist_366549,-0.031432611735459866,-0.015336848661087638,0.025716875337993262,2,-1
529,track_0941857,artist_366549,-0.030858930260836213,0.01938332281660506,0.010463055310021582,2,-1
530,track_0944926,artist_338779,0.01120183924810817,-0.02075570886584998,-0.01761765302852785,1,1
531,track_0944979,artist_341049,-0.021088183036950772,-0.014025997735091045,0.018061180992865158,2,-1
532,track_0945026,artist_355362,0.04025804262384146,0.03394635084734792,0.030372705694688713,1,1
533,track_0946413,artist_005240,-0.02177468981474112,0.0023778156830091155,0.000983157753402694,2,-1
534,track_0949226,artist_005240,0.021596262413034698,0.015453823909181196,0.021735099955835783,1,1
535,track_0950579,artist_340262,0.023547998896314523,-0.018101936862974184,0.0022460118408588396,1,1
536,track_0951879,artist_347673,0.05981009985000981,-0.0225902382716791,0.016635472397324907,1,1
537,track_0951890,artist_347673,0.04612983482763306,0.0024240278908349107,0.02626034751173886,1,1
538,track_0952490,artist_361044,-0.0104176100659491,-0.02167130688178116,-0.01964849291044729,2,-1
539,track_0952690,artist_341323,-0.030073232994806003,0.003296226637139223,0.012928533131723707,2,-1
540,track_0955654,artist_363229,0.017241844157234364,-0.028200535427642417,-0.01589635762359413,1,1
541,track_0956242,artist_369472,0.02863507380766393,0.003702131980719401,0.006707244995863716,1,1
542,track_0956550,artist_366613,0.0417900143646672,-0.011386325369054765,0.03325934657752985,1,1
543,track_0957413,artist_363229,-0.0013668113700056887,-0.018934605156408706,-0.03146011804817246,2,-1
544,track_0957754,artist_005801,0.030045134506560437,0.026345803874242922,0.006330081856275271,1,1
545,track_0957938,artist_420364,0.0053409666095324,-0.0025523184195511152,-0.012743667167289101,1,1
546,track_0958479,artist_005801,0.0323700934694687,0.029439797171546284,0.027678284119575295,1,1
547,track_0958857,artist_340947,0.03717143508351029,0.023172858578042715,0.037078033738927894,1,1
548,track_0959154,artist_366613,0.056989486664586905,-0.019769821012525245,0.043115711130174886,1,1
549,track_0959157,artist_366613,0.0501077522408619,-0.014479931432231035,0.04419821647018485,1,1
550,track_0961259,artist_356592,0.004523583064267027,-0.03046254633777173,-0.024713914504051398,1,1
551,track_0961954,artist_423996,0.0250017919782732,0.00491999100558186,0.008846210972231235,1,1
552,track_0963790,artist_348254,0.015703193012502527,0.0056607597191079525,-0.012170911643513109,1,1
553,track_0964538,artist_424916,-0.01766432867301758,0.020943471113487842,-0.008551552031984917,2,-1
554,track_0964542,artist_424916,-0.035771674093843374,-0.017769394291937128,-0.003645033766775589,2,-1
555,track_0965313,artist_367887,0.011070740950109006,-0.007443802770294537,-0.007703242214179679,1,1
556,track_0965438,artist_367887,0.026042639183709717,0.024816191171406637,-0.009955855699835188,1,1
557,track_0965442,artist_367887,0.0003050890946354732,-0.026698453615607187,-0.017814555089807758,1,1
558,track_0965450,artist_367887,0.008399475248099269,-0.03574529390303191,-0.02985216883458418,1,1
559,track_0965790,artist_423996,-0.0006767308021516477,-0.004613409931566013,-0.007576154594618681,2,-1
560,track_0966113,artist_005801,0.011384167940504517,0.005934289170221846,-0.00016770706785307736,1,1
561,track_0966857,artist_425159,0.025285570293040648,-0.01296442370316986,0.0006148475357281435,1,1
562,track_0967238,artist_350774,-0.014951695230483496,-0.021215532986693233,-0.011081159821926636,2,-1
563,track_0967242,artist_350774,0.00012106068520845479,0.044812017481445976,-0.0036697423510106916,1,1
564,track_0967573,artist_342854,0.05390716111411829,0.021915257917423145,0.052855624659926666,1,1
565,track_0968979,artist_336621,0.0027262837049769322,0.026941632042555414,-0.043556673520529596,1,1
566,track_0970850,artist_004729,0.0001728819653870549,-0.0236979613401956,-0.011148456092615956,1,1
567,track_0970879,artist_004729,0.0027306146250133095,-0.028336444048950908,0.003073742956339107,1,1
568,track_0972173,artist_366613,0.03148749512749905,-0.013555395637266755,0.011147110479823504,1,1
569,track_0972626,artist_005240,-0.02326068457431803,-0.021826489158989607,0.007196866020198829,2,-1
570,track_0973250,artist_000560,0.000609637046516855,0.00835046716296784,-0.028103974815877165,1,1
571,track_0973254,artist_000560,0.020062159780116294,-0.02159817976866319,-0.0025712305694923342,1,1
572,track_0973754,artist_375104,-0.005205747902870923,0.014237522939707868,0.004316870289402542,2,-1
573,track_0973757,artist_375104,0.0008788480632745726,0.03212715557452771,-0.023835370422973883,1,1
574,track_0974965,artist_006987,-0.02315758920727407,-0.008432665397316795,0.004964124833899733,2,-1
575,track_0975526,artist_365142,0.021633430063263265,-0.006399823015443793,-0.013163926603529929,1,1
576,track_0976713,artist_347673,0.013419986988778746,0.010642287383313792,-0.012540688542763028,1,1
577,track_0976779,artist_421686,-0.010240276829559523,0.03071501247540142,0.006455490414734211,2,-1
578,track_0976790,artist_421686,-0.03792664749015341,-0.018704690532677783,0.003249725288494891,2,-1
579,track_0979838,artist_427108,0.04058799507839836,0.012309109734019929,0.034204497035571664,1,1
580,track_0979842,artist_427108,0.03781397371480397,-0.0032324444614533826,0.029500691983964385,1,1
581,track_0979850,artist_427108,0.036330106310865924,-0.01499945263465334,0.012220756547000696,1,1
582,track_0979854,artist_427108,0.037308194020216796,0.011069563657263078,0.038493006732149324,1,1
583,track_0979857,artist_427108,0.020653201056507375,-0.011150373808822408,-0.003969971216872703,1,1
584,track_0979859,artist_427108,0.028802266005427873,-0.009844796098549234,0.00810401975929711,1,1
585,track_0979865,artist_427108,0.033849888404246645,-0.0005068854447296072,0.019068049860660966,1,1
586,track_0980765,artist_365142,0.026003069692170408,-0.00901564992308947,-0.0011355880371933932,1,1
587,track_0981257,artist_375935,0.031883438419827714,-0.012536632942446063,-0.005363844314001076,1,1
588,track_0981913,artist_007584,0.00826186668724051,-0.005993078384792657,-0.021773878727100345,1,1
589,track_0982390,artist_364878,0.005836238341152505,0.018428837193902738,-0.028064017087574902,1,1
590,track_0983938,artist_370822,-0.004958558570807501,-0.042418816890378394,-0.022104177034563056,2,-1
591,track_0984513,artist_368880,-0.03811326660480254,-0.026643373304727085,0.020802565155119936,2,-1
592,track_0984754,artist_007584,0.026026981273070397,-0.0007544122966164755,0.022842641020686283,1,1
593,track_0984990,artist_428049,0.024163971700296737,0.017695886550960757,-0.007664615216208886,1,1
594,track_0986590,artist_007805,0.04319797019771463,0.008441937649589702,0.03010269595954476,1,1
595,track_0989065,artist_000560,0.009203695005035657,-0.010744126351443548,-0.0338331328489588,1,1
596,track_0989073,artist_000560,0.03377175333601292,-0.029366278766238176,0.005331121730649798,1,1
597,track_0989713,artist_347673,0.00015604578744409084,-0.0055684889568047265,0.010969897492680795,1,1
598,track_0989850,artist_006905,0.0015051080668267065,-0.0044723873105076625,0.01752811554452266,1,1
599,track_0989879,artist_357359,-0.032729241639234755,-0.007807347499962182,0.024833932050380966,2,-1
600,track_0993757,artist_428971,-0.016514533177310546,0.026752375335594925,0.0035386506858842122,2,-1
601,track_0993759,artist_428971,-0.03812035856505914,0.006037926578058675,0.04467350981915158,2,-1
602,track_0993765,artist_428971,-0.011890588679760047,0.0058159177681786235,-0.015369277553618258,2,-1
603,track_0997273,artist_428971,-0.04428480041672868,0.01168447481267854,0.04765136433061735,2,-1
604,track_0997279,artist_428971,-0.00456916784475012,0.03126550988204065,-0.011949921147082265,2,-1
605,track_0997879,artist_375935,-0.02363956846054506,-0.02834428124415639,-0.007383177815124693,2,-1
606,track_1000113,artist_355362,0.02003880946066269,0.04375032050351821,-0.0267840184109931,1,1
607,track_1003073,artist_355274,0.028553853085448867,-0.016600126800359355,0.010972751814373067,1,1
608,track_1006557,artist_337741,-0.009013305648025544,0.035991133850406865,0.005148023554350721,2,-1
609,track_1009350,artist_367979,0.01192722666372451,0.047135308110758924,-0.03879524067359091,1,1
610,track_1009354,artist_367979,0.009451596471985306,0.05053724580448615,-0.03294214757431582,1,1
611,track_1009673,artist_007063,-0.001807668826939651,0.03866611338024249,-0.02861593013352378,2,-1
612,track_1010665,artist_002034,-0.03217163468326467,0.007765256167258985,0.04402970136713455,2,-1
613,track_1010826,artist_000560,-0.017327161073566556,-0.024998841085801617,-0.026749665823498508,2,-1
614,track_1010979,artist_007584,0.01807211268480087,-0.008212653195441658,0.006217994118993281,1,1
615,track_1011650,artist_431049,-0.011459536815115691,-0.02607587566270228,-0.01608480588596002,2,-1
616,track_1011950,artist_002054,-0.0006721019569189039,-0.03492909305499202,-0.021023716407597474,2,-1
617,track_1011954,artist_002054,0.017806738136070706,-0.011287532774454677,-0.00917822669341757,1,1
618,track_1011957,artist_002054,0.026707817044122135,-0.014888487692091622,0.006883679916410082,1,1
619,track_1011959,artist_002054,0.022425753862428875,-0.019462005358252557,-0.0031278468596737325,1,1
620,track_1011965,artist_002054,0.024039862838012994,-0.007912697745526965,0.004059740578371672,1,1
621,track_1012513,artist_431049,0.0006520969728086782,0.0567435994367064,-0.024175167760374233,1,1
622,track_1012642,artist_431325,0.03616964414874545,-0.02442127023605493,0.0258789900301605,1,1
623,track_1016179,artist_004934,-0.02032474986911303,-0.03339622899176114,-0.029347745763860653,2,-1
624,track_1020438,artist_373547,-0.0037603988563835134,0.04244410419455506,-0.011661131613301791,2,-1
625,track_1021750,artist_428971,-0.01663604659155486,-0.009422366620366437,0.005672910902349079,2,-1
626,track_1021754,artist_428971,-0.03192386294489223,-0.015759623036107114,0.01094833262796858,2,-1
627,track_1021913,artist_002741,-0.025760340730163936,-0.041741250134852304,-0.03670599577656017,2,-1
628,track_1022250,artist_432521,0.03033627977809657,0.00833585421885718,0.00953771746198248,1,1
629,track_1022254,artist_432521,0.024682669955961026,-0.015514568294504354,0.00384880197448127,1,1
630,track_1022638,artist_007584,0.02496264039190103,-0.026009173743446804,0.014099741783679592,1,1
631,track_1023138,artist_340121,0.05585500866397,-0.0027606613324671625,0.038152093963750904,1,1
632,track_1023265,artist_432273,0.03013952574568254,0.0031907753707650153,0.02623793236709559,1,1
633,track_1023273,artist_432273,0.009172323752068112,-0.005454338712724271,0.007692036571376141,1,1
634,track_1023279,artist_432273,0.03582117699690444,0.028952220088721857,0.02585369813932063,1,1
635,track_1026090,artist_366162,-0.035407883995283246,0.0036990074545532356,0.04691224109851214,2,-1
636,track_1026957,artist_432967,-0.0042812360669753635,-0.02803735353256975,-0.010414479594163605,2,-1
637,track_1027159,artist_432967,0.020124913660964916,-0.02094441313102631,0.0037527234019104146,1,1
638,track_1027573,artist_361694,0.020647458843549075,-0.008057707314008499,0.02032601410128983,1,1
639,track_1027913,artist_005240,-0.0038882523820505206,-0.0006236510727519976,-0.0016446129017166757,2,-1
640,track_1027926,artist_005240,0.0007156345584575285,-0.03087405464780081,-0.010949898825699227,1,1
641,track_1027959,artist_360311,0.013752156620026311,0.04935774079150106,-0.014073997111939608,1,1
642,track_1028913,artist_366613,0.049739268805492426,-0.017387410378604876,0.032342723669564595,1,1
643,track_1028938,artist_375104,-0.019557482939416438,0.012761489716472169,0.0037551390597301507,2,-1
644,track_1029179,artist_004812,0.01441353570646974,-0.02394907711165403,0.010399258299166925,1,1
645,track_1029542,artist_361660,0.0065898870858183065,-0.014079975273934946,0.011913803387436282,1,1
646,track_1029554,artist_337159,0.019518266012685755,-0.004400793567640817,-0.007211523017639722,1,1
647,track_1029838,artist_003004,0.008877346121292385,0.017179656583660753,-0.0025269206780395856,1,1
648,track_1029950,artist_423996,0.0067906560960072715,-0.03197208684001909,-0.03237345959224192,1,1
649,track_1032157,artist_421279,-0.01813733779333713,-0.03655871289971934,-0.03643039023579047,2,-1
650,track_1032226,artist_379099,0.032174302335403734,-0.024380328901065885,0.010025064916403398,1,1
651,track_1032850,artist_375327,-0.014196199778835362,-0.0022798075914461425,0.01710813939897277,2,-1
652,track_1033354,artist_428489,0.002386419270221958,-0.006832519797049299,0.01876409252437197,1,1
653,track_1033913,artist_422519,0.01471040709544904,0.04142355326385203,-0.025038575609361836,1,1
654,track_1034238,artist_434091,0.0069082094798050804,0.04380679336262041,-0.025186829561930222,1,1
655,track_1034573,artist_432466,0.010132647972749544,0.03186452340254224,-0.01552211960412077,1,1
656,track_1035757,artist_339169,-0.0021123775101512957,-0.03728273938465041,-0.026791182715356278,2,-1
657,track_1035759,artist_339169,0.017429605671801986,0.00804811574865422,0.008628387421823666,1,1
658,track_1035765,artist_339169,-0.020256994831463853,-0.0007019408898630875,0.012243000564889814,2,-1
659,track_1037338,artist_000811,0.05854492219227535,-0.017978653070397803,0.04684665645598414,1,1
660,track_1038157,artist_434578,0.04357500337417414,-0.014318371596859787,0.03832214394950692,1,1
661,track_1038159,artist_434578,0.046802748070327534,-0.013501464447740029,0.03754375485464714,1,1
662,track_1039757,artist_366701,-0.00677586713334364,-0.029104069285187332,-0.03168201468892794,2,-1
663,track_1039759,artist_366701,0.02801188901671169,0.020220413954661426,-0.003375111738192951,1,1
664,track_1041157,artist_363226,-0.031325962793072336,0.024175819568295592,0.01414703321231777,2,-1
665,track_1041265,artist_434948,-0.026698715746465145,-0.0029085721605240306,0.025535025955071566,2,-1
666,track_1041557,artist_427960,0.004878525520415061,-0.02788122918579019,0.0012667930859281298,1,1
667,track_1041559,artist_427960,-0.003778562952035735,-0.023731947426264586,-0.008219245571695802,2,-1
668,track_1041957,artist_341642,-0.030001775907165927,0.00591502475019322,0.04060921802844726,2,-1
669,track_1041959,artist_341642,-0.0197649941296653,0.011272171786768117,0.0020523059947434117,2,-1
670,track_1042013,artist_434945,0.015082474229451939,-0.004550617149887176,-0.011245814475712212,1,1
671,track_1042079,artist_362636,0.011723954675172454,0.027585512227606208,0.00991031560773481,1,1
672,track_1043173,artist_359114,0.0008580976888201236,-0.02923431257491492,-0.015892594436409356,1,1
673,track_1043538,artist_375104,0.007845858874851439,0.01794698129164937,-1.4357307104995155e-05,1,1
674,track_1044779,artist_355675,-0.010629022805970006,0.029230758497953473,-0.004203000711496332,2,-1
675,track_1044813,artist_362473,-0.01718768980054132,-0.004958058123943615,0.017514875221740223,2,-1
676,track_1044826,artist_375935,-0.008919643858678715,0.029431744317367,-0.015294355155404515,2,-1
677,track_1044950,artist_005279,-0.0016724174350744667,-0.022858681933369564,-0.020533391523964044,2,-1
678,track_1045065,artist_379099,0.02273420097540121,0.014342016651459616,0.006531725346006153,1,1
679,track_1045250,artist_003944,-0.018840857112941346,-0.04057696242236167,-0.021915638741149726,2,-1
680,track_1046465,artist_005951,0.05281279265317587,0.0013378080557269717,0.058720009301175324,1,1
681,track_1046742,artist_370789,0.04587944918267489,-0.03007336857305346,0.008831854528760721,1,1
682,track_1046759,artist_361044,0.023615249935751714,-0.007068115841227196,0.01157398011719317,1,1
683,track_1047438,artist_359452,-0.01909670709286645,0.01424454518332551,0.014717598887967547,2,-1
684,track_1047957,artist_369180,-0.03128062460233044,0.005954317764828798,0.035895258870980204,2,-1
685,track_1047959,artist_369180,-0.0010521612869229804,-0.03345838845829822,-0.03240154128667327,2,-1
686,track_1048090,artist_420796,0.03326878043778047,-0.008993981874174392,0.03603227493269823,1,1
687,track_1048226,artist_375935,-0.0017802456547101758,-0.016386311996184788,0.0022385720726220957,2,-1
688,track_1048290,artist_008094,0.03535934543850488,0.03519217913954116,0.02564019437354965,1,1
689,track_1048357,artist_008094,0.046435316460672234,0.0033595292221420053,0.03480293013830999,1,1
690,track_1048359,artist_008094,0.02873107883955218,0.0004982522774692957,0.02632675082241983,1,1
691,track_1048679,artist_352172,0.03386467548364234,0.019889191569044323,0.01927128119291524,1,1
692,track_1048750,artist_008094,0.054084616200049236,-0.013471724066392441,0.0463143744923836,1,1
693,track_1048765,artist_008094,0.02080623462479264,-0.0071906313263204085,0.013094120615391659,1,1
694,track_1048773,artist_008094,0.022954283726343904,-0.013448244262263846,-0.0032951425982329784,1,1
695,track_1049513,artist_008094,0.026471886934728045,0.010440099436678164,0.03136993516386468,1,1
696,track_1049713,artist_008094,0.024319075041270174,-0.02613257008242029,0.0014002768067784982,1,1
697,track_1051173,artist_435792,0.019446953947662902,-0.03353639149456986,0.006599215021835191,1,1
698,track_1052138,artist_435725,0.038395299014680855,-0.01505141898137828,0.01785397221005567,1,1
699,track_1052154,artist_421686,-0.028640185901778283,0.015339426141893733,0.02523664902997499,2,-1
700,track_1052157,artist_421686,-0.01658306622840767,0.010196676535020833,-0.005418129237955417,2,-1
701,track_1052159,artist_421686,-0.025565328492002628,0.023208171975120553,0.0091149102082541,2,-1
702,track_1052679,artist_344764,0.03327628569273308,-0.01344397770849776,0.007183048304180233,1,1
703,track_1053054,artist_436282,-0.038619752136144034,0.007842111049754,0.05078406282644918,2,-1
704,track_1053226,artist_350115,-0.008600034000147099,0.013272789285780476,-0.009228233875962532,2,-1
705,track_1053338,artist_359617,-0.03213550088694811,-0.026133558770434915,0.009505238569735227,2,-1
706,track_1053842,artist_340225,0.03774094209422721,-0.019622229306826493,0.026022062138803956,1,1
707,track_1054342,artist_007805,0.013070460056433557,0.003781222100564952,-0.011392752843626138,1,1
708,track_1054373,artist_367887,0.011258953408195944,-0.026934564346257756,-0.03571240301769434,1,1
709,track_1054438,artist_007805,0.020674866924606565,0.019837569840378017,-0.021700706684746687,1,1
710,track_1056142,artist_349503,0.0413562289808664,0.017429377628096935,0.043007183017026204,1,1
711,track_1057257,artist_359114,0.007572472040254972,-0.002285723404403885,-0.013510362497763039,1,1
712,track_1057426,artist_436872,-0.0029352112996914987,0.061242483538662684,-0.04149911813875312,2,-1
713,track_1058213,artist_436908,0.04608987981561878,-0.018208777351287904,0.04060382977833696,1,1
714,track_1058226,artist_005544,-0.017953648744022388,-0.0007526038614173803,0.008680185366587918,2,-1
715,track_1058326,artist_366613,-0.01217724948290777,-0.002227263979877275,-0.004879135059721873,2,-1
716,track_1059973,artist_428874,0.027823501876309564,-0.015806737122162642,0.005701792553982227,1,1
717,track_1060626,artist_432545,-0.0030311446870593026,0.004829719908944511,0.00813163206571832,2,-1
718,track_1060638,artist_432545,0.0003507309006681649,-0.03436579229148192,-0.022024035848711758,1,1
719,track_1061373,artist_007063,0.006948540306387332,0.0578468554856041,-0.015197068204633495,1,1
720,track_1061379,artist_007063,-0.002813796943003565,0.039502273975206253,-0.034235440559345694,2,-1
721,track_1061413,artist_007063,-0.006105154227690766,-0.03409475178644147,-0.04606980165327679,2,-1
722,track_1061457,artist_007063,-0.020871313753969563,0.015771804223278084,0.0019868611847811027,2,-1
723,track_1061459,artist_007063,-0.014813305063044287,0.012558710370078422,-0.018829871146061453,2,-1
724,track_1061473,artist_007063,-0.006620345544356801,0.041324682765870216,-0.029967332858972778,2,-1
725,track_1062590,artist_428449,0.010468848082702625,0.017120670047879656,-0.0014400907114705467,1,1
726,track_1063179,artist_000560,0.007381696773746291,-0.022579440877014186,-0.028832800022831003,1,1
727,track_1063326,artist_437571,-0.004969990536745492,-0.028806737354045625,-0.037142370273918444,2,-1
728,track_1063450,artist_437571,-0.013818087984290791,-0.0004849214246875957,0.02245713994391106,2,-1
729,track_1063454,artist_437571,0.014974263635666717,-0.01455798019038774,0.006782962361822077,1,1
730,track_1063457,artist_437571,-0.02559983080610204,-0.003810664915872844,-0.015379592018094383,2,-1
731,track_1063459,artist_437571,-0.020837460317879863,-0.004541989430693683,0.009137819215933422,2,-1
732,track_1063679,artist_337741,-0.002036654699115414,-0.02330795223646653,-0.011078798589855497,2,-1
733,track_1064438,artist_338130,-0.0008876241690295805,-0.022075380824109172,-0.008154001832332728,2,-1
734,track_1064559,artist_377663,-0.0022822807991194132,0.00430224466122092,-0.04203355094811788,2,-1
735,track_1065626,artist_437812,0.011313099162348041,-0.0097806670965185,-0.01232479741559388,1,1
736,track_1065654,artist_340710,-0.009606121353977119,-0.03246536868088838,-0.025867274962333472,2,-1
737,track_1066054,artist_350284,0.0312978927294514,-0.03392789445037638,-0.005841075932271105,1,1
738,track_1066513,artist_437980,-0.011899798456963767,-0.003957424183402852,-0.011151814601289101,2,-1
739,track_1066526,artist_437980,-0.02976627313294705,0.0023420392575795434,0.02600395653443254,2,-1
740,track_1066557,artist_437980,-0.014910237955853526,-0.02046596227858982,-0.0018454807870104434,2,-1
741,track_1066573,artist_437980,-0.040943780619744005,-0.0034307858767896717,0.043107574069797545,2,-1
742,track_1067265,artist_438155,-0.01821569595452442,-0.002213037021714727,0.01863814297111915,2,-1
743,track_1067273,artist_438155,-0.03298062869174619,0.01037167529286389,0.04536166494876591,2,-1
744,track_1067290,artist_351337,-0.002153226880468669,-0.035825357423650506,-0.051343417333217116,2,-1
745,track_1068379,artist_363229,0.023486891942659197,0.023278504814086932,0.008222449269605466,1,1
746,track_1070113,artist_435725,0.029023098217165238,-0.01582884036556276,0.01222104514792338,1,1
747,track_1070638,artist_367887,0.032505628477347885,0.01302872858948766,-0.0010339246141793372,1,1
748,track_1072126,artist_375104,0.011077567845213162,-0.011186573741879985,-0.013028408805749157,1,1
749,track_1072426,artist_339989,0.003555636240081343,-0.012823745109635283,-0.004233037895833992,1,1
750,track_1072438,artist_339989,-0.016662339594618242,-0.00499846526695435,0.001400618826714787,2,-1
751,track_1072579,artist_430947,0.0147422074393589,0.0026367295998456198,0.002078471578679954,1,1
752,track_1072913,artist_354832,-0.022029193190343712,-0.024325624446066858,0.0107881081422079,2,-1
753,track_1073154,artist_007862,-7.127571882177201e-05,-0.0014039637856519353,-0.004858589543863682,2,-1
754,track_1073157,artist_007862,-0.011457070799179335,-0.021880887679649436,-0.01731012949649835,2,-1
755,track_1073213,artist_428449,0.007430375014069142,0.02737767558120449,-0.0017602490294065457,1,1
756,track_1073290,artist_421686,-0.003108584459532625,0.010201047323267551,-0.01726732217242563,2,-1
757,track_1073654,artist_341778,-0.019117910577679333,-0.021633704325473235,0.006443584946896534,2,-1
758,track_1074726,artist_000560,0.010791672479574264,0.04512326362560286,-0.02324026256487413,1,1
759,track_1074738,artist_000560,-0.009942475171802509,-0.013382067992700218,-0.013977825200410878,2,-1
760,track_1074742,artist_000560,0.013283809225308522,0.050326333875338615,-0.01825300999027959,1,1
761,track_1074750,artist_000560,0.002574974229541949,-0.031996045432657924,-0.040566538574465044,1,1
762,track_1075326,artist_360980,0.01786002663915825,0.05168257323497692,-0.01870108396963341,1,1
763,track_1076454,artist_340553,-0.004145157605835938,-0.020359027363131756,-0.026161271308130774,2,-1
764,track_1076457,artist_340553,0.012428512021037336,-0.02111226508923179,-0.014226439233127594,1,1
765,track_1076459,artist_340553,0.010598254410409005,0.006912684040191556,-0.02101602522703466,1,1
766,track_1076690,artist_426277,-0.010656814785422936,-0.030788777473255594,-0.009978868718808633,2,-1
767,track_1077954,artist_005240,0.01154865833171598,-0.009713601741262715,-0.004939643286603173,1,1
768,track_1078365,artist_341528,0.03735274563547944,0.0022903299022030824,0.030668973315260573,1,1
769,track_1078426,artist_438603,-0.000671777641528502,-0.025398105205762134,-0.04113504097356899,2,-1
770,track_1078438,artist_438603,0.009751218896961131,-0.014420305489577933,-0.011689373979566669,1,1
771,track_1078442,artist_438603,-0.012469416879915367,-0.027078422221739906,-0.028228305088162407,2,-1
772,track_1078450,artist_438603,0.006386864347510868,0.04351167699743828,-0.02216054871286349,1,1
773,track_1078457,artist_438603,0.007838647375849276,0.020861659950467484,-0.04215001558099161,1,1
774,track_1078465,artist_438603,0.030811780255339514,-0.02154609627572137,-0.0203512475533968,1,1
775,track_1078473,artist_438603,0.011433533303083547,-0.0028300765220618295,-0.018137835870371023,1,1
776,track_1078479,artist_438603,0.027963548946271437,0.05174958659306504,-0.0036312355528709335,1,1
777,track_1078613,artist_007805,-0.005510702868014076,-0.006905792778753046,-0.019400236617322722,2,-1
778,track_1078826,artist_433381,-0.018249228439951866,0.026596344797952504,-0.005572643296960437,2,-1
779,track_1079150,artist_375104,-0.005480385568845227,-0.036920045931292916,-0.005846697063261049,2,-1
780,track_1079157,artist_375104,-0.004281427684352643,-0.0071970555375460285,-0.029364574254413682,2,-1
781,track_1079250,artist_368762,0.013190375164824892,0.05096390782396185,-0.017994891767781688,1,1
782,track_1079254,artist_368762,0.024016643376821627,0.013749673474215416,-0.0014095745239437606,1,1
783,track_1079257,artist_368762,0.03271820092730873,-0.013292995565975688,-0.009903636793400358,1,1
784,track_1079313,artist_423996,0.023048795342711457,-0.0010603082146858575,0.003831505942443288,1,1
785,track_1079757,artist_438603,0.01308604191973464,0.053055388476040605,-0.02169855278446961,1,1
786,track_1080157,artist_438910,0.026885551611941963,-0.007572309632193481,0.018142015074017,1,1
787,track_1080165,artist_438910,0.02504928506869337,-0.0038905443262721583,0.0246602843996444,1,1
788,track_1080565,artist_438910,0.0383471138780013,-0.0027501063354616797,0.02045889313370739,1,1
789,track_1080990,artist_370789,0.013916951952094102,-0.017785100626128574,0.007779225391524199,1,1
790,track_1081159,artist_007907,0.029836312129496986,-0.0473975162525977,-0.02213075841188532,1,1
791,track_1081690,artist_352416,-0.02840709819043996,0.006078039487652902,0.019145961964168567,2,-1
792,track_1081713,artist_352416,-0.029402736504817863,0.006266688524303191,0.02907700019197193,2,-1
793,track_1081842,artist_419438,-0.0177184697475142,-0.001319757016754312,0.017115833662650685,2,-1
794,track_1081857,artist_419438,-0.027956720420920147,-0.01704917292792988,0.022154178216881426,2,-1
795,track_1081859,artist_419438,-0.017710274455005538,-0.017755777608319142,-0.0035339311991817455,2,-1
796,track_1081865,artist_419438,-0.03002989854385229,-0.01163455498461305,0.030821205190127883,2,-1
797,track_1082554,artist_352844,0.03196937969317808,-0.03138289235226042,0.004810182002177014,1,1
798,track_1082754,artist_427777,0.02427098107789813,-0.0033961167557364034,0.013655360379325068,1,1
799,track_1082757,artist_427777,0.024543744182481387,0.015419062407376727,0.0232946155371519,1,1
800,track_1082759,artist_427777,0.0006138458588941647,0.005152064129621135,-0.006527816150798347,1,1
801,track_1083213,artist_439372,-0.010595752471795682,-0.04012218801579436,-0.04250900292034231,2,-1
802,track_1083413,artist_439604,0.012842212413860436,-0.00708112958974282,-0.015278825464894915,1,1
803,track_1083526,artist_352428,0.03497829836492475,0.011335966278734186,0.025399575153688923,1,1
804,track_1083538,artist_352428,0.042065087545310756,-0.032685129939780434,0.016856644478111076,1,1
805,track_1083959,artist_373214,0.029492695873247876,-0.01298105577204481,0.011930870317272068,1,1
806,track_1084165,artist_358348,0.004771334421660386,0.0016208585679219237,-0.018343938701410795,1,1
807,track_1084173,artist_358348,0.012282755793254692,0.005613943167143322,-0.0018120122877941032,1,1
808,track_1084190,artist_439398,0.021754326977205554,-0.008273037520826131,0.005062686238966263,1,1
809,track_1084365,artist_361274,0.017306422080245385,0.018801054877456452,0.012339722495531337,1,1
810,track_1084379,artist_361274,0.0005495944283885685,-0.027491438810569525,-0.01963390306702021,1,1
811,track_1084738,artist_439604,0.04175310178254561,-0.013835572411137666,0.033935949936806986,1,1
812,track_1084742,artist_439604,0.02796487178599685,-0.010648122239874732,0.01704382459768664,1,1
813,track_1085242,artist_347673,0.011508407071669434,0.03631097219403003,-0.005235219851686891,1,1
814,track_1085279,artist_439604,0.03335210002395087,-0.010697138472998084,0.028264302532704684,1,1
815,track_1085738,artist_369391,0.027326220528169357,-0.030805358553423322,-0.012895870106210077,1,1
816,track_1085742,artist_369391,0.01850854144407347,-0.009986376281999105,0.018439647773863897,1,1
817,track_1085950,artist_370789,0.03499993540091987,0.01244166770054032,0.02482351798702436,1,1
818,track_1087059,artist_000560,0.027019197425975333,-0.028878511771987928,0.008328548937857715,1,1
819,track_1087079,artist_000560,0.04113697287055223,0.0064285467292401685,0.03376524504923507,1,1
820,track_1087090,artist_000560,0.025210039941296086,-0.02484725343786685,-0.005755874839827558,1,1
821,track_1087257,artist_378747,0.014706390375451652,0.004983648466596183,0.013365338310507848,1,1
822,track_1087538,artist_004142,-0.0009070585680112284,-0.04301243425275093,-0.03789011395595234,2,-1
823,track_1087554,artist_419438,-0.033309934249060494,-0.00754433467485558,0.01937381405118182,2,-1
824,track_1087557,artist_419438,-0.01753874333414693,-0.022914973919664423,-0.017023939918225747,2,-1
825,track_1087559,artist_419438,-0.016754862346200234,-0.03422247936546958,-0.00418638833630232,2,-1
826,track_1087565,artist_419438,-0.002988062503198251,0.04053088529969008,-0.014646423817992651,2,-1
827,track_1088579,artist_375104,-0.008246128069626414,0.012488394658874745,0.005496692135854533,2,-1
828,track_1088590,artist_375104,0.02937308967073828,0.03608673866291343,0.022143743374778736,1,1
829,track_1089138,artist_357317,-0.028492886869390353,0.014660175228531577,0.023415210676771422,2,-1
830,track_1089142,artist_357317,-0.03310740198122106,0.010967210107648121,0.04087476337382558,2,-1
831,track_1089265,artist_432564,0.006082545490911459,-0.02034726284480672,-0.03686048532989428,1,1
832,track_1089273,artist_432564,0.041107189257344336,-0.00979378238738604,0.027463637880799027,1,1
833,track_1089913,artist_428829,-0.022209527380412705,-0.007831794619162065,0.020764363123476706,2,-1
834,track_1090150,artist_437571,-0.00038358569237128843,0.03144117880175792,-0.01508261504013271,2,-1
835,track_1090465,artist_439398,-0.0011915048921267673,0.0029782205368947094,-0.029230502324169738,2,-1
836,track_1090657,artist_438910,0.027918107899057333,-0.014126630455496803,0.01490229016326358,1,1
837,track_1091338,artist_437812,0.001986902967582855,-0.01480424937755249,0.013496463957179048,1,1
838,track_1092173,artist_438910,0.03786018008000322,-0.00035955824089567787,0.02626335918627473,1,1
839,track_1093426,artist_352416,-0.017227473083244692,0.00289200979441957,0.005918707424286407,2,-1
840,track_1093613,artist_378695,-0.004293819405716066,0.04238961327978628,-0.007672770662911259,2,-1
841,track_1094050,artist_350284,0.017936385793856743,-0.03109802386135016,-0.0197339228489007,1,1
842,track_1094054,artist_350284,0.02762526086176217,-0.030862689136579757,0.002384212239119156,1,1
843,track_1094138,artist_003025,-0.030530419890455577,0.005149443074080678,0.01762401686590812,2,-1
844,track_1094142,artist_003025,-0.01646355975376684,0.020657116968985652,-0.007035635259240435,2,-1
845,track_1095113,artist_428449,-0.004378179205979939,0.024997507572514933,0.0003964048985126176,2,-1
846,track_1095365,artist_386200,-0.02677917024513468,0.0032050231490870504,0.03727888794436889,2,-1
847,track_1095473,artist_437812,0.006669686120400163,-0.02352507041005408,-0.004630300015245637,1,1
848,track_1095757,artist_338779,0.016322921312907964,0.02940803565378338,-0.001262896681665549,1,1
849,track_1096057,artist_369391,0.01276672621712146,-0.01514811658075264,0.003944928384637392,1,1
850,track_1096126,artist_358348,-0.008680523806509731,-0.025964476312597507,-0.020939034115395796,2,-1
851,track_1096138,artist_439935,0.00942403800435918,0.006939218768546503,-0.004571025771878396,1,1
852,track_1096873,artist_440452,0.0021354087317962066,0.05443425632220234,-0.02422742781688287,1,1
853,track_1098065,artist_363592,-0.024355346569006675,-0.025331785236056753,0.0020690006916788037,2,-1
854,track_1098190,artist_360077,0.0012058922043521312,0.001565375783979626,-0.03591353502425096,1,1
855,track_1098826,artist_434847,-0.02367739174702155,0.030170201955423078,-0.005785561391956759,2,-1
856,track_1098838,artist_437812,-0.011699030193565536,-0.02281914100680407,-0.03361291690951783,2,-1
857,track_1099313,artist_004116,0.029410627347304992,-0.0044752142395774125,0.010797011878166951,1,1
858,track_1100513,artist_357359,-0.012863538430882131,0.017261059937939683,0.014246049158965221,2,-1
859,track_1100750,artist_437980,-0.022948000990893544,-0.004098707112942621,0.023457425276940065,2,-1
860,track_1100973,artist_437812,-0.004611530145756742,-0.025915309881960225,-0.010581017497114993,2,-1
861,track_1101290,artist_366162,-0.03623902602027511,0.010044730152036654,0.035469153291229995,2,-1
862,track_1101379,artist_357317,-0.013698727762390941,-0.007167353312983678,-0.01031729866409238,2,-1
863,track_1103259,artist_337939,0.03239730745073531,-0.007999136642144763,0.021815655089340497,1,1
864,track_1103265,artist_337939,-0.009011706221868433,-0.04002085758097688,-0.018130890442291332,2,-1
865,track_1103659,artist_423187,0.013834563647364621,-0.027624597318449243,0.013082273187735869,1,1
866,track_1104238,artist_363229,0.00660262607285966,-0.017618642587480006,-0.009940768538271784,1,1
867,track_1104257,artist_363229,0.011438239822598164,0.036332528027112135,-0.006644954656845374,1,1
868,track_1104259,artist_441841,-0.022486855180499584,0.0004622589188869754,0.0267984146433441,2,-1
869,track_1104342,artist_441810,0.0057461373624566724,-0.005946658713296767,-7.921751525472705e-05,1,1
870,track_1104754,artist_440452,-0.006362341497874029,-0.026060474396835086,-0.011393652297958062,2,-1
871,track_1105473,artist_008004,-0.03654658656702918,0.00569113692874226,0.04954126221121514,2,-1
872,track_1105642,artist_367947,0.014517505734806403,0.003186019875359867,-0.012558067283830507,1,1
873,track_1105679,artist_367947,0.020532740064759327,-0.006854094573910059,-0.00900268664976134,1,1
874,track_1106257,artist_438910,0.018814288811833765,-0.017586316705242046,0.0074282853055342496,1,1
875,track_1106259,artist_438910,0.022442080802726305,-0.008121444975958108,0.016257439112249576,1,1
876,track_1106265,artist_438910,-0.0010220908828453325,0.01564047192607043,-0.011369450619267894,2,-1
877,track_1107273,artist_366613,0.03155317242338585,-0.01167328701453753,0.000445114060952946,1,1
878,track_1107279,artist_366251,-0.022175507538937596,-0.026021744289724303,-0.03663806247098014,2,-1
879,track_1108513,artist_347673,0.03173882419084191,-0.02642211584105623,0.011038903323727839,1,1
880,track_1108554,artist_442559,-0.0015111770236964886,0.009526501188721491,0.00013792052458877404,2,-1
881,track_1108659,artist_006916,-0.041489933340718654,0.012047231099746042,0.053704775763311854,2,-1
882,track_1108959,artist_442612,0.024943724283181024,-0.0017465196977540125,0.02381077635531311,1,1
883,track_1108965,artist_442612,0.017664355241028266,-0.0033828176899804753,0.018436162461643594,1,1
884,track_1109057,artist_356326,0.008119246361491349,-0.0033449688758069285,-0.014133918809650642,1,1
885,track_1109742,artist_007635,-0.021557776332674396,-0.01695172527853943,0.0002956087046444137,2,-1
886,track_1109765,artist_436872,0.0030698489450995434,0.03635975166057682,-0.042904074330921506,1,1
887,track_1109773,artist_436872,0.0063808734122576165,0.021498918395548936,-0.04426730005818704,1,1
888,track_1109813,artist_437998,0.029187254512079975,0.03427921521353178,0.007777112709096318,1,1
889,track_1109879,artist_441505,-0.014234277897508422,-0.023118574599766965,0.004641113874196392,2,-1
890,track_1109890,artist_441505,-0.016378658719559736,-0.014387196657201746,0.020436570558256564,2,-1
891,track_1109954,artist_441505,0.0012020155882661203,-0.02122695395636616,0.014576456624444357,1,1
892,track_1110013,artist_441505,-0.012214126869267329,0.008014457110795422,0.018969864928521474,2,-1
893,track_1110026,artist_441505,-0.0048011539142790525,0.003875100987881343,0.002320763280016267,2,-1
894,track_1110057,artist_436558,0.005849936224841702,0.05179146903452773,-0.030740434659727513,1,1
895,track_1110059,artist_441505,-0.01994925355622584,-0.002097763469404774,0.007428133269215633,2,-1
896,track_1110065,artist_441505,-0.03205929509560186,-0.010259894644086973,0.03604171583318422,2,-1
897,track_1110073,artist_441505,-0.0289152829132392,-0.017441278758388707,0.00735029213573665,2,-1
898,track_1110513,artist_441505,-0.027508832023437985,0.002184666741546132,0.04041040329788114,2,-1
899,track_1110526,artist_441505,-0.028569018648073468,-0.0031980451052320644,0.03480043512493025,2,-1
900,track_1110538,artist_441505,0.02015697905698249,-0.017469087828793764,0.013826450626922357,1,1
901,track_1110750,artist_441505,-0.009781243001819314,0.01449907912787782,0.014844688883728634,2,-1
902,track_1110754,artist_441505,-0.013779867097309214,-0.0006825121487739672,-0.0013355676243738037,2,-1
903,track_1110757,artist_441505,-0.019692133442673503,-0.023217103860944336,0.017723657208804644,2,-1
904,track_1110759,artist_441505,-0.015862466332491613,-0.005339472156248671,0.014635515768641085,2,-1
905,track_1110765,artist_441505,-0.026354279065898736,-0.03320631866239659,0.008741090642013496,2,-1
906,track_1110773,artist_441505,-0.0286895239284759,-0.004929806142743237,0.03569308069210004,2,-1
907,track_1110779,artist_441505,-0.011566340872070504,0.016455624874614425,-0.0033058932030423636,2,-1
908,track_1111738,artist_442664,-0.011060330330651704,-0.022226117653565882,-0.025947899448497517,2,-1
909,track_1111742,artist_442664,0.017344583776875783,0.025466787265782744,0.006271748677790257,1,1
910,track_1111973,artist_441505,0.023942033061768734,-0.026766587290894976,0.006615653256637724,1,1
911,track_1111979,artist_441505,0.0015372341833426043,-0.006602368878462578,0.009334947856813852,1,1
912,track_1111990,artist_441505,0.032816695062936614,-0.010621231133099615,0.03335416061536665,1,1
913,track_1112013,artist_441505,0.04120889428440595,-0.005635901376248507,0.04000739544485047,1,1
914,track_1112026,artist_441505,0.023379118191610555,0.010851012607970823,0.010583337498946003,1,1
915,track_1112054,artist_441505,0.0007068060747702422,-0.01036139435322985,-0.012422575668040703,1,1
916,track_1112057,artist_441505,0.0188438041876564,-0.02023539320264334,-0.00994209291609241,1,1
917,track_1112059,artist_441505,0.02430906757572123,-0.025172789134088578,0.01508777832550973,1,1
918,track_1112065,artist_428449,0.018912058501481976,-0.022705012270820158,-0.010370180704091948,1,1
919,track_1112173,artist_438966,-0.02539492390300363,-0.017068103677621134,0.01154691251786849,2,-1
920,track_1112338,artist_441505,-0.016534505726358867,-0.010592963731404887,0.0031318977644172303,2,-1
921,track_1113613,artist_340663,0.023644877026188782,-0.011199023576117587,0.013408228847222656,1,1
922,track_1113973,artist_340225,-0.029591946676169042,-0.00015225279841574353,0.034492225227706445,2,-1
923,track_1114038,artist_437980,-0.018334734091698127,-0.03773508005160601,-0.027740444713759912,2,-1
924,track_1114938,artist_004965,0.002867016711360672,-0.004772742813340433,-0.016581010796382283,1,1
925,track_1115613,artist_441505,0.0014369889311335933,-0.006367715035178259,0.014188415533146231,1,1
926,track_1115626,artist_441505,0.02219667828100581,-0.008032170228826394,0.02576721238391461,1,1
927,track_1115642,artist_441505,-0.0033995102119738084,0.016137817704348262,0.011912491618972348,2,-1
928,track_1115679,artist_441505,-0.006831239740372291,0.012010831376040674,0.008614821032300605,2,-1
929,track_1115690,artist_441505,0.021049912695729218,0.00925882554604188,-0.005248610063768027,1,1
930,track_1116938,artist_423996,0.02707110855207089,-0.009633191733986503,0.005898728051839272,1,1
931,track_1116942,artist_423996,-0.006263857157782004,-0.015182092066300164,0.010337530783814252,2,-1
932,track_1116950,artist_423996,-0.005825856382559528,-0.01837373434031559,-0.00892968752789287,2,-1
933,track_1117565,artist_443173,-0.03404210096457532,0.005319529124161744,0.03598667095441122,2,-1
934,track_1118090,artist_438910,0.024501443172029708,-0.007476894781183015,0.0019306649309435765,1,1
935,track_1118542,artist_366940,0.0142608190984419,0.030800586381775692,-0.01918301276883438,1,1
936,track_1118838,artist_438910,-0.008562345234599901,-0.02859929159087559,-0.020147997786698738,2,-1
937,track_1119738,artist_375104,0.01827402489590898,0.04530078249615976,-0.005362808599869338,1,1
938,track_1119938,artist_000560,0.012918379399888645,0.03296460528626535,-0.0364342249170046,1,1
939,track_1119942,artist_000560,0.0060955803920252245,0.00023941210064915862,-0.03908859103390134,1,1
940,track_1121413,artist_443553,-0.02806469164906471,0.006251505130718805,0.027016969356230942,2,-1
941,track_1121426,artist_443553,0.011844712768758923,-0.005298863028292482,0.007114756127791518,1,1
942,track_1121438,artist_443553,-0.028356096066351675,0.00681396417269151,0.030160059821051136,2,-1
943,track_1121442,artist_443553,-0.022435771577736744,0.03783500233590063,0.003555666040449763,2,-1
944,track_1121457,artist_443553,0.013076907104200383,0.002433711537569695,-0.005016071539562454,1,1
945,track_1121459,artist_443553,0.017907814361379965,0.0026801194007708847,-0.017511129177720717,1,1
946,track_1121465,artist_443553,-0.026991784849012043,-0.023745620438670522,0.012678333453803571,2,-1
947,track_1121554,artist_443569,-0.005429013792925848,-0.012274267350313412,-0.007462074145860489,2,-1
948,track_1121559,artist_443173,0.00024148803360567045,0.03491194239964938,-0.018834077066263378,1,1
949,track_1121565,artist_443173,0.011466974191659044,-0.007097578573727023,-0.002012351863016239,1,1
950,track_1121813,artist_367947,-0.00825230282586448,0.01851768254653626,-0.014260040093734225,2,-1
951,track_1121826,artist_367947,0.014406192454931627,-0.007831665536035851,-0.00426850435449775,1,1
952,track_1122013,artist_437998,0.023008861205066303,-0.00911203862877349,-0.0048861535980034825,1,1
953,track_1122913,artist_428874,-0.008624972026559702,0.023694576085637537,-0.016684106801475702,2,-1
954,track_1123273,artist_431049,-0.009908738349054086,-0.01966483642607483,-0.01741340842988169,2,-1
955,track_1123759,artist_428489,0.02553039801961851,-0.0028648860890355026,0.01224807698196716,1,1
956,track_1123854,artist_443769,-0.01901338942381005,-0.05450272325757848,-0.031033116637179482,2,-1
957,track_1123873,artist_443769,-0.01472206905338415,-0.022908629010241054,-0.015739498891769628,2,-1
958,track_1123938,artist_440452,-0.006290892846910413,-0.027941490094089787,-0.028164293966171955,2,-1
959,track_1124713,artist_432273,0.027751680212280794,-0.016399933066943317,0.010086356947323492,1,1
960,track_1124726,artist_432273,-0.031029115412066686,0.004818388817199618,0.032280095443512194,2,-1
961,track_1125513,artist_352184,-0.013535124800078565,0.016741376907310763,0.00041413588691044715,2,-1
962,track_1125673,artist_375104,-0.010782815144668258,-0.013465702934864389,-0.0004700199781912916,2,-1
963,track_1125679,artist_375104,-0.018210389470355085,-0.010719127917854268,-0.01154035472230222,2,-1
964,track_1125690,artist_375104,-0.015011632160536841,-0.011116564790892836,0.000684953989189649,2,-1
965,track_1125757,artist_423996,0.0062407707359579115,-0.015324194119328328,-0.005360363612849174,1,1
966,track_1125842,artist_437812,-0.012232850391373399,0.0009219008108762748,-0.02402559304569201,2,-1
967,track_1127390,artist_438910,0.04202215548476228,-0.014363765153043214,0.013977609415671105,1,1
968,track_1128890,artist_433123,0.024992338602347983,0.003992173449197241,0.01620228214906336,1,1
969,track_1129026,artist_433123,0.005310046084519417,-0.0004852824778371214,-0.010626408508076439,1,1
970,track_1129342,artist_365532,-0.020852165767499053,0.021231155804149433,0.0022963301737682256,2,-1
971,track_1129413,artist_340262,-0.04056782617721534,-0.0003522746746642335,0.040342936176387324,2,-1
972,track_1129459,artist_002986,-0.04408272914705509,0.0022119576775401356,0.04115427202501186,2,-1
973,track_1131173,artist_352428,0.025321211870288317,0.024024329231791732,0.019016217205035227,1,1
974,track_1131179,artist_352428,0.02691062069840817,0.023736394378706026,0.016004642012879274,1,1
975,track_1131442,artist_444350,-0.022471515515085288,-0.03414088659584224,-0.030272204904479162,2,-1
976,track_1131450,artist_444350,-0.010627462134557857,-0.037581584851490366,-0.028361915602391034,2,-1
977,track_1131565,artist_340121,0.026987715216056,-0.02164515688966671,-0.007590269033462133,1,1
978,track_1131573,artist_340121,-0.010842654959248028,-0.036084779080624886,-0.01511931383536859,2,-1
979,track_1133342,artist_434948,-0.03260026797445961,0.015455530969276663,0.02199579498183378,2,-1
980,track_1133350,artist_434948,-0.034888042020846825,0.009426346846249474,0.029968410980647696,2,-1
981,track_1133479,artist_444486,-0.007524499753509116,0.044553447725617305,-0.031039585966743895,2,-1
982,track_1133554,artist_375104,-0.012748137620618107,0.014298643703231605,-0.011703109439995774,2,-1
983,track_1133559,artist_375104,-0.0058276555624081315,0.010972618385010399,-0.013496687881352592,2,-1
984,track_1134438,artist_433123,0.024828055787229734,-0.031728741214828535,-0.004196453501472277,1,1
985,track_1134465,artist_338779,0.010504155983910995,0.023661843561926174,-0.004230217438489298,1,1
986,track_1134850,artist_437980,-0.02955594862581797,0.00013446846478787139,0.03577234998215466,2,-1
987,track_1134854,artist_448491,-0.0012144236777805297,0.003178335687712788,-0.05527301182860025,2,-1
988,track_1134859,artist_437980,-0.022391636179696868,0.017229425099207878,0.010745671951608233,2,-1
989,track_1135054,artist_423882,0.002527685549238128,0.03879436429084667,-0.01678452307963255,1,1
990,track_1135079,artist_338444,-0.03133743691673812,0.006791179834573895,0.04729024825292763,2,-1
991,track_1135157,artist_375935,-0.020254751448293876,-0.0020504849276804897,-0.005428265368941059,2,-1
992,track_1135390,artist_370748,-0.009616399622529588,0.012785015522645743,0.0138738965057975,2,-1
993,track_1135473,artist_006916,-0.008139696284988885,-0.012309372436589779,0.00703552887093278,2,-1
994,track_1135713,artist_007063,0.003154638113502905,0.0021315817255838127,-0.013491984229922468,1,1
995,track_1136338,artist_357317,-0.0315301078188753,0.009935421620139696,0.03397990838215461,2,-1
996,track_1136342,artist_357317,-0.029967345826046824,0.013575918743098622,0.02240510437299168,2,-1
997,track_1136365,artist_337741,0.0036594000749444037,-0.024803036173985802,0.004104409424449585,1,1
998,track_1136842,artist_367979,0.011460762175240653,0.04381166644176636,-0.02607055748404907,1,1
999,track_1137259,artist_448643,-0.02790263229372523,-0.019725103349572084,0.017919519274546228,2,-1
1000,track_1138773,artist_357359,-0.0326244647806309,-0.023430716953505567,0.014941185732663408,2,-1
1001,track_1139426,artist_428449,0.009787516124696844,-0.039741917158376945,-0.006845617671670905,1,1
1002,track_1139450,artist_435845,-0.021628445042199414,0.01723032503863337,0.002203308602735845,2,-1
1003,track_1139454,artist_435845,-0.027546087119565882,0.014956771964812031,0.013175502675265504,2,-1
1004,track_1142559,artist_451078,-0.03381505234551693,-0.02181161194630403,0.011977763203150915,2,-1
1005,track_1142857,artist_429523,-0.018222338908755003,-0.015550680706177267,0.01146640125109499,2,-1
1006,track_1143154,artist_366613,0.039773655374956765,-0.013437859015846033,0.03253003536977298,1,1
1007,track_1143857,artist_452142,0.005250870625553133,-0.03096464726837446,-0.02505948480800248,1,1
1008,track_1143942,artist_375935,0.016594041493381673,0.0037446939281015933,-0.008927342897966577,1,1
1009,track_1144754,artist_375104,0.0031010738426139857,-0.022546683430479515,-0.030945160857126904,1,1
1010,track_1144757,artist_375104,-0.00748521921135427,-0.020126217450673105,-0.03228335175713288,2,-1
1011,track_1145459,artist_374130,0.009516066138434663,-0.013148383908939354,0.004475413645752505,1,1
1012,track_1145838,artist_442397,-0.010571237431863865,-0.004496288937029326,-0.0014839954665209246,2,-1
1013,track_1147338,artist_452945,-0.033946215988296106,0.004036452034304987,0.02965191834536732,2,-1
1014,track_1147359,artist_452945,0.00028151632693188737,0.007272294210265932,-0.025099156216489102,1,1
1015,track_1149226,artist_357317,-0.01739102635092237,0.01726018538809317,-0.004880115976967246,2,-1
1016,track_1149238,artist_357317,-0.021709513188224252,0.02183048629954724,0.006666468904289204,2,-1
1017,track_1149313,artist_452142,0.019657842678648733,0.01330328534279993,0.013657230605102247,1,1
1018,track_1149373,artist_005240,-0.01502567108582043,-0.013342212695197987,0.01323271485122764,2,-1
1019,track_1149454,artist_005240,-0.028101174183581382,-0.030355310744954823,0.016273223255034667,2,-1
1020,track_1149573,artist_359452,-0.01888089125957693,0.011120989015004055,0.006611122464808658,2,-1
1021,track_1149713,artist_008094,0.03686862643875363,-0.009875823112306042,0.027339214726510467,1,1
1022,track_1149726,artist_008094,0.006704960232676993,-0.007939389103778647,0.0027978571098687724,1,1
1023,track_1149757,artist_347673,0.02398298660398958,-0.030794740755539757,-0.002256327746266356,1,1
1024,track_1149873,artist_008094,0.03559006877955844,-0.021126300510341582,0.006846037235317911,1,1
1025,track_1150079,artist_008094,0.02451101799687868,-0.01060090015379241,0.002412033696742548,1,1
1026,track_1150113,artist_008094,0.034320649888825376,0.025700022661166062,0.027680119266966667,1,1
1027,track_1150126,artist_008094,0.01864520010105647,0.023473889945509085,0.003407353167887507,1,1
1028,track_1150350,artist_008094,0.04304271101028645,-0.014722712998432735,0.03513507705439071,1,1
1029,track_1150354,artist_008094,0.027719247583846106,-0.003545621894607681,0.00961425989466405,1,1
1030,track_1150357,artist_008094,0.03579891952459877,-0.017672469015835444,0.017489216513256394,1,1
1031,track_1150359,artist_008094,0.029707785034260838,-0.027116531262160178,0.015138390135179406,1,1
1032,track_1150379,artist_008094,0.023121904406579553,-0.002041666627361683,0.006580902526902126,1,1
1033,track_1150490,artist_439567,-0.009523248601467907,-0.013509501362948574,0.009415391188442838,2,-1
1034,track_1150738,artist_007872,0.022231837030490764,-0.04489901977640299,-0.008601141349324326,1,1
1035,track_1151550,artist_452945,-0.019190982842470245,-0.022862445317063988,-0.01414517464854857,2,-1
1036,track_1151554,artist_452945,-0.022535325445269472,0.014307984713344194,0.005682611851449862,2,-1
1037,track_1151559,artist_452945,-0.014964849721241987,-0.01992811088831481,-0.02816016910005396,2,-1
1038,track_1152638,artist_452945,-0.0017034781763425873,-0.016638788887394475,-0.026488305503741906,2,-1
1039,track_1153942,artist_339574,0.026741380835792725,-0.02336211692343096,-0.014029245054177231,1,1
1040,track_1153990,artist_340444,-0.02036215302827702,-0.02285908429149391,-0.008188604491301781,2,-1
1041,track_1154279,artist_441699,-0.011898826037432088,-0.011426692921415052,-0.02342734900968037,2,-1
1042,track_1154338,artist_375104,-0.04398426657397018,0.02306714885266679,0.029973029665729938,2,-1
1043,track_1155054,artist_454134,-0.009395289921207696,-0.018388816407776183,-0.03582347058576853,2,-1
1044,track_1155057,artist_454134,-0.009743368745581045,-0.02354342412828261,-0.03268772026710774,2,-1
1045,track_1155059,artist_454134,0.005848219971707464,0.014229756785309432,-0.02579656974830354,1,1
1046,track_1155157,artist_432273,0.0071965188100198635,-0.005704659409533232,0.0010421667293585497,1,1
1047,track_1155559,artist_362955,-0.01171428477969974,-0.02886080686819682,-0.03345141364842646,2,-1
1048,track_1156042,artist_439289,0.009040964379628575,-0.0006248153296391515,-0.0032528458450363368,1,1
1049,track_1156573,artist_371382,-0.027784154154539133,0.007583973736502588,0.03964413089795622,2,-1
1050,track_1156579,artist_375935,0.007756183345063944,0.05240767267347029,-0.03502888802456554,1,1
1051,track_1157350,artist_381661,0.015452427768888277,-0.0038263586260287906,-0.022285202793748064,1,1
1052,track_1157357,artist_381661,0.050723424244801606,0.0014678260249394507,0.04841339107799329,1,1
1053,track_1158173,artist_432273,-0.00584956350713833,-0.0032061207608320963,-0.0248679997860624,2,-1
1054,track_1158965,artist_450929,-0.04861367153726256,0.006536924813676187,0.042166647100299846,2,-1
1055,track_1158979,artist_357317,-0.028794087867170116,0.003705471940245037,0.04138106630172693,2,-1
1056,track_1159259,artist_442381,-0.016973460176179896,-0.004441487092532822,0.012108848810871502,2,-1
1057,track_1159659,artist_455072,-0.0007678376536237223,0.02488678058402115,-0.02651926551657685,2,-1
1058,track_1159665,artist_455072,-0.005433705598051054,0.04175328724662459,-0.0077738905983773055,2,-1
1059,track_1159690,artist_437812,0.008245575625325177,0.030184122054537448,-0.0008955704536776012,1,1
1060,track_1159738,artist_435953,-0.005655755402674511,0.0025028906136105008,0.01013737997868392,2,-1
1061,track_1159742,artist_455072,-0.003429647874792322,0.035858290100368916,-0.03696393975511856,2,-1
1062,track_1159859,artist_455091,-0.003242579885952065,0.007862715249848716,-0.017589046792695465,2,-1
1063,track_1160273,artist_443553,0.03202513319323696,-0.01194289808567359,0.033597167777527776,1,1
1064,track_1161157,artist_002656,-0.011319201829360541,-0.015515103981442825,-0.010407481870038036,2,-1
1065,track_1161459,artist_375104,-0.00034899135930853447,0.012929426690109286,-0.006462602558860169,2,-1
1066,track_1161938,artist_357359,-0.025303744595081834,0.00848067219733237,0.02862731594966051,2,-1
1067,track_1162013,artist_004777,0.0069639810552398285,0.05531021302623736,-0.034095185434245064,1,1
1068,track_1162938,artist_455463,0.0166631110854747,-0.01872984059518294,-0.004561661723421812,1,1
1069,track_1162942,artist_428877,0.024195259304045792,-0.02823043570728474,0.003176646411736587,1,1
1070,track_1162954,artist_438910,0.03051121720818813,-0.008929961670299975,0.025241819308563968,1,1
1071,track_1162957,artist_438910,-0.0055006661499666975,0.011981864511784282,-0.021219752455022604,2,-1
1072,track_1162979,artist_455689,0.03159385735482296,0.007650353936687406,0.02983638194258987,1,1
1073,track_1163350,artist_347673,0.022382710966428493,-0.024904011845861142,-0.011876122263011104,1,1
1074,track_1163779,artist_370988,0.013767656463474368,0.014441890684369746,-0.026104123088387842,1,1
1075,track_1163965,artist_455760,0.021365760251398244,-0.021643173893732562,0.002130930332415715,1,1
1076,track_1164050,artist_341459,0.005514175605478267,-0.01830270002027999,-0.02113306504406919,1,1
1077,track_1164338,artist_353294,0.02005662481115705,-0.015782009997308968,0.011595206172311315,1,1
1078,track_1164465,artist_437980,-0.02367033390062041,-0.02492304120984422,-0.021657772166558724,2,-1
1079,track_1164479,artist_437980,0.006318470186074542,0.0033767819164372804,-0.03185061102726393,1,1
1080,track_1164990,artist_007805,0.03841173137776599,0.0005274842931293632,0.02776192583206931,1,1
1081,track_1165173,artist_352416,-0.016143763869823358,0.016163598877603286,0.005739818131874644,2,-1
1082,track_1165179,artist_352416,-0.004127903406021323,-0.046125837553752824,-0.04190933604787676,2,-1
1083,track_1165465,artist_455057,-0.001747013916289296,-0.03137330305988763,-0.020632529804931486,2,-1
1084,track_1165473,artist_455057,0.01996880338395915,0.006923332078467041,0.018628075422199592,1,1
1085,track_1166090,artist_437980,0.007666196385525519,0.014701185441640344,-0.007466234375004683,1,1
1086,track_1166150,artist_005240,0.021149427601050146,-0.02125862810375906,0.00023953397258185178,1,1
1087,track_1166159,artist_005240,0.0036406642407639557,-0.013304903452144011,0.0063368825083117055,1,1
1088,track_1166679,artist_442397,-0.02061787773520306,-0.003106010398356819,0.0001417486133585823,2,-1
1089,track_1166926,artist_007805,-0.0021799670419155206,0.014665877116615674,-0.03158732683658195,2,-1
1090,track_1167073,artist_367887,0.035356699296400645,-0.006941095883600498,0.035246281813501194,1,1
1091,track_1167079,artist_367887,0.019269910019883423,-0.017538753608160797,-0.005344464345954671,1,1
1092,track_1167557,artist_375104,-0.024343833030404542,0.012391290923697354,0.011902034918760372,2,-1
1093,track_1167565,artist_375104,-0.006133210604695577,0.03723544104078926,-0.02967778082877347,2,-1
1094,track_1167873,artist_456650,0.0013809012993212764,0.056016377717470055,-0.031293665045792084,1,1
1095,track_1167954,artist_451073,0.01805317030172558,-0.007444931779053315,0.0202998435141494,1,1
1096,track_1168479,artist_367887,0.0039331201026525965,0.06370765423901444,-0.03538407807734878,1,1
1097,track_1168813,artist_448635,0.008776580178828606,0.0423264394829581,-0.015490292733595683,1,1
1098,track_1169057,artist_374229,-0.04452552656844646,0.014550096399756015,0.04284028371507477,2,-1
1099,track_1169059,artist_374229,-0.006842731502307583,0.03831998006472468,-0.019653797118114536,2,-1
1100,track_1169526,artist_362473,-0.02013140349089875,0.015290989097032515,-0.010857731151554842,2,-1
1101,track_1169713,artist_338649,0.026567077530614817,0.008675281558544886,0.0025546726634894886,1,1
1102,track_1169726,artist_338649,0.01947128312800635,-0.01775586100905374,-0.01003379431679909,1,1
1103,track_1169942,artist_457223,-0.01830330108487269,0.009270320724606517,0.024710708572475794,2,-1
1104,track_1170413,artist_455493,0.03252939050821516,-0.02410035518239751,0.02018937870975642,1,1
1105,track_1171150,artist_368975,-0.002092112986605807,0.018644417710057978,-0.020777340888313657,2,-1
1106,track_1171238,artist_375104,0.017238278484043926,-0.012078346010526651,0.01773724506523267,1,1
1107,track_1171250,artist_375104,0.013103070193179706,0.017886334596387946,0.011899409077892109,1,1
1108,track_1171254,artist_375104,-0.021556232585225682,-0.013447562772392958,0.0006683161160475886,2,-1
1109,track_1171550,artist_370490,0.014938512394253875,-0.03922368497699507,-0.02625436542724573,1,1
1110,track_1172557,artist_435725,0.011883062509394467,-0.02854487773758672,-0.015064149817925457,1,1
1111,track_1172565,artist_435725,0.043547397858078506,-0.017599894538053835,0.024508338209280757,1,1
1112,track_1173138,artist_338447,0.01174464665522284,-0.02841300441275384,-0.025605084996840936,1,1
1113,track_1173142,artist_338447,0.018664046275068485,0.03248184394882173,-0.001396423603666309,1,1
1114,track_1174090,artist_337741,0.030791404343743323,-0.02187751296616059,0.019316607479537617,1,1
1115,track_1174442,artist_352230,-0.001553314387239195,0.028348203358680654,-0.028744071761740878,2,-1
1116,track_1174465,artist_457860,-0.011996974122237741,-0.01309725875557575,0.010643299638205962,2,-1
1117,track_1176150,artist_457205,-0.008170653443267156,-0.02103247236528588,-0.025889575682124737,2,-1
1118,track_1176413,artist_457998,0.010153483023303114,-0.022394933396538502,-0.007337417296694508,1,1
1119,track_1177354,artist_458036,-0.02686213573605886,-0.009893350920197561,0.024087151553421136,2,-1
1120,track_1177757,artist_437571,-0.0027341290896966183,0.015589904629949412,-0.028949748627909812,2,-1
1121,track_1177790,artist_437571,-0.00036209799366274,0.03131350410168048,-0.02511582171163108,2,-1
1122,track_1177890,artist_438603,-0.001336514958374477,0.012565895522346144,-0.0460927289039602,2,-1
1123,track_1180613,artist_007349,-0.01826933337552088,-0.023556114248629006,-0.009239369789376022,2,-1
1124,track_1185757,artist_003944,-0.023595854659484543,0.006616321473647912,-0.008062667384499289,2,-1
1125,track_1185765,artist_003944,0.006800710443175889,0.05131448355764719,-0.01421210063284415,1,1
1126,track_1185773,artist_003944,0.026996926732083433,0.02198793038881958,0.02585050210228335,1,1
1127,track_1185779,artist_003944,0.007583687852756271,-0.016743162312816202,0.0001421454197089589,1,1
1128,track_1185790,artist_003944,-0.002891888533910666,-0.024582767760458632,-0.0055544196943874465,2,-1
1129,track_1186026,artist_375104,0.0038048742677570164,0.046747720835030156,-0.02190675697939788,1,1
1130,track_1186165,artist_457665,-7.42062128114251e-05,-0.030112674025137995,-0.028098755118458503,2,-1
1131,track_1187479,artist_434945,0.03624836089293774,0.004244520538095901,0.027359145632183,1,1
1132,track_1187642,artist_005365,0.010174083439628964,-0.01285682562236912,-0.008374559912048728,1,1
1133,track_1188126,artist_434337,-0.04211753915601554,0.017865948698512296,0.027732150944689473,2,-1
1134,track_1188990,artist_000560,0.016791292621185474,-0.02993383050635766,-0.014011242815250508,1,1
1135,track_1189073,artist_460234,0.002106551020401078,-0.02094869829081972,-0.017822731911919285,1,1
1136,track_1189913,artist_460469,-0.00946690957394812,-0.0021472525077388845,0.003928054973220808,2,-1
1137,track_1189926,artist_460469,-0.004275101119741094,-0.021978612826308315,-0.03290883154570699,2,-1
1138,track_1189938,artist_460469,0.0032762149885368526,0.03499479524714709,-0.028101810798258072,1,1
1139,track_1189942,artist_460469,-0.01069364450310854,0.03327425364165985,-0.02385530766257606,2,-1
1140,track_1189950,artist_460469,0.02131843140003023,0.044565368188546325,0.002042472328898368,1,1
1141,track_1189954,artist_460469,0.0227319261870848,-0.010827124807480054,0.0006103496418092538,1,1
1142,track_1189957,artist_460469,-0.018920657008230073,-0.020329153015910834,0.00515293438432389,2,-1
1143,track_1190138,artist_460519,-0.0071334315543357205,-0.012719508897346313,-0.007306021313552381,2,-1
1144,track_1190159,artist_006916,-0.0062823611276194,-0.03640571556545137,-0.02808572829414552,2,-1
1145,track_1190165,artist_460519,0.02244449970636573,-0.014256689936262043,-0.002012416039889536,1,1
1146,track_1190626,artist_340121,0.009263284105285192,0.043073504803066674,-0.01542455984843018,1,1
1147,track_1190665,artist_340121,-0.013916869978349122,-0.001903964501261817,-0.008553327168636351,2,-1
1148,track_1190959,artist_455057,0.007184076927998377,-0.004635533588764759,0.007281600729577775,1,1
1149,track_1190979,artist_453529,-0.026379973974319168,-0.020871497869698653,0.005664976253759717,2,-1
1150,track_1191326,artist_355362,0.03204769185137011,-0.012933736140251019,-0.011465026706095234,1,1
1151,track_1192554,artist_456894,-0.006770538779677101,0.02482750808368318,-0.01045587114744845,2,-1
1152,track_1193450,artist_461256,-0.004032833778600086,-0.02347258141110854,-0.040174799864324415,2,-1
1153,track_1193890,artist_348759,0.036914245719331086,-0.01750945204279222,0.025070417950128182,1,1
1154,track_1193990,artist_431036,-0.024676149111295235,0.0011553035595634376,0.021671604819304323,2,-1
1155,track_1194557,artist_002656,0.00751549927037529,-0.04647670985228018,-0.016545639973868483,1,1
1156,track_1194590,artist_002656,0.003595532193205326,0.018597032546765816,0.017482865043684022,1,1
1157,track_1194757,artist_461539,-0.009257141096624202,-0.03521897561873829,-0.008932672218237674,2,-1
1158,track_1194759,artist_461539,-0.012418720443017783,-0.0237617748372185,0.005328732585698883,2,-1
1159,track_1194765,artist_461539,-0.009904747180752321,0.0022565857240181516,0.014049063760469998,2,-1
1160,track_1194790,artist_432273,0.010297124095147032,-0.006223896503106103,-0.01282686419681891,1,1
1161,track_1194826,artist_370191,0.019931434024588416,0.00013802849771050383,0.0013886658742783302,1,1
1162,track_1195826,artist_340121,-0.023776354770044743,-0.010263103319941614,0.0017532719158924277,2,-1
1163,track_1195865,artist_003944,-0.006658531338836874,-0.023762411490563233,-0.022962735818815673,2,-1
1164,track_1195873,artist_003944,0.039016082844712356,0.025295292716502292,0.03895597861342042,1,1
1165,track_1195879,artist_003944,-0.010681102702746465,0.00578506736364674,-0.011395297030844473,2,-1
1166,track_1195890,artist_003944,0.04279620036199443,0.003227818353721168,0.042571939822749254,1,1
1167,track_1195913,artist_003944,0.016051858051457944,0.047713623058447625,0.000811022596015197,1,1
1168,track_1195926,artist_003944,0.002516415945035697,0.06368580300032191,-0.02514395433037282,1,1
1169,track_1195938,artist_003944,-0.0046603925293592354,-0.0007198372037949032,-0.006644622285759676,2,-1
1170,track_1196179,artist_361694,0.0013645503343109144,-0.024508478885655455,-0.01052109134740595,1,1
1171,track_1197079,artist_419438,-0.012124463251488386,-0.029593642627146154,-0.025418215436134615,2,-1
1172,track_1197390,artist_347673,0.02773620250193986,0.01141001168220389,-0.0009052221465510746,1,1
1173,track_1198190,artist_456650,-0.013754297441801658,-0.021928615385139415,-0.026836945421673003,2,-1
1174,track_1198259,artist_359472,0.01804977635968096,-0.0343468711212981,-0.017785515587468773,1,1
1175,track_1198538,artist_419438,-0.03276235028064324,0.00490157273238354,0.03618316603444428,2,-1
1176,track_1198542,artist_419438,-0.03009117210326991,0.0022854527133312507,0.0424084538577662,2,-1
1177,track_1198550,artist_419438,-0.04019124933747483,0.011646327431086154,0.043564066096709694,2,-1
1178,track_1198554,artist_419438,-0.03606902475088491,0.008112415839257012,0.03134137324789991,2,-1
1179,track_1198557,artist_462340,0.029621085336707147,-0.021252574979213068,0.016720505379868293,1,1
1180,track_1198559,artist_462340,0.029734684074017057,-0.025219953019428056,0.010156303031242016,1,1
1181,track_1198565,artist_462340,0.031251042803650306,-0.022507540249479357,0.012564233722494957,1,1
1182,track_1198673,artist_419438,-0.03671756931934948,-0.009754940244900324,0.029539228812081337,2,-1
1183,track_1199050,artist_419438,-0.029918026255499337,0.029773894284189802,-0.01240583249891956,2,-1
1184,track_1199054,artist_419438,-0.029968223317433963,-0.01797955996683082,-0.0063757696462235745,2,-1
1185,track_1199057,artist_419438,-0.02576032689734425,0.017998986774288774,0.013513887177222524,2,-1
1186,track_1199059,artist_419438,0.017299231867477567,0.005076663341744303,0.006654959570164375,1,1
1187,track_1199573,artist_368142,-0.006542449734597491,-0.027112825875116587,-0.007003603128084357,2,-1
1188,track_1199626,artist_431744,-0.03696737378004089,-0.012054653110558831,0.03084691107572909,2,-1
1189,track_1201479,artist_363592,-0.01158237568155821,-0.027634579991854438,-0.01812225006375964,2,-1
1190,track_1202954,artist_463083,-0.005680449822067007,0.01137968320347606,-0.024398921240509814,2,-1
1191,track_1203657,artist_426192,-0.013170914860611288,-0.0009259653779234898,-0.0204230036138345,2,-1
1192,track_1203665,artist_426192,-0.02497920488742821,-0.0031970505963670078,-0.0004387070240414288,2,-1
1193,track_1203865,artist_368762,-0.02312476253258693,-0.029027887525133692,0.009101332547060272,2,-1
1194,track_1203873,artist_368762,0.023973883141214097,-0.0008471391446807424,0.007713357423773409,1,1
1195,track_1203926,artist_003682,0.023606255618755456,-0.0004654377971551885,0.009740189999092498,1,1
1196,track_1203950,artist_003682,0.02747566468226375,-0.02390142323377746,0.007232275623975278,1,1
1197,track_1204665,artist_463402,0.0020961022366982975,0.03797448412449661,-0.03116390491196926,1,1
1198,track_1204813,artist_462768,-0.004760742894160356,0.013457575551296517,-0.03442150383120044,2,-1
1199,track_1205073,artist_463180,-0.015723556109587325,-0.026083308997892306,-0.02784549513253148,2,-1
1200,track_1205954,artist_463441,-0.02531856742480346,0.024168842436707957,-0.012480400663243926,2,-1
1201,track_1206159,artist_438910,0.03646214310676992,0.00525531051776814,0.028665780888585627,1,1
1202,track_1208042,artist_347734,0.005845484676994317,-0.03959473230688401,-0.02264976476832931,1,1
1203,track_1208250,artist_438161,-0.00942088429390976,0.0009371084132587728,-0.00831058730427658,2,-1
1204,track_1208442,artist_464776,-0.019685186658153758,-0.02627649461491567,0.0058099583821711945,2,-1
1205,track_1209359,artist_455057,0.007860379175508503,-0.020733989937250626,-0.016078796092543583,1,1
1206,track_1209450,artist_451073,0.004670463944403805,0.012469108172811067,-0.014104391453117858,1,1
1207,track_1209626,artist_003944,-0.01864735511337709,0.005562564435538492,-0.0230390193343677,2,-1
1208,track_1209638,artist_003944,0.010387470072147204,-0.0008946770596843102,-0.021910386194695434,1,1
1209,track_1209642,artist_003944,-0.007551111406590748,-0.001589836901127726,-0.006926015382816755,2,-1
1210,track_1209650,artist_003944,0.037447126110463136,0.028483121533503086,0.026523023148721438,1,1
1211,track_1209654,artist_003944,-0.02377219716782998,0.014138648183696562,0.020637956807125577,2,-1
1212,track_1209657,artist_003944,-0.008055965429102918,0.004406157227271172,-0.033392224630460134,2,-1
1213,track_1209659,artist_003944,-0.038721652459294445,0.02449161338049592,0.03918941528503744,2,-1
1214,track_1210890,artist_352428,0.017913252158268462,-0.010048058497872039,-0.010501376935749367,1,1
1215,track_1211213,artist_351337,-0.006156395643026472,0.000593396065398914,-0.017558285113856226,2,-1
1216,track_1211526,artist_456650,0.005436182448701513,-0.012552383248367037,-0.015529345186945352,1,1
1217,track_1214850,artist_466508,-0.020563002881267143,-0.011148666715532739,0.02089232345475794,2,-1
1218,track_1215873,artist_466801,-0.020268120942499773,0.02286333329426827,-0.004217212104849036,2,-1
1219,track_1216038,artist_466868,0.012137112686293436,-0.005181487025716252,-0.04886083337760013,1,1
1220,track_1216154,artist_458175,0.014804343621908404,-0.02268825697242151,-0.02414936178825812,1,1
1221,track_1216157,artist_458175,0.015100436355885117,-0.012423791974703573,-0.016559043034444356,1,1
1222,track_1216159,artist_458175,0.027169944333929323,-0.004710786945178903,0.0009382530479601909,1,1
1223,track_1216213,artist_456650,0.009478476441279134,0.0484334638013974,-0.030786784814822613,1,1
1224,track_1217157,artist_441694,-0.005631579443347189,0.03986000776857009,-0.02400873300662678,2,-1
1225,track_1217159,artist_441694,-0.015441119382831953,-0.03113406075078314,-0.03369117062487735,2,-1
1226,track_1217165,artist_441694,-0.02035059785044052,-0.042492145434759564,-0.04164753627784911,2,-1
1227,track_1217513,artist_396983,-0.006287199238800849,-0.001403489638080744,0.010182115482087084,2,-1
1228,track_1218250,artist_375104,-0.0135803345774955,0.0204831296544796,0.0037665435130113632,2,-1
1229,track_1219290,artist_467612,0.005743728942842537,0.027929239277375093,-0.009310164449228275,1,1
1230,track_1219426,artist_368759,0.01845462490097706,-0.008850313578193795,-0.004334552173314584,1,1
1231,track_1219473,artist_355675,0.013685962950121408,0.015015391812944109,0.0019082900771664971,1,1
1232,track_1219757,artist_337346,-0.01827008963173466,0.030344361846290614,0.006530163221771325,2,-1
1233,track_1220659,artist_467467,-0.0014642631903262027,-0.025971274959274492,-0.023080119383697497,2,-1
1234,track_1220665,artist_467467,0.018536615211656917,-0.007170812756626673,-0.028102303117883327,1,1
1235,track_1221326,artist_441727,0.001664196939930114,-0.01440947354548619,-0.011520287731253761,1,1
1236,track_1221442,artist_431744,0.003332363493714316,-0.01471170949122152,-0.006571528057174746,1,1
1237,track_1221465,artist_431744,-0.02060190872103342,-0.027408388937751153,0.0045785931528844704,2,-1
1238,track_1221565,artist_003944,-0.024994762545288887,0.03181112728037461,0.01181325837074776,2,-1
1239,track_1221573,artist_003944,0.016708587314974096,-0.02770692236027962,-0.006574427645934897,1,1
1240,track_1221579,artist_003944,0.018761478627744452,-0.03254401224158523,-0.0027956370475660593,1,1
1241,track_1221590,artist_003944,0.025231645039802943,-0.021854292693500848,0.019422716298114744,1,1
1242,track_1221850,artist_468830,0.00021012240931070139,0.0027866224518090735,-0.02743968668543682,1,1
1243,track_1221854,artist_468830,-0.014873420895725863,-0.011999593451163993,-0.010863275520996713,2,-1
1244,track_1221865,artist_468830,-0.016722159503255157,-0.0026339141305432375,-0.0035526108599395444,2,-1
1245,track_1222013,artist_437980,-0.02387161013969074,0.0031240007266165803,-0.0095996733312589,2,-1
1246,track_1222313,artist_005240,0.03364696796920617,-0.008582397066779159,0.01799534192455068,1,1
1247,track_1222326,artist_005240,0.050333821248495204,-0.018221113560047224,0.021730736343688363,1,1
1248,track_1222338,artist_005240,-0.015265602175825427,-0.010525781677750307,0.004092909667862698,2,-1
1249,track_1222626,artist_344764,0.05227908432267334,-0.021656829359804727,0.03181056127129286,1,1
1250,track_1222779,artist_469116,0.03096823330216908,-0.0019303738080073533,0.025709913725151873,1,1
1251,track_1222857,artist_469116,-0.0036661353572019287,-0.03236938017303358,-0.026819762545846896,2,-1
1252,track_1223150,artist_454426,-0.023656228185685052,-0.0258582273103972,-0.007362770932979554,2,-1
1253,track_1224065,artist_466600,0.019009347112241705,0.017261366716279567,0.0031198662618986102,1,1
1254,track_1224879,artist_365532,-0.01207580956241331,-0.013686624808591941,0.011756508566600866,2,-1
1255,track_1225159,artist_348759,0.020769171420159546,0.011588380695280145,-0.03730136802616389,1,1
1256,track_1225626,artist_365532,0.024349553417133882,-0.007733665992593586,-0.005186892004513298,1,1
1257,track_1225957,artist_454118,0.003959399011580787,0.05940175974515016,-0.02300481729742131,1,1
1258,track_1225973,artist_454118,0.0013154968481715182,0.002914030893725817,-0.030981490116175636,1,1
1259,track_1226642,artist_337428,-0.014525664201544672,0.03060505366605954,-0.03041506668458471,2,-1
1260,track_1226813,artist_469255,0.012902336660123154,0.018212463412776107,-0.012805181614688462,1,1
1261,track_1227459,artist_459422,0.027120584069369832,0.0038498791209527405,0.020498491797479233,1,1
1262,track_1227554,artist_460469,0.008350084454116759,0.04303835247110548,-0.01565487145163659,1,1
1263,track_1227742,artist_470512,0.036225152658403585,-0.02273155121039681,0.028396578574453848,1,1
1264,track_1228759,artist_452157,0.006703517813034255,0.0024657354549657766,0.005674276803734997,1,1
1265,track_1228857,artist_470512,0.037729305155798205,-0.015438663078616336,0.031476868977372466,1,1
1266,track_1229179,artist_375104,-0.008711523438697721,0.01473306589174982,-0.0289208912113786,2,-1
1267,track_1230713,artist_428449,0.01739942830001291,0.023469220385474315,0.003724825321071326,1,1
1268,track_1230765,artist_471813,-0.011929231088651923,0.021825022111247573,0.0024422680310885497,2,-1
1269,track_1230854,artist_471837,-0.010153465342753028,-0.022826503208153336,-0.03996085930656373,2,-1
1270,track_1231159,artist_350065,0.01319425012049471,0.02535592093493447,-0.01310295758329951,1,1
1271,track_1231350,artist_452157,-0.01943363021957493,0.013792716603567167,0.003536048607208569,2,-1
1272,track_1231542,artist_471813,-0.021208307478728535,0.016667164797094357,0.025612395441350078,2,-1
1273,track_1231679,artist_338779,0.019530393487656755,0.007044358514886585,-0.013283861129574632,1,1
1274,track_1232050,artist_472293,0.024537792848678665,-0.016153203752591896,0.009603830618046193,1,1
1275,track_1233757,artist_004729,0.008584261596138737,0.019301972565383546,-0.02771556111417068,1,1
1276,track_1233765,artist_472947,0.017293576092455607,-0.012865423244066136,-0.016333867562280835,1,1
1277,track_1234242,artist_437980,-0.01752421189549201,-0.022708770427330036,-0.01885957685570689,2,-1
1278,track_1234265,artist_437980,0.0013091197532746543,-0.025969441414182007,-0.015524907761076867,1,1
1279,track_1234359,artist_437980,0.0070608117419242436,0.012644513724159532,-0.016841821011166012,1,1
1280,track_1234390,artist_437980,0.009172508860799723,0.007022266463973166,0.008091250798787917,1,1
1281,track_1234413,artist_437980,-0.002972369226102173,-0.014295413731631162,-0.023822147984419687,2,-1
1282,track_1234442,artist_437980,0.009172508860798161,0.0070222664639705565,0.008091250798787274,1,1
1283,track_1234990,artist_008004,-0.019465191954840862,0.011570832832387842,0.031921758949372395,2,-1
1284,track_1235365,artist_437980,0.002118250908292579,0.052309489017939664,-0.01706011193170075,1,1
1285,track_1235965,artist_431744,-0.00870164566041645,-0.028209721728930232,-0.020470833877753822,2,-1
1286,track_1236038,artist_431744,-0.02199298385281445,0.01420019656986811,0.024252838243946362,2,-1
1287,track_1236113,artist_003944,0.045853047712355946,-0.0003804354661796823,0.048052275675985634,1,1
1288,track_1236326,artist_005721,-0.001664743674210352,0.0005391498330386384,-0.021355028298494706,2,-1
1289,track_1236854,artist_437980,-0.019496074241876625,-0.021355943765147104,-0.009985543209169293,2,-1
1290,track_1236859,artist_437980,-0.013808357418835324,0.0030424846874756864,0.014710620817891238,2,-1
1291,track_1237057,artist_441585,-0.018263926320261293,0.0009784010699189886,0.02723693891683942,2,-1
1292,track_1237150,artist_437980,-0.0032275489246087483,0.007926210155179086,0.01948168105147862,2,-1
1293,track_1238765,artist_437980,-0.031130693172601403,-0.010462991504470488,0.029362088555093147,2,-1
1294,track_1239059,artist_475035,-0.013140968959540459,0.0021278890087826317,0.00857570754516506,2,-1
1295,track_1239326,artist_342174,0.014123482815513178,-0.012280883350778852,0.01886922865837236,1,1
1296,track_1239373,artist_342174,-0.03310323969508425,0.002078973423493655,0.03557446140051363,2,-1
1297,track_1239473,artist_342174,-0.028660554610535936,0.0048900799126639785,0.035469872151267436,2,-1
1298,track_1240073,artist_471813,0.03366936451414289,0.00459233564233275,0.038308611582291555,1,1
1299,track_1240090,artist_471813,0.016264586734412792,0.012485645043949833,-0.013311657788248665,1,1
1300,track_1240865,artist_375104,-0.014112023081291971,0.019529876952802262,-0.039192011497145726,2,-1
1301,track_1240950,artist_005096,-0.013865806215596552,-0.023454903143177823,-0.026973003225232953,2,-1
1302,track_1241454,artist_441157,0.03068833087453054,-0.00681672533888162,0.0030357155537697727,1,1
1303,track_1241457,artist_441157,0.04216620834299129,-0.02606588255989838,0.007355252654910676,1,1
1304,track_1241779,artist_474067,-0.007612960884151687,-0.02934799595103284,-0.030885989751054516,2,-1
1305,track_1244450,artist_352184,-0.006036488159869255,0.013449406864072288,-0.04099581256594035,2,-1
1306,track_1244465,artist_352184,-0.026341528484616215,0.012392559619531939,0.022308579325027864,2,-1
1307,track_1244738,artist_000560,0.03236646931733283,-0.022589686609023628,0.008883938596363593,1,1
1308,track_1244942,artist_437980,-0.017524211895493476,-0.022708770427332645,-0.018859576855707164,2,-1
1309,track_1244954,artist_437980,-0.024359481034874227,-0.01077188220114412,0.014620934569372532,2,-1
1310,track_1245138,artist_003944,-0.007834781989933022,-0.014493334313158619,-0.026323495539896605,2,-1
1311,track_1245150,artist_003944,-0.010723987361331377,-0.015464661323108937,-0.035605606844372924,2,-1
1312,track_1245154,artist_003944,-0.0016812880541186188,-0.0012755081146653877,-0.019859485577454105,2,-1
1313,track_1245157,artist_003944,-0.010657198680655606,0.028679205352226598,-0.01671773931134265,2,-1
1314,track_1245159,artist_003944,-0.0253474352840748,0.001044162370186721,0.026350001126230992,2,-1
1315,track_1245165,artist_003944,-0.015376840975015876,0.013864206760309288,0.0028507446974096184,2,-1
1316,track_1245173,artist_003944,0.02972903814508694,0.02245894950197544,0.02272288843802527,1,1
1317,track_1245442,artist_001907,-0.007292161695574011,0.02352342026032338,-0.025727524452989654,2,-1
1318,track_1245890,artist_004056,-0.019766646417339034,-0.020243170225822952,-0.0002795843986071485,2,-1
1319,track_1246338,artist_477067,0.0021795919116544436,-0.005337017679922686,0.01635230051449857,1,1
1320,track_1246342,artist_477067,0.03512705340878296,-0.0140024439628257,0.007477945225495203,1,1
1321,track_1247113,artist_471813,-0.011245973440450792,0.011844024539182568,0.011208567976853202,2,-1
1322,track_1248254,artist_359034,-0.0009141258003945744,0.052149208244009995,-0.008045313150370503,2,-1
1323,track_1248257,artist_359034,-0.018626517658431086,-0.026838128268662147,0.004804727141099764,2,-1
1324,track_1248265,artist_359034,-0.0029851521774506657,0.03678933344331054,-0.03140715603846492,2,-1
1325,track_1248273,artist_359034,-0.0071715277928062395,-0.035677804749297624,-0.031788834401205106,2,-1
1326,track_1248279,artist_359034,-0.008034626487073569,0.011969969280236161,-0.0024499674798982023,2,-1
1327,track_1248557,artist_460992,-0.020090892692564432,0.0019317984559551371,-0.016897293789832585,2,-1
1328,track_1248559,artist_460992,-0.004224918057827662,0.024158195910502535,-0.026840509250376843,2,-1
1329,track_1248726,artist_477707,-0.031082947966829776,0.027653246483576553,0.014234410161674616,2,-1
1330,track_1248838,artist_432124,0.016679506162200878,0.0021999227036258954,0.021937132435842825,1,1
1331,track_1249965,artist_433381,0.013115975720521046,0.008912479818594997,0.011933850022590049,1,1
1332,track_1250042,artist_448643,-0.023312657841382936,0.007254428611949862,0.02270183687586156,2,-1
1333,track_1250050,artist_448643,-0.01074930240338149,-0.0013357898328525913,-0.03271768890087761,2,-1
1334,track_1250054,artist_448643,-0.02199360752895042,-0.028261640206281618,-0.0034268352836251646,2,-1
1335,track_1250059,artist_448643,-0.009428671751232307,-0.005636597139593267,-0.003203784224809748,2,-1
1336,track_1250065,artist_448643,0.0044892699611571866,-0.003517065379920489,0.010327885888454716,1,1
1337,track_1250079,artist_349895,0.027701574217758203,0.034300599590231205,-0.0005116760832235556,1,1
1338,track_1250226,artist_477618,0.004069959930811194,-0.021703387801872885,-0.029284437545947218,1,1
1339,track_1250238,artist_477618,-0.01687567128766255,-0.023872931518220772,-0.01821468514113363,2,-1
1340,track_1250838,artist_004116,0.03096695121120631,0.006912260991935302,0.031491131784506715,1,1
1341,track_1251473,artist_432273,0.04065606279540551,-0.0085199310157753,0.02470869768315342,1,1
1342,track_1251854,artist_347734,0.00284142315579401,-0.045252888436364776,-0.0357450978768418,1,1
1343,track_1252990,artist_339344,0.01873124035296764,0.02830853751911223,-0.0009680844027462364,1,1
1344,track_1253038,artist_477618,-0.011984484682996215,-0.012109924662234876,0.007412073472612768,2,-1
1345,track_1253050,artist_477618,-0.007611325412397571,-0.026133046162131794,-0.02353264643338551,2,-1
1346,track_1253142,artist_439286,0.008014738642692134,0.047199756786180165,-0.029944365349017798,1,1
1347,track_1253257,artist_452142,0.013546580493833352,-0.02512773009547454,-0.02149148440323603,1,1
1348,track_1253513,artist_435614,0.03693476519117562,-0.02695986097677091,0.03005673934689117,1,1
1349,track_1254013,artist_346564,0.040059454518029614,-0.00024146139642998478,0.039738180735527255,1,1
1350,track_1254442,artist_471813,-0.0048963833757509475,0.020730749231131877,-0.003335885175256571,2,-1
1351,track_1254450,artist_471813,0.0006846492408947062,0.016697555323718177,-0.004603973589168556,1,1
1352,track_1254779,artist_364441,0.030118381389400428,-0.01379510202496875,-0.006206741661614277,1,1
1353,track_1255457,artist_454118,0.023163324729261563,-0.006846688044233702,0.0036019658311765568,1,1
1354,track_1255459,artist_454118,0.003943584998534651,0.059697963051208995,-0.023330558799128064,1,1
1355,track_1255557,artist_466600,0.007504591457461561,0.00046441736613578213,-0.03184097971525865,1,1
1356,track_1255638,artist_347916,-0.007159289095088286,0.024649129925687754,-0.022136843969506874,2,-1
1357,track_1255642,artist_347916,-0.01601561251597076,-0.008038020362518071,-0.025372259570129743,2,-1
1358,track_1255879,artist_355779,0.022278288927574146,0.008661011920220374,0.01240321841325554,1,1
1359,track_1255973,artist_348759,-0.012007692702009817,-0.043506721381029616,-0.02125980294805473,2,-1
1360,track_1256654,artist_479439,-0.026269800102035543,-0.01996685198674924,0.019541701152466364,2,-1
1361,track_1257050,artist_479496,0.00661352838467657,-0.035209159807256994,-0.013524566875407642,1,1
1362,track_1257250,artist_479521,0.005663895871091593,0.018136814353223188,-0.01932410184913799,1,1
1363,track_1257265,artist_367947,-0.004809165922248612,-0.018317974049132216,-0.001658445217352754,2,-1
1364,track_1257273,artist_367947,0.02051271830747898,-0.007291117237129998,-0.00063750033480267,1,1
1365,track_1257279,artist_367947,0.023577813622485854,0.0005971811069361467,0.018831931225644062,1,1
1366,track_1257554,artist_460992,-0.008206911727827178,0.026122262065156422,-0.011917708510536359,2,-1
1367,track_1257557,artist_460992,0.005133793289439343,0.02421572651081758,-0.005688396067225571,1,1
1368,track_1262650,artist_004934,-0.04468620429115502,0.009257300324835734,0.05643378809445261,2,-1
1369,track_1262654,artist_004934,-0.027316348083256108,0.006624078625469749,0.025177544271546684,2,-1
1370,track_1263265,artist_347734,-0.0023578941561923387,0.03161032410872886,-0.03549555315014474,2,-1
1371,track_1263279,artist_355162,0.024899183925556477,0.018710069745531965,0.002708455127150584,1,1
1372,track_1265326,artist_480019,0.025883669572659987,-0.014591417616659774,0.00930296395858745,1,1
1373,track_1265926,artist_427606,-0.011627245335556815,-0.01452146992611633,-0.006679243578509218,2,-1
1374,track_1266113,artist_460992,0.01690574514435747,-0.0037695162757358184,0.008910727205689,1,1
1375,track_1266573,artist_480321,0.0382232152527359,-0.013063155072151732,0.036046616120220025,1,1
1376,track_1266579,artist_480321,0.03449546232155714,-0.014141146924445928,0.026106855390820864,1,1
1377,track_1267054,artist_466600,0.011337145073006132,-0.019977965020233582,-0.02820807794531056,1,1
1378,track_1267290,artist_451073,-0.0037738430585606735,-0.02114563479231175,0.004803503261976679,2,-1
1379,track_1267757,artist_362501,-0.04194927170420535,0.007934588324324083,0.041290163190676916,2,-1
1380,track_1267759,artist_362501,-0.028553798812727873,-0.012999852185090588,0.00778126624213653,2,-1
1381,track_1267765,artist_362501,-0.04211723317381107,0.001171755062662337,0.05962067642227753,2,-1
1382,track_1268057,artist_480599,0.0190288107893931,0.029947737362412616,-0.0056427528184223846,1,1
1383,track_1268113,artist_471813,-0.00010610733985201086,0.02141753189415413,-0.019609269217044437,2,-1
1384,track_1268326,artist_436872,0.008269732180856559,0.04257130107283709,-0.022176710238330535,1,1
1385,track_1268365,artist_436872,-0.005857841833299525,0.033074340639083905,-0.03176213488332543,2,-1
1386,track_1269565,artist_432273,0.023441336275779052,-0.023908279843230566,0.018641263285700788,1,1
1387,track_1269813,artist_480798,0.007322356526631387,0.02871475636654266,-0.024031213676931014,1,1
1388,track_1270990,artist_480887,-0.03259186257678118,0.016373718857431076,0.03634984347207668,2,-1
1389,track_1271779,artist_364032,0.03165078785021939,-0.022912068750125594,0.018468273959538473,1,1
1390,track_1271850,artist_437980,-0.033123157179527025,0.004623741152111469,0.02519866667736868,2,-1
1391,track_1272457,artist_347673,0.0414518532758177,-0.03422472772006892,0.006770340684796372,1,1
1392,track_1273057,artist_437980,-0.01613175931671392,-0.02319217048129674,-0.012282325051514508,2,-1
1393,track_1273390,artist_378695,-0.01566664101645058,0.012459030768378346,-0.0011466975385880007,2,-1
1394,track_1273973,artist_378695,-0.018116342388738667,0.0066164449692111965,0.0217156132173452,2,-1
1395,track_1274150,artist_007872,0.01667826259529315,-0.017924662976054575,-0.009059409797004153,1,1
1396,track_1274154,artist_007872,0.024462347010659163,-0.02376764346194931,0.008531760178648398,1,1
1397,track_1274157,artist_007872,0.02309438868602787,-0.026126064956203003,0.007150945542990629,1,1
1398,track_1274159,artist_007872,0.04599081986632463,0.008257699074633501,0.050673111544082376,1,1
1399,track_1274165,artist_007872,0.037289772114473374,0.014569947203524072,0.03925316503968526,1,1
1400,track_1274173,artist_007872,0.023285241626795405,0.008535937899235327,0.005300861057918077,1,1
1401,track_1274238,artist_430396,-0.006265112641646008,-0.021106768763926552,-0.00799785132562817,2,-1
1402,track_1274242,artist_430396,0.015479890909127015,-0.01784156576552822,0.019028948725188444,1,1
1403,track_1274265,artist_437980,0.005726096773282107,0.031594633511603944,0.0061396380668784275,1,1
1404,track_1274438,artist_418612,0.011506083689710933,0.019543088409901585,-0.012054659105560311,1,1
1405,track_1275150,artist_340542,0.009647207079039159,0.024159271985048206,-0.023299350247642885,1,1
1406,track_1275154,artist_340542,0.022730091805571815,0.026527185976324683,0.007298029489673975,1,1
1407,track_1275238,artist_437980,0.029005898979958186,0.027054177301216478,0.009711603860758864,1,1
1408,track_1275613,artist_472293,0.01151676581390859,-0.01707725985933092,-0.013711187602515006,1,1
1409,track_1276479,artist_353294,0.023335132833700065,-0.009119212461859346,0.012502308938139296,1,1
1410,track_1276513,artist_353294,0.007794886756151796,0.0013290286279332905,-0.036588545559491314,1,1
1411,track_1277179,artist_471813,0.02814902609801264,-0.02118020043115983,-0.0012476440266862906,1,1
1412,track_1277765,artist_481486,0.02003561759083527,-0.011494110684875715,0.003287538940996181,1,1
1413,track_1277790,artist_481486,0.015165450253302062,0.04729638737094941,-0.024257465320984384,1,1
1414,track_1277842,artist_481486,0.03141901038589826,-0.00971869551974332,0.007013562360849516,1,1
1415,track_1277913,artist_355362,0.019799513610294826,-0.005551093917237575,-0.011453749530418583,1,1
1416,track_1278179,artist_441157,0.018927142939914314,-0.02046238234033083,-0.010648054007486507,1,1
1417,track_1278254,artist_007862,0.015682334715684757,-0.020709443560867544,-0.023086322977561503,1,1
1418,track_1278738,artist_481486,0.028352800988756217,0.01482436406737742,0.023457300465810606,1,1
1419,track_1279613,artist_435483,0.008746856722144362,-0.01807459942891262,-0.0037355242941314536,1,1
1420,track_1280242,artist_353511,0.02986992259965288,-0.00907846410346507,0.03383752862910433,1,1
1421,track_1280354,artist_435992,0.038971052436599984,0.007059032367494891,0.03370551277962015,1,1
1422,track_1280357,artist_435992,0.037369886304941945,-0.008259242706815455,0.026053093168119268,1,1
1423,track_1280359,artist_435992,0.02522021026965031,0.0082713677206801,0.0179832319429023,1,1
1424,track_1280379,artist_435992,0.027065247255142942,-0.023237713101392218,0.017995657726357823,1,1
1425,track_1281238,artist_482680,-0.027420627050136703,0.0028582975664578,0.018750064746764928,2,-1
1426,track_1281242,artist_482680,0.016940275350123105,0.0140195581780376,-0.018079481274380485,1,1
1427,track_1282290,artist_483163,-0.01757041403809108,-0.025318211936604457,0.00478373175865435,2,-1
1428,track_1283750,artist_483387,-0.01579147103378369,0.013066023355245523,-0.008005928549330315,2,-1
1429,track_1283754,artist_483387,-0.017885652640298042,-0.002745073931610316,-0.00508722614570181,2,-1
1430,track_1283757,artist_483387,-0.02174052471192098,-0.015961085441917232,-0.00493820886877343,2,-1
1431,track_1283765,artist_483387,-0.007296126432971705,-0.004104445757078612,-0.030960775112506334,2,-1
1432,track_1283854,artist_452659,-0.008961203545489495,-0.0183946964920317,-0.036823028051056444,2,-1
1433,track_1284273,artist_375935,-0.011686534452531133,-0.012926602465992514,-0.009427283208486726,2,-1
1434,track_1284350,artist_483253,-0.0011907837375292952,0.04242613937751143,-0.017622745724565847,2,-1
1435,track_1284354,artist_483253,-0.014353103764220908,-0.04412804812214867,-0.04185273860868089,2,-1
1436,track_1284457,artist_483163,-0.016724439005466704,0.01072206911881603,0.01579448191928925,2,-1
1437,track_1284459,artist_483163,-0.029557725943278913,-0.002827775255719171,0.023904403791783112,2,-1
1438,track_1284465,artist_483163,-0.01169759563122151,0.025288924673921347,-0.0036992773534597935,2,-1
1439,track_1284959,artist_477775,-0.023065059846523465,0.013882352101200542,0.009997823214491438,2,-1
1440,track_1284965,artist_477775,-0.006443164116644125,0.015529906632969577,-0.02497176102486361,2,-1
1441,track_1285757,artist_362636,0.022762128765816594,0.01627792568596726,-0.003130043044934966,1,1
1442,track_1286213,artist_451073,0.002261893663015694,0.0031298002640682597,0.004094759367812424,1,1
1443,track_1286238,artist_342686,-0.0020621423856859314,0.020545543694530932,-0.009422646963633638,2,-1
1444,track_1286473,artist_484321,-0.037505733892728946,-0.004077808496038235,0.03207933323116718,2,-1
1445,track_1286513,artist_435992,0.03291242708730647,-0.017218510255674124,0.018966643045894592,1,1
1446,track_1286773,artist_484326,0.015987900279344453,-0.0031351334908312793,0.0020137849189050825,1,1
1447,track_1286779,artist_484326,0.025784717520920254,-0.005994407408596033,0.025512791636864183,1,1
1448,track_1287450,artist_484369,0.016251589130601197,0.03541190915450862,-0.004769052177254007,1,1
1449,track_1287454,artist_484369,0.004160132302402032,0.020937792190203534,-0.013032664791900994,1,1
1450,track_1287457,artist_484369,0.0007320187459578367,0.016552782328346807,-0.011254905728744566,1,1
1451,track_1287754,artist_484368,0.005136128984074525,0.04463536500285863,-0.022227715570853023,1,1
1452,track_1287890,artist_473960,-0.00397493028880326,-0.03085417607600987,-0.032950103589936434,2,-1
1453,track_1288338,artist_477775,-0.014110680478567682,0.0422162991709788,-0.02861068348884673,2,-1
1454,track_1288490,artist_483163,-0.03331505506422591,0.005817113363816652,0.028520970027732143,2,-1
1455,track_1289126,artist_354858,0.01851256428483333,0.001636578860672666,-0.005991844677184417,1,1
1456,track_1289279,artist_006916,-0.02256804898892053,0.04440641537490322,-0.013296674621786806,2,-1
1457,track_1289373,artist_440879,-0.004265471617967596,-0.0029734064405789176,-0.013486670715900258,2,-1
1458,track_1289379,artist_440879,0.005095434985425372,0.025724845801579233,-0.02545257637906604,1,1
1459,track_1289526,artist_483163,-0.01279018901751791,0.030152209235504913,-0.019030150781770852,2,-1
1460,track_1290013,artist_471813,0.01437436160920863,0.01124004462843961,-0.005669144930400123,1,1
1461,track_1290254,artist_340218,-0.006907512198039668,0.009573027568026627,-0.019790717528459928,2,-1
1462,track_1290557,artist_437980,-0.010664608636673609,-0.02138574381985397,-0.013317583836071489,2,-1
1463,track_1290559,artist_437980,-0.012058998898226328,-0.020470692934608625,-0.010473738837623663,2,-1
1464,track_1290638,artist_351032,-0.015068898219358888,-0.0128194040182194,-0.021820348382783628,2,-1
1465,track_1290754,artist_473090,0.005909853938821472,-0.0015776740893174454,0.007865510888658798,1,1
1466,track_1290879,artist_362636,-0.01491959812007943,-0.0028866314151497667,0.015484026948439282,2,-1
1467,track_1290950,artist_419438,-0.029278621153055476,-0.019498956357638143,-0.004344146180841142,2,-1
1468,track_1290954,artist_419438,-0.018073866393700393,-0.014698582343150914,-0.012272022958606422,2,-1
1469,track_1290973,artist_438910,0.0050083114208094685,-0.004128493098153068,0.008805456622019855,1,1
1470,track_1291390,artist_464915,0.005957433276822341,0.038548355725103865,-0.02071903647299164,1,1
1471,track_1291557,artist_367887,0.00610311917056265,-0.02128717569097598,-0.014132912414020107,1,1
1472,track_1291559,artist_367887,0.0074612330486178114,-0.03599794643914343,-0.030634116474268808,1,1
1473,track_1291565,artist_367887,-0.03267910062208433,-0.03578321188351641,0.008729958361385909,2,-1
1474,track_1291679,artist_466600,-0.0010155401552727815,-0.024437807550983476,-0.023298362448744996,2,-1
1475,track_1292159,artist_477775,-0.002823942899689829,0.029563597841506088,-0.01407190035364556,2,-1
1476,track_1292338,artist_484759,0.028526257694385986,-0.015331231094901037,0.017333155436245442,1,1
1477,track_1294742,artist_007063,-0.0006377282475030049,0.033128186452511754,-0.0400540189271609,2,-1
1478,track_1294750,artist_007063,-0.013511082712429302,0.04139445193476182,-0.03419784198723658,2,-1
1479,track_1294765,artist_007063,0.007841306339282783,-0.024715228925656318,-0.030653961519053016,1,1
1480,track_1294773,artist_007063,-0.009110517983094476,-0.024759313877421703,-0.03602682846779053,2,-1
1481,track_1294779,artist_007063,-0.013916048996594804,0.039768960963248653,-0.03555177544492933,2,-1
1482,track_1294938,artist_367887,-1.321756664237683e-05,0.04807103996336864,-0.0010527676868613233,2,-1
1483,track_1294942,artist_367887,0.015107563931358755,-0.031739126776120195,-0.009383769242390653,1,1
1484,track_1295054,artist_480962,-0.0010243021422828085,0.029671758908597058,-0.03784721050227019,2,-1
1485,track_1295413,artist_479278,-0.03153014433175905,-0.009603587789071246,0.03651468824997317,2,-1
1486,track_1295654,artist_367887,0.018944392996590058,0.043166342523005274,-0.003013596132079052,1,1
1487,track_1295657,artist_367887,0.021518821694378437,-0.04505119228773334,-0.022584334435799498,1,1
1488,track_1295659,artist_367887,-0.0006174374344696862,-0.049272154630256686,-0.030885631925116917,2,-1
1489,track_1295713,artist_375104,0.0018194885750318353,0.01566666381525836,-0.028428497949383996,1,1
1490,track_1296365,artist_368136,-0.01184735894119351,-0.01575650703947649,-0.014727746310544477,2,-1
1491,track_1296779,artist_431465,0.012355831131608269,0.0008304825214113485,0.005265187043546316,1,1
1492,track_1296859,artist_437980,0.0165712545729692,0.06703850186065115,-0.02788860663232478,1,1
1493,track_1296926,artist_437980,0.01722224818594105,-0.012052772807171822,-0.03207706433201763,1,1
1494,track_1297357,artist_375935,-0.006533461387081542,-0.014264605298949481,-0.01704738573304031,2,-1
1495,track_1298290,artist_437980,-0.024824350802202397,0.030342278059327727,0.0025073744294733134,2,-1
1496,track_1299542,artist_437980,0.009127254642620411,-0.03028106853979534,-0.0011715640436863164,1,1
1497,track_1299813,artist_437998,0.0019931692170122224,0.0365275263093522,-0.00969672794979862,1,1
1498,track_1299938,artist_437980,-0.023022427381237134,-0.012607926596317562,0.02495336562580136,2,-1
1499,track_1300054,artist_477775,0.009066018278665555,0.0042448273861460314,0.012887743680646555,1,1
1500,track_1300073,artist_007349,-0.015865376073040935,-0.012313208088625353,0.0008191482444191918,2,-1
1501,track_1301826,artist_435992,-0.0167241039096192,0.01971737397862123,0.012995084645232984,2,-1
1502,track_1303013,artist_471813,0.0007834963824473067,0.024813126585647403,-0.006662561853853398,1,1
1503,track_1303065,artist_485924,0.0025073494714872115,0.03483635575694779,-0.006823445417095902,1,1
1504,track_1304354,artist_442862,0.03400662310544714,0.028318277723730714,0.01861936087934359,1,1
1505,track_1304479,artist_452157,0.03161874979357656,0.01616226339645205,0.018755256566195536,1,1
1506,track_1305479,artist_375935,0.013558109415634671,-0.018689118745953748,0.012199674789245845,1,1
1507,track_1305638,artist_477775,0.005590432965276662,0.020587553083896502,-0.03384957039978456,1,1
1508,track_1305642,artist_477775,-0.0014852188230382033,0.037962199706127735,-0.04401049451839696,2,-1
1509,track_1305854,artist_477775,-0.023653202037609622,0.023707947522906878,0.007808172994857102,2,-1
1510,track_1306059,artist_459422,0.04449743528238955,0.005992715609672515,0.04620449948976461,1,1
1511,track_1306065,artist_459422,0.03305516418378105,-0.00910879712101985,0.03875302204574693,1,1
1512,track_1306265,artist_347673,0.03844108825155514,-0.03803433045277683,-0.0051431445604228675,1,1
1513,track_1306550,artist_466600,0.02143478652673893,-0.007631209423256361,0.008975416145035655,1,1
1514,track_1306842,artist_461418,0.005969929658158147,0.0019999974200623897,-0.010684040182047647,1,1
1515,track_1306850,artist_461418,0.0096264358845365,-0.0026733621629863535,-0.015037966355155913,1,1
1516,track_1306954,artist_436349,-0.006809943186273405,0.029404728384468653,-0.014643268060960756,2,-1
1517,track_1307642,artist_341393,0.016088727962230296,-0.03628624864381993,-0.005327298746459937,1,1
1518,track_1307679,artist_341393,0.0002333261456388102,-0.002787451696152974,-0.002480981145627334,1,1
1519,track_1307726,artist_338779,-0.005070192872088489,-0.00860910005976431,-0.00874816514517022,2,-1
1520,track_1309457,artist_337741,0.004598222756313111,0.041416001993234836,-0.011944187801337833,1,1
1521,track_1309459,artist_337741,-0.022605804025234096,-0.003686703129950949,0.022206521398524023,2,-1
1522,track_1309626,artist_337741,0.014956200197333196,-0.00533772125174743,0.01675676380033556,1,1
1523,track_1309757,artist_486627,-0.009163758433089725,0.02375468588183691,-0.016065609911467323,2,-1
1524,track_1310113,artist_461418,0.014141101016865967,-0.017588380655871903,-0.010154309395173871,1,1
1525,track_1310242,artist_486695,0.00199515085915505,-0.008941620330690937,0.00236452090677416,1,1
1526,track_1310554,artist_484797,-0.0116366841905642,0.008084212613270785,0.0023386148105308657,2,-1
1527,track_1310559,artist_484797,-0.013628205776075068,0.012429266197942742,-0.009754617558714996,2,-1
1528,track_1310654,artist_340553,-0.010401895972179727,-0.016302281000978268,-0.03030697108104631,2,-1
1529,track_1310657,artist_340553,-0.006017894705846229,-0.02827036350351378,-0.03650132437854287,2,-1
1530,track_1310659,artist_340553,-0.00712469681370971,-0.021931685152232937,-0.020172939258664525,2,-1
1531,track_1311238,artist_483960,-0.0494025497710505,0.009160831766506783,0.057511296701602946,2,-1
1532,track_1311242,artist_483960,-0.03550340800712582,0.005796578254009184,0.045404691778797086,2,-1
1533,track_1311279,artist_483960,-0.024296997865655874,-0.00822001871095295,0.028628576048704033,2,-1
1534,track_1311290,artist_483960,-0.02137885891372018,-0.0009617152253120506,0.03282955894778684,2,-1
1535,track_1311479,artist_437980,-2.6443354477990136e-06,0.044459798569559644,-0.03359207432787559,2,-1
1536,track_1312079,artist_483960,-0.02729595034623283,-0.0021775833081678552,0.03162150567109237,2,-1
1537,track_1312513,artist_437980,-0.017891086102222474,-0.021013254460930175,-0.02540854002169422,2,-1
1538,track_1313079,artist_432273,0.03877507754191519,-0.016459095578315684,0.03819262903031846,1,1
1539,track_1313213,artist_455057,0.0023114560712746797,0.01071826990490583,-0.004622132545868592,1,1
1540,track_1313450,artist_487051,0.011388462061232266,0.05200330731674118,-0.013987668292271308,1,1
1541,track_1313454,artist_428449,0.00942892235090858,-0.029938199792168562,-0.00225085340353393,1,1
1542,track_1313457,artist_428449,-0.008801995895837673,0.0002142540872657904,0.010826725710212023,2,-1
1543,track_1313459,artist_428449,0.03843395265578814,0.036092752000843324,0.032175648705936526,1,1
1544,track_1314413,artist_434980,-0.007096810186943681,0.013850432740440575,-0.016960620897439663,2,-1
1545,track_1314538,artist_419438,-0.030971602908775864,-0.006480680382796205,0.0011444732719994703,2,-1
1546,track_1314542,artist_419438,0.013661698564977105,0.0036273070539995064,-0.012682266247825863,1,1
1547,track_1314750,artist_466600,0.014511433608752579,0.029231129089473132,-0.017127258356157762,1,1
1548,track_1315465,artist_354904,0.01714717959703081,0.009051144531061523,-0.017250577444792838,1,1
1549,track_1315526,artist_486995,0.00888131837688369,0.012423177254867496,0.006664359661274572,1,1
1550,track_1315838,artist_487296,-0.012112116956116014,-0.002495055133161312,0.005860220375955858,2,-1
1551,track_1317679,artist_003815,-0.04550657592865689,-0.0031784292319460014,0.05433640983226849,2,-1
1552,track_1318026,artist_002189,-0.009163125134751844,0.012597010075116193,-0.005970887402994507,2,-1
1553,track_1319226,artist_457221,0.019897256613477705,-0.024995770288914605,0.008314797327280243,1,1
1554,track_1319690,artist_471813,-0.01115376021895981,0.01817157476795351,0.004822263146803524,2,-1
1555,track_1319859,artist_441585,-0.03300508726500823,0.006461050683029393,0.030085502035002487,2,-1
1556,track_1320013,artist_359034,-0.021880722968574493,-0.023520157543148807,0.014103734603779047,2,-1
1557,track_1320026,artist_359034,-0.014619565729425955,-0.027508787944690635,-0.011126866167925098,2,-1
1558,track_1320479,artist_423996,0.017666409650397837,-0.02347101645158816,-0.020075181766939145,1,1
1559,track_1320859,artist_487143,-0.039186836311928645,0.02443314184275388,0.02885522111346627,2,-1
1560,track_1320954,artist_466436,0.003519932557546407,0.03154925253392293,-0.008443487272916978,1,1
1561,track_1321150,artist_487707,0.03266456984292811,-0.02205868507241854,0.02416353352269843,1,1
1562,track_1321257,artist_466436,-0.019991962344397488,-0.040890169698878265,-0.010155109542151049,2,-1
1563,track_1321713,artist_487628,-0.04049013408168198,0.012241595780273949,0.04818069992578409,2,-1
1564,track_1321726,artist_487628,-0.0377861098000199,0.009074369870550181,0.0463997345919506,2,-1
1565,track_1321738,artist_487628,-0.04098474420251605,0.011165153839754477,0.0480851078066659,2,-1
1566,track_1321742,artist_487628,-0.042243639715904155,0.0035352799019771094,0.04306769136701813,2,-1
1567,track_1321938,artist_002740,0.011579755240543882,0.0036246411079426995,0.0037968978867577406,1,1
1568,track_1321942,artist_002740,0.007237892667721855,-0.0066166638323276175,0.008643641111228248,1,1
1569,track_1322479,artist_440794,0.013394221230544394,0.02568684370110438,0.0025645532165060117,1,1
1570,track_1323013,artist_363592,-0.01032940327064329,0.03021031920881212,0.004707261378971397,2,-1
1571,track_1323126,artist_440794,-0.014448058129012871,-0.031134539381138613,-0.007849756343551041,2,-1
1572,track_1323259,artist_440794,-0.00729932290572497,-0.035746016665108585,-0.023350342441021122,2,-1
1573,track_1323313,artist_440794,-0.01858816379264619,-0.0323265070614779,-0.013166286170653446,2,-1
1574,track_1324673,artist_442477,0.024618874394513608,0.0031296834757380447,-9.104359449553455e-06,1,1
1575,track_1324679,artist_442477,0.028224280622829636,-0.004935831285408792,0.013308147840750956,1,1
1576,track_1324750,artist_486550,0.03457550981373388,0.009207095944105811,0.031584452341444275,1,1
1577,track_1324890,artist_366162,-0.0547115576382005,-0.016183472016079503,0.04867199723351811,2,-1
1578,track_1325338,artist_006916,0.007191042658813905,0.01445708917429859,0.005306730076507286,1,1
1579,track_1326526,artist_460241,-0.005820113428057444,-0.01649286028529594,-0.003962794024258088,2,-1
1580,track_1326642,artist_466436,-0.008146543216340332,-0.001459078349039841,0.01586955598542263,2,-1
1581,track_1328159,artist_347734,0.008444335010200454,0.026821555021537612,-0.0269060724931174,1,1
1582,track_1329359,artist_466600,0.007948411549477454,0.011914773188804108,-0.03392600645151947,1,1
1583,track_1329450,artist_372323,0.007223326622944853,-0.01271731170255127,-0.022834096850762448,1,1
1584,track_1329490,artist_460032,0.004392818217224103,0.03219053783447996,-0.0038976995325570047,1,1
1585,track_1329913,artist_475635,-0.018235443124879454,-0.0069222940614535435,0.0020919839256674693,2,-1
1586,track_1329938,artist_461418,0.037994071693755786,-0.014503563978853592,0.011378339557183075,1,1
1587,track_1329942,artist_461418,0.0002451098968137145,0.013478409013034634,-0.04572175929048624,1,1
1588,track_1329973,artist_336426,-0.025683385930369982,-0.005664015064900418,0.02916518572382478,2,-1
1589,track_1330054,artist_455057,0.007681304197958701,0.03743441635397403,-0.01077862092927303,1,1
1590,track_1330157,artist_487582,-0.005646775981500281,0.0075572724569246364,0.013833132865675746,2,-1
1591,track_1330650,artist_477775,-0.016302514753099476,0.010225414900996734,-0.00014351421431497158,2,-1
1592,track_1330890,artist_348759,0.018794872819533553,-0.0044014725920316,-0.008235046958211175,1,1
1593,track_1331557,artist_006845,-0.010704390855523958,0.01864952032005922,-0.024503839957457217,2,-1
1594,track_1331565,artist_006845,-0.02146264051148178,-0.031066190306866942,-0.006713395816837352,2,-1
1595,track_1331579,artist_006845,0.008517159066129518,0.040413862502090794,-0.004623885042646897,1,1
1596,track_1333038,artist_351588,0.014007291451090424,0.016530712373949086,-0.017000954548005955,1,1
1597,track_1333579,artist_431744,-0.017805334381244393,0.03187549983876421,-0.011479294248012724,2,-1
1598,track_1333638,artist_466600,0.013269632563133798,0.026402552476331817,-0.019243611691570413,1,1
1599,track_1333726,artist_471813,0.01904836476902167,-0.0004238970060697555,0.023869789549013032,1,1
1600,track_1334554,artist_487628,-0.048624597801343414,0.010061873781434518,0.06299762415525678,2,-1
1601,track_1334557,artist_487628,-0.048906949265698024,0.019398075623626523,0.039090752196576845,2,-1
1602,track_1334738,artist_372323,0.028090550905532224,-0.008562929326859918,0.029376256968284175,1,1
1603,track_1334742,artist_372323,0.02321773613529875,-0.0184587298693552,0.015763691799484298,1,1
1604,track_1335113,artist_488990,-0.030115392595332625,-0.0169316865601128,-0.007807671991848517,2,-1
1605,track_1335150,artist_488990,-0.02758331559786144,-0.02066049464134827,-0.0014920084299742602,2,-1
1606,track_1335154,artist_488990,-0.03990863007911185,-0.015367689000234573,0.03490648150698074,2,-1
1607,track_1335359,artist_466600,0.017037300343648976,0.012188069079206058,-0.019012144488800356,1,1
1608,track_1335473,artist_488943,-0.027620256732087425,0.011785723779043184,0.0283803858307633,2,-1
1609,track_1335979,artist_483163,0.013942391673367444,-0.019467322360579808,-0.006282025422343665,1,1
1610,track_1336126,artist_437980,0.003762881208728397,0.005250775312121789,0.017911995721830328,1,1
1611,track_1336213,artist_000560,0.04026441066497101,-0.018059085523034604,-0.013292906589321786,1,1
1612,track_1337865,artist_375935,0.050996700245779625,-0.018222200737548985,0.0378321564146563,1,1
1613,track_1338342,artist_340542,0.021628155181687675,-0.002418039554099695,0.013267098571057142,1,1
1614,track_1339250,artist_365072,-0.010159284599922654,-0.01696074289454001,-0.020391360759035516,2,-1
1615,track_1339326,artist_466600,0.0250752400752907,-0.006594838458712968,0.007012243628018053,1,1
1616,track_1339442,artist_365072,0.012438394390618453,-0.028311917636262694,-0.03333448759589471,1,1
1617,track_1339873,artist_489296,-0.020040916709289442,0.02876028439439986,-0.01738873465579836,2,-1
1618,track_1340190,artist_487711,-0.003921139940725189,0.034788803203802086,-0.009838009247710106,2,-1
1619,track_1340257,artist_337293,0.002712538215199418,0.03396202960846158,-0.012570564457497107,1,1
1620,track_1340259,artist_337293,0.01855670507453988,-0.029115318968732592,-0.004694058333366275,1,1
1621,track_1340338,artist_481897,-0.027109884156800778,-0.011994473783269273,0.012717883131101003,2,-1
1622,track_1340342,artist_481897,-0.008601381791840328,-0.0028212362939896555,0.022199167880894977,2,-1
1623,track_1341457,artist_368142,-0.014864345523291737,-0.006145189228445133,0.018271654697936165,2,-1
1624,track_1341459,artist_368142,-0.013548403570508367,-0.0021181806324418323,-0.010523091849210991,2,-1
1625,track_1341473,artist_489349,-0.005309758039636266,-0.0062065681750906815,-0.04262000165360128,2,-1
1626,track_1341573,artist_437980,-0.017195417040131288,0.005019954799403645,-0.009990561321213239,2,-1
1627,track_1342150,artist_430126,-0.012122940391385298,0.007541406663008081,-0.016520944875234908,2,-1
1628,track_1342757,artist_488976,0.00031119636518155017,0.012636418474411217,-0.024318842279992092,1,1
1629,track_1342913,artist_372323,0.04219119623480924,0.0006959654873643531,0.03770277256936582,1,1
1630,track_1343013,artist_464757,-0.03059656447565862,0.011416626102752835,0.030044717435423012,2,-1
1631,track_1343113,artist_466600,0.020019451603664647,0.022096297501892716,-0.01392577883218903,1,1
1632,track_1343438,artist_470592,-0.03842550883312537,0.015425366354743508,0.03991793503465118,2,-1
1633,track_1343442,artist_488843,0.02775459287759337,-0.01237772656979222,0.013980303345171207,1,1
1634,track_1344326,artist_465566,0.0038210581352861464,0.013584455605591917,0.007642090317926438,1,1
1635,track_1344442,artist_483387,-0.006352201552640764,-0.008114812361023007,-0.039584884477151146,2,-1
1636,track_1345579,artist_477775,-0.026187800757384062,0.0074178896220370195,0.02443931925806495,2,-1
1637,track_1346157,artist_490131,-0.04644509985102671,0.01348415690150423,0.045666200383301325,2,-1
1638,track_1346159,artist_490131,-0.043462600595679385,0.013005503012763394,0.0251494538013779,2,-1
1639,track_1346165,artist_490131,-0.033061158219161516,0.013022532542467938,0.026075342556335687,2,-1
1640,track_1346173,artist_490131,-0.03236307015829171,0.016435204481311593,0.029685100008440685,2,-1
1641,track_1346179,artist_490131,-0.040654859885694755,0.013723499960696505,0.04612130446743698,2,-1
1642,track_1346190,artist_488843,0.024300468007500242,-0.023236634295042,0.0104386057771851,1,1
1643,track_1346565,artist_448542,0.012802021825346623,0.0431676078257212,-0.0016968801839705079,1,1
1644,track_1346673,artist_448542,0.0057205202230863625,0.02140630285503229,-0.019873990503383742,1,1
1645,track_1347850,artist_490314,0.028577409027077356,0.01828318348334662,0.02505237454181311,1,1
1646,track_1347950,artist_490314,0.006635702035219189,-0.002085724086414365,0.0061041801952181896,1,1
1647,track_1347954,artist_490314,-0.022814021040764017,-0.002615286654678878,0.020121898794289363,2,-1
1648,track_1348038,artist_490314,0.0011704941848123247,0.04092405943331169,-0.01232627788614204,1,1
1649,track_1348065,artist_438966,-0.02437319193892615,0.00452945777211569,0.01279742881649086,2,-1
1650,track_1348079,artist_490314,0.003653085784945216,-0.0002822022562828548,0.00683906480822537,1,1
1651,track_1348113,artist_490314,0.039281306136705905,-0.003334212391952281,0.04356525228237276,1,1
1652,track_1348126,artist_431108,0.036121166171694044,0.0025758485152882747,0.022238523609899332,1,1
1653,track_1348173,artist_423996,-0.014007117066196827,-0.012394465177115174,-0.008406632369449664,2,-1
1654,track_1348250,artist_466600,0.036048467349460656,0.026269340146256988,0.023242164751242016,1,1
1655,track_1348659,artist_435992,-0.011632265791239386,-0.008221869718381847,0.015792108860462388,2,-1
1656,track_1348665,artist_435992,-0.01392381646191436,-0.01880367432373533,-0.011444848877041907,2,-1
1657,track_1348757,artist_490314,0.012289416835411342,-0.005920441928902602,0.018678711245269437,1,1
1658,track_1349079,artist_001336,-0.020803006078850286,0.0010848686926485619,0.00796492041608018,2,-1
1659,track_1349150,artist_001336,0.016248419869328578,0.010248528843918985,0.01924746153864769,1,1
1660,track_1349159,artist_001336,-0.01254062480954179,0.008875683485392378,0.022743550272039028,2,-1
1661,track_1349673,artist_490560,0.02023433649548626,-0.007605961668033895,-0.0092302283541337,1,1
1662,track_1349679,artist_490560,0.03599667577691574,-0.03075521772792019,0.011479001510524015,1,1
1663,track_1349690,artist_490314,0.02867233718527255,-0.005497580792289648,0.02895994082691607,1,1
1664,track_1349954,artist_490314,0.012022426641534077,0.034873222092040294,-0.0007871675278894617,1,1
1665,track_1350142,artist_490314,-0.003184676292131151,0.03623562372932525,0.0021250033440785936,2,-1
1666,track_1350826,artist_490314,0.030957893354467844,-0.008935418441576493,0.03528562655107022,1,1
1667,track_1350950,artist_490314,-0.004068806341098469,-0.0009119304422120212,-0.009259106267429592,2,-1
1668,track_1350954,artist_490314,0.0038314255597305972,-0.00460821335170668,0.012816017168162656,1,1
1669,track_1350957,artist_490314,0.005458905635452981,0.03556348316323692,-0.0006008635303381284,1,1
1670,track_1350990,artist_490314,0.00795345088418598,0.03384767718851663,0.001941617847668139,1,1
1671,track_1351054,artist_490314,-0.014462613453204005,-2.1150722396402987e-05,0.025398059703119466,2,-1
1672,track_1351057,artist_490314,-0.016080485879313357,-0.011837249938960155,0.0100913663843618,2,-1
1673,track_1351059,artist_490314,-0.014848111128735787,-0.01128873867669873,0.0110564935270531,2,-1
1674,track_1352138,artist_490314,-0.020264014946635316,-0.019911099098699904,-0.008557075648407244,2,-1
1675,track_1352150,artist_490314,-0.021696959522406172,-0.011704745109988101,0.011622764350093809,2,-1
1676,track_1352165,artist_419285,0.02908679570252368,0.029085643252164423,0.023653072115305287,1,1
1677,track_1352250,artist_471813,0.006929640339379016,0.02010834512402345,-0.009268296315334733,1,1
1678,track_1352579,artist_490314,-0.0014152217484914623,-0.002675595715147839,0.014910149763777558,2,-1
1679,track_1352850,artist_490806,0.014592687612653202,0.0045147709320575964,-0.010944117347289239,1,1
1680,track_1352965,artist_462377,-0.03117473526993168,0.0022471812061502067,0.026957600757933863,2,-1
1681,track_1353213,artist_490851,-0.03632274857963815,-0.01140980968121066,0.04419665359694884,2,-1
1682,track_1353226,artist_490851,-0.028533123697555826,-0.014038819441520111,0.01160194461380984,2,-1
1683,track_1353242,artist_490858,-0.0018617636594414329,0.00415696784988491,-0.0016049611903042986,2,-1
1684,track_1353250,artist_490858,-0.023649299566435623,0.008119970781432397,0.019172412202440547,2,-1
1685,track_1353259,artist_490858,-0.04744793106910414,0.005899502071850492,0.061011573419670756,2,-1
1686,track_1353265,artist_490858,-0.02864697957838229,-0.0017298679819512431,0.02682433096068254,2,-1
1687,track_1353273,artist_490858,-0.042868780606661265,0.004076767916224026,0.05412958282948768,2,-1
1688,track_1353279,artist_490858,-0.027269484868769216,0.014929412675568944,0.014949645945605425,2,-1
1689,track_1353290,artist_490858,-0.025731401070312892,0.004272899190849567,0.026405494636675176,2,-1
1690,track_1353313,artist_490859,-0.05073823244904785,0.015401666766002879,0.058141443515168596,2,-1
1691,track_1353326,artist_490859,-0.03342562680861672,0.0027259135356410623,0.048894831097833234,2,-1
1692,track_1353338,artist_490859,-0.0399534207662014,0.0035554482535740542,0.017539801884417228,2,-1
1693,track_1353342,artist_490858,0.004821604607915129,0.04872964609641866,-0.015274770073320535,1,1
1694,track_1353350,artist_490858,-0.035732001129581414,-0.012112263351149536,0.03055141192895335,2,-1
1695,track_1353354,artist_490858,-0.056894837643616684,-0.0003481215003533828,0.0627023614182224,2,-1
1696,track_1353357,artist_490860,-0.04046632927593079,0.006709051416285825,0.04700242371074327,2,-1
1697,track_1353359,artist_490860,-0.016226971458971878,0.0035211201202292996,0.005699207013387773,2,-1
1698,track_1353365,artist_490860,-0.03109443301912432,-0.004551775767970095,0.04254500145651885,2,-1
1699,track_1353373,artist_490860,-0.04256221368863101,0.0038652469825831617,0.050173481143001034,2,-1
1700,track_1353459,artist_490314,0.0205907097439571,-0.010016086074048794,0.02061210843425653,1,1
1701,track_1353542,artist_490314,0.016187993720618094,0.008805563568924618,0.0245075233497833,1,1
1702,track_1353557,artist_490314,0.00034520193192585344,-0.0031815870966756927,0.01234845221017574,1,1
1703,track_1353559,artist_490314,0.000175563778477723,-0.0030599299112426576,0.01188438400196531,1,1
1704,track_1353765,artist_490314,-0.006985388507633096,0.013374127077940239,0.017387333214342927,2,-1
1705,track_1353779,artist_490314,0.0006896557684355722,0.015303382760993297,0.0005612258001657977,1,1
1706,track_1354113,artist_485239,-0.009055343672686398,-0.016822745165977416,-0.018635368648179197,2,-1
1707,track_1354126,artist_490945,0.011487125053468593,-0.0393497839706199,-0.0069552974827262705,1,1
1708,track_1354142,artist_490314,-0.02071030688658186,-0.012406300461880253,0.00402780996553135,2,-1
1709,track_1354150,artist_490314,-0.011636216050785839,-0.029553613544640298,0.002445853515992972,2,-1
1710,track_1354273,artist_462377,-0.023794295875994926,0.008939082714821115,0.009203837887024814,2,-1
1711,track_1354442,artist_490314,-0.01808694167625621,-0.024865573633424017,-0.0005664603300514207,2,-1
1712,track_1354579,artist_490314,0.0028044384335975583,-0.019857872880506493,-0.0048407121846474705,1,1
1713,track_1354590,artist_490314,-0.0023683417860690093,0.016022492609026866,0.0009405895114463518,2,-1
1714,track_1354954,artist_485239,0.00794719860322812,-0.028053571284742482,-0.023351535138883217,1,1
1715,track_1354957,artist_485239,0.0036391294607816347,0.017080775831801728,-0.0022493297384186075,1,1
1716,track_1354959,artist_485239,0.0013308171820197539,0.007201307377915053,-0.0005816557890757246,1,1
1717,track_1355050,artist_358739,-0.0013054587704540881,0.028191042912557304,-0.03198587695265807,2,-1
1718,track_1355265,artist_488990,-0.02808190751422344,-0.004057643229411756,0.01195441872431672,2,-1
1719,track_1355273,artist_488990,-0.015004139992088487,-0.03717860294654887,-0.007705013398462754,2,-1
1720,track_1355557,artist_484797,-0.004960067644274179,0.018985978070083773,-0.013534532076530825,2,-1
1721,track_1355559,artist_484797,-0.0077276434892105455,0.026203794058182253,-0.028144770767481266,2,-1
1722,track_1356313,artist_467034,0.005066364958693533,0.03469794710171103,-0.04060168408322049,1,1
1723,track_1357550,artist_003944,0.008455045311976052,-0.014225060885980741,-0.008600662885847828,1,1
1724,track_1357557,artist_491348,-0.010173376398938212,-0.022804656118481256,-0.03474200587990381,2,-1
1725,track_1358038,artist_364032,0.015744221084430365,-0.012365871970883149,0.021128241519329686,1,1
1726,track_1359338,artist_477775,-0.006434969124655437,0.016783631933029692,-0.029177679343032913,2,-1
1727,track_1359342,artist_477775,-0.010719749255596671,0.015175356237830576,-0.01811960234085788,2,-1
1728,track_1359954,artist_348759,0.000513584090420452,-0.03593831410315575,-0.03274467837900646,1,1
1729,track_1359959,artist_348759,0.020752877665199544,0.009620476797362679,0.0040958213346359105,1,1
1730,track_1360554,artist_483163,-0.022301255215700404,-0.00950607072044385,0.007457544910587237,2,-1
1731,track_1360557,artist_483163,-0.012893290652034841,-0.018724655079597682,-0.009583887478247424,2,-1
1732,track_1360559,artist_483163,-0.01742427960417141,0.016955524108122635,0.01685470273812055,2,-1
1733,track_1361379,artist_480599,0.025827298191655853,0.0029336594377208053,0.01857757780882745,1,1
1734,track_1361538,artist_441650,-0.042806104525881766,0.01843758601735396,0.05009659627152941,2,-1
1735,track_1362213,artist_465078,-0.011722817390778338,0.010506635669765112,-0.007336906891515607,2,-1
1736,track_1363650,artist_448664,0.006143795471500887,0.020388447987084533,-0.043562560855941554,1,1
1737,track_1364457,artist_474866,-0.017353463653167485,-0.0032816467971840085,0.013345868820533615,2,-1
1738,track_1364465,artist_474866,-0.012714488968444078,-0.004169102103532525,0.008197508532000483,2,-1
1739,track_1365050,artist_492122,0.0017485951719064465,-0.024935341953407183,-0.03234942168891967,1,1
1740,track_1365054,artist_492122,0.009935949327807354,-0.01837404554205559,-0.0172061386273662,1,1
1741,track_1365079,artist_492122,0.011441671218299872,-0.0021669959244011035,-0.003809076617198283,1,1
1742,track_1365126,artist_461766,-0.0003920814028217846,0.04528321600318948,-0.033068189588950164,2,-1
1743,track_1365365,artist_339778,-0.004414518713394334,-0.004167804477740439,-0.017773133139728628,2,-1
1744,track_1366142,artist_492259,0.010534549795550501,0.03440593515121501,0.001952558144263563,1,1
1745,track_1366150,artist_492259,-0.013067183983053723,0.006355301719812637,0.026968408573431808,2,-1
1746,track_1366154,artist_492259,-0.008570517282962566,-0.032023944116615334,-0.0002107318876224155,2,-1
1747,track_1366157,artist_492259,-0.011065261702875447,-0.030624450766746816,0.005410301625997212,2,-1
1748,track_1366173,artist_492259,-0.01545661310997011,-0.008230108841959585,0.01915360376828528,2,-1
1749,track_1366342,artist_492255,0.007057724885573882,0.03295879937140115,-0.042832491476727914,1,1
1750,track_1367173,artist_002208,-0.027567490885666814,0.009710855542699804,0.013297585230156301,2,-1
1751,track_1368942,artist_480599,0.017716879764181053,0.0014618664600310662,0.026308034165543327,1,1
1752,track_1368954,artist_480599,0.02711029500709664,0.018587589494012884,0.02297235951317602,1,1
1753,track_1368979,artist_489561,0.031392300533500464,0.02161799334214933,0.01936974309242086,1,1
1754,track_1369350,artist_456650,-9.055846880641815e-05,0.02618629869379022,-0.048484510808678494,2,-1
1755,track_1370142,artist_427606,0.03619857731178061,0.029121273055903094,0.02959368219194064,1,1
1756,track_1370350,artist_490028,-0.024819554073352457,-3.0018623883308435e-05,0.030979353439959906,2,-1
1757,track_1370354,artist_490028,-0.0011529916683685867,0.007884407741721782,-0.0273938958061608,2,-1
1758,track_1370357,artist_490028,-0.02784188418154149,0.010857661598529357,0.02181956629645537,2,-1
1759,track_1370379,artist_490028,0.03907404579214579,0.02324865184308568,0.04027838166982044,1,1
1760,track_1370390,artist_490028,-0.0035936549192466588,-0.0179123170534256,-0.010712350158137046,2,-1
1761,track_1370473,artist_003944,0.041570221494034734,-0.026019441790281064,0.007005229292545848,1,1
1762,track_1370479,artist_003944,0.020940845024365832,-0.003260603678747712,-0.005843826315230292,1,1
1763,track_1370673,artist_477499,0.0030026836362485854,-0.0018751650846557462,0.00020880963054980664,1,1
1764,track_1370842,artist_488716,-0.02057019025472851,-0.039363750637605416,-0.03926951606948966,2,-1
1765,track_1371054,artist_492818,0.021248277548813147,0.030686483298413413,0.0034383115270604247,1,1
1766,track_1371057,artist_492818,0.032369208322916336,-0.02259462740029405,0.024306224700878176,1,1
1767,track_1371513,artist_458008,0.005303510079363023,0.05379537436767901,-0.030565458297035133,1,1
1768,track_1371779,artist_351898,-0.009229712464430103,0.01348237451479913,-0.007947520138108904,2,-1
1769,track_1371813,artist_362501,-0.037941187684272126,0.01243738389701051,0.0483614681694832,2,-1
1770,track_1372065,artist_492919,-0.019116909615836286,0.051110452321889564,-0.006481145118208471,2,-1
1771,track_1372079,artist_492919,0.0019620829240336378,0.0004651157414069747,0.007407037628418674,1,1
1772,track_1372190,artist_492925,-0.018408415977450344,-0.02492874563161677,0.004263646437879184,2,-1
1773,track_1372265,artist_428449,0.012351740119051371,-0.02205967818830951,-0.017630342525282398,1,1
1774,track_1372873,artist_492989,0.006220871078144046,-0.016044586836345357,-0.00027634781999209086,1,1
1775,track_1373042,artist_441585,-0.03659599817708297,0.00044806562016264383,0.036907741958034375,2,-1
1776,track_1373254,artist_451073,-0.0026795561512857136,0.007411244068688005,0.008084254002610746,2,-1
1777,track_1373257,artist_451073,-0.005168496763053775,-0.021046539742667375,0.0011765107567598882,2,-1
1778,track_1373259,artist_451073,0.009673969394868078,0.004555717367920924,0.016436114756236637,1,1
1779,track_1373265,artist_451073,-0.02933336321673171,0.007037121283083099,0.017927308267360283,2,-1
1780,track_1375490,artist_486064,-0.01705266736325881,-0.024367917423377038,-0.01398394264744341,2,-1
1781,track_1376257,artist_490499,-0.01575359388153658,0.0013474740635010007,-0.004273795514244313,2,-1
1782,track_1376259,artist_490499,-0.02895776902048099,-0.017093700076020412,-0.005956253187077658,2,-1
1783,track_1376457,artist_480890,-0.014275028090101519,0.018511539405069083,-0.012542269297999911,2,-1
1784,track_1376550,artist_000560,-0.002684746401400451,-0.026338205889737523,-0.02928616708787824,2,-1
1785,track_1376554,artist_000560,0.013550552672962547,0.041423594614618135,-0.019932641520623236,1,1
1786,track_1376557,artist_000560,0.020448665673867435,0.021607795428679515,-0.01307497309871603,1,1
1787,track_1376559,artist_000560,0.012223193876256614,-0.019050037636870853,-0.013810171380726367,1,1
1788,track_1378690,artist_486550,-0.00996471253246006,-0.021704882901133985,-0.023781456735704535,2,-1
1789,track_1379179,artist_471813,-0.0026492679823846817,0.025235609980890198,-0.03180551380646677,2,-1
1790,track_1379190,artist_489561,-0.033809061234469334,0.007597105966808676,0.043053419699957976,2,-1
1791,track_1379226,artist_473030,-0.035418255563643704,0.006048283234769022,0.044247010047716535,2,-1
1792,track_1380979,artist_475732,-0.04561990510796334,0.02975688350590866,0.04178769599921709,2,-1
1793,track_1381079,artist_433608,-0.018201605365246454,0.025233460511376756,-0.026844026799898175,2,-1
1794,track_1381254,artist_375104,-0.007363374019536452,0.020860313968106125,-0.006579697154444513,2,-1
1795,track_1381313,artist_489220,-0.009197828491000261,-0.011984994072221403,-0.026138811818517356,2,-1
1796,track_1381342,artist_367651,-0.0015083264229055562,-0.0018199424478492461,-0.03489831292555811,2,-1
1797,track_1381526,artist_486550,-0.004089608719964248,-0.01763352893353378,-0.012833958642874779,2,-1
1798,track_1381550,artist_486550,-0.02591352376433431,-0.022353609112605123,0.01341786737602638,2,-1
1799,track_1381590,artist_347867,0.02575238042273192,0.03861883657346343,0.0148161552548162,1,1
1800,track_1381650,artist_493718,0.0016300352585569009,-0.0007304911811288928,0.004332323431576286,1,1
1801,track_1382265,artist_489561,0.004391846141839994,0.029315192300778017,-0.02393283776736322,1,1
1802,track_1383638,artist_483387,-0.0004446379844987679,-0.0014059885212297993,-0.00101475047292633,2,-1
1803,track_1383742,artist_493908,-0.01092245061341336,0.001552858061348859,0.02016924353325888,2,-1
1804,track_1383926,artist_477775,-0.03729099296172879,0.016024966514763664,0.04003393192008732,2,-1
1805,track_1383957,artist_430126,-0.005892519534505512,-0.010487074231883914,0.007425084911247482,2,-1
1806,track_1384026,artist_489627,-0.01827464077355254,0.005535710643630573,0.018197511881965167,2,-1
1807,track_1384554,artist_494034,-3.942527733980664e-05,0.046356988870663245,-0.010632936085454837,2,-1
1808,track_1384557,artist_494034,-0.007204828192205059,-0.02851924460806926,0.0031628503878948946,2,-1
1809,track_1384559,artist_494034,-0.0012503434242839857,-0.003603937702255945,-0.010026969852988248,2,-1
1810,track_1384690,artist_493899,-0.051713181487171134,0.001217740010012204,0.062330844787545636,2,-1
1811,track_1384754,artist_482706,-0.0338405069651543,0.004187001457019559,0.03701694387897321,2,-1
1812,track_1385554,artist_430396,-0.001358643413011102,-0.01670111525065259,-0.01072019271592675,2,-1
1813,track_1385557,artist_430396,-0.008411023938637366,-0.01021888821540694,-0.032700305242238034,2,-1
1814,track_1385579,artist_430396,0.011221788948018731,0.03999248467391259,-0.020363155919606867,1,1
1815,track_1386438,artist_494174,0.02133801012476191,0.03456693553113358,0.00628428227509775,1,1
1816,track_1386750,artist_456894,-0.014833386072246973,-0.024046124230559053,-0.030612064501766997,2,-1
1817,track_1387059,artist_492062,0.016541592286606205,0.009606139418878598,0.001963149149706036,1,1
1818,track_1387073,artist_492062,0.02991893611011709,-0.007024348658566019,0.013416627594732661,1,1
1819,track_1387373,artist_477775,0.004174150420824582,-0.027036611687796645,-0.04125690090742581,1,1
1820,track_1387379,artist_477775,-0.020228565802575857,0.012912382429820634,0.0027803765377107806,2,-1
1821,track_1387457,artist_487711,-0.017092525713947614,0.0038119582167254885,0.0023215882418415206,2,-1
1822,track_1387459,artist_487711,-0.014361966507755652,0.016743172965431655,-0.0011251015935372598,2,-1
1823,track_1387550,artist_466600,0.02988244382936634,-0.0073448341537104365,0.010315787550347498,1,1
1824,track_1387750,artist_347867,-0.004904279938326573,-0.014408727626413058,-0.03791316208022286,2,-1
1825,track_1387926,artist_494324,0.03374841343041399,0.022049618973574797,0.03622602827773877,1,1
1826,track_1388273,artist_438910,0.025251203011357828,0.008510068261653651,0.022617903846582115,1,1
1827,track_1388279,artist_438910,0.03593985976601691,-0.006370105231364299,0.02444875922870633,1,1
1828,track_1388813,artist_007805,-0.005616042163096744,-0.010891108905761325,0.0004219329231607976,2,-1
1829,track_1388859,artist_007805,0.030288248001478196,-0.02214755869183728,0.002572779036713511,1,1
1830,track_1388865,artist_007805,0.016893251919195378,0.0291051071208621,-0.021411408955529433,1,1
1831,track_1388879,artist_007805,0.010192911311526625,0.006287505514877347,-0.0309558537812971,1,1
1832,track_1389150,artist_466600,0.010280931440676582,-0.01719839354303085,-0.03391738581438635,1,1
1833,track_1389159,artist_462377,-0.006822242376855658,0.011156094616448883,-0.025472640478572388,2,-1
1834,track_1389190,artist_347673,0.02636175732871984,-0.0022712089754619138,0.000743739017181077,1,1
1835,track_1389413,artist_438910,0.027017125232887004,-0.012609610750574797,-4.9088110256897635e-05,1,1
1836,track_1389457,artist_361044,0.022805961278645388,-0.0011646279882224014,0.0024170819559010794,1,1
1837,track_1389459,artist_361044,0.019608611552586665,0.0018349173215870028,-0.0027663987924972052,1,1
1838,track_1389857,artist_347867,0.026844345310055664,0.026709561645912337,0.014706510562362758,1,1
1839,track_1390338,artist_347867,0.0045251885061793305,-0.008218659138365308,-0.02299742754549553,1,1
1840,track_1390454,artist_349335,-0.021537611399175625,-0.016786513877322395,0.014086729401575971,2,-1
1841,track_1390465,artist_349335,0.021789659138408194,0.00901850298334848,0.0006297098117542635,1,1
1842,track_1390673,artist_438910,-0.00019133473053921005,0.011407742640797577,0.005836182161155206,2,-1
1843,track_1391226,artist_490028,-0.006595090794890594,0.0120738270237317,-0.016681483660044127,2,-1
1844,track_1391238,artist_490028,0.03145749110136959,-0.01663383205472623,0.030534417805067975,1,1
1845,track_1391254,artist_355756,0.024685721319950938,-0.000536742208154432,0.026626774482409448,1,1
1846,track_1391259,artist_355756,0.02699777286893712,-0.010506601376531862,0.02310180946793854,1,1
1847,track_1391265,artist_355756,0.03785665228102666,-0.0029132784750713426,0.034026080849712446,1,1
1848,track_1391338,artist_486550,0.019338452547090393,-0.007432549882067877,0.018609174487268898,1,1
1849,track_1391342,artist_486550,0.010424829042149262,0.01848948988350123,0.0066211808412126915,1,1
1850,track_1392190,artist_433117,-0.02004366244265564,-0.0019942241995971424,0.008602395040169023,2,-1
1851,track_1392690,artist_355756,0.02197417737319207,-0.013254876572332474,0.011706125464933104,1,1
1852,track_1392850,artist_355756,0.02608461333676855,-0.0031371903935651906,0.011830410887176634,1,1
1853,track_1392854,artist_355756,0.01556832798927661,-0.006170514685375091,-0.0017763775165595944,1,1
1854,track_1393142,artist_456894,0.038844741394685973,0.019663616726220013,0.011020550310521791,1,1
1855,track_1393190,artist_483387,-0.021272705664301554,0.00966233408088171,0.012234559008743403,2,-1
1856,track_1393213,artist_483387,0.012125319715319244,-0.018133355340439406,-0.019508614682715673,1,1
1857,track_1393342,artist_355756,-0.008610642073592247,0.0011489378697174147,0.014825376586212665,2,-1
1858,track_1393426,artist_355756,-0.007898249878565645,0.02346206343107157,-0.02058662812522396,2,-1
1859,track_1393526,artist_375104,-0.010319115195882899,-0.03138240221948836,-0.0207613290641486,2,-1
1860,track_1394326,artist_486606,0.017475462638156778,0.023558454576697346,-0.0033211939434029626,1,1
1861,track_1394790,artist_491763,-0.002116834510969187,0.03455469004961793,-0.032005910880142076,2,-1
1862,track_1395042,artist_464476,0.02733366590003368,-0.003048163406984924,0.01589955205723776,1,1
1863,track_1395059,artist_442600,-0.023121063578423917,-0.0027700125997431255,0.034613134652643755,2,-1
1864,track_1395613,artist_337741,0.008626660984637107,0.043287675730864845,-0.004425951260068304,1,1
1865,track_1396090,artist_439289,-0.004761361155769139,-0.01166505848527563,-0.03336083275560159,2,-1
1866,track_1396257,artist_491533,-0.03457955880203715,0.011277180907081333,0.02382093326852089,2,-1
1867,track_1396473,artist_480605,-0.006722740138789082,0.0063925039569838514,0.0014985435689783707,2,-1
1868,track_1396673,artist_495239,-0.004872031950763645,0.04070705407774592,-0.014295014349730014,2,-1
1869,track_1396690,artist_462377,-0.0065850752777646595,-0.0152271987693072,-0.01631937884180474,2,-1
1870,track_1396990,artist_002444,-0.009122321171171066,-0.0033918193780250847,-0.005439141989329859,2,-1
1871,track_1397142,artist_439371,0.005634631865737698,-0.0040316129741321555,-0.03351086730658153,1,1
1872,track_1397150,artist_439371,0.0018032620513646755,0.04960099960641698,-0.03057923222645251,1,1
1873,track_1397165,artist_495287,-0.0015792803618349157,-0.031403947891060185,-0.0026234276978766456,2,-1
1874,track_1397365,artist_444361,0.01944673477820453,0.01149755522502076,0.020546842016217187,1,1
1875,track_1397742,artist_439371,-0.003329358520575993,-0.028826467467409456,-0.038600518350568574,2,-1
1876,track_1397854,artist_439371,-0.02935096903041085,-0.0012959963673102397,0.012881021901933493,2,-1
1877,track_1397859,artist_439371,-0.021587203538453836,-0.0031681801704325457,0.007649902486890653,2,-1
1878,track_1398150,artist_439371,0.0034431474870310623,0.039724482473766566,-0.013978935176548565,1,1
1879,track_1398154,artist_439371,0.006860556584985988,0.040278862755473585,-0.01101115498890493,1,1
1880,track_1399013,artist_495449,0.0410113560266941,-0.03705458438484801,-0.009512182999386939,1,1
1881,track_1399290,artist_423996,0.020986318012753854,-0.015190850809485462,-0.0037960862290857714,1,1
1882,track_1399473,artist_419438,0.009297620802245117,-0.011901554134348388,0.002289081933055197,1,1
1883,track_1399526,artist_363557,-0.002611763039406028,0.009274243527215393,-0.008374109629455893,2,-1
1884,track_1399542,artist_363557,-0.0038710844827888444,0.00996644176901821,-0.01351095041874402,2,-1
1885,track_1399626,artist_004116,-0.03475194478414637,-0.027020864809070934,-0.0010945024835175832,2,-1
1886,track_1399654,artist_004116,0.028618037173855464,-0.0037702776899984493,0.013508513121105094,1,1
1887,track_1399790,artist_483253,0.05156649162799535,-0.02479377122838434,0.035685610063767116,1,1
1888,track_1399850,artist_495287,0.03831142502010384,0.03353615493000632,0.033367785494974045,1,1
1889,track_1400065,artist_416786,-0.010757784099103837,-0.004347668173652027,0.01760709490026231,2,-1
1890,track_1400150,artist_471813,-0.0009706080900803891,0.02001804396500752,0.007645821322587317,2,-1
1891,track_1400154,artist_471813,0.006252940903150218,0.04181810406497285,-0.0023685072950534155,1,1
1892,track_1400157,artist_471813,-0.0013318015615437781,-0.03613800780766046,-0.039620049113263396,2,-1
1893,track_1400913,artist_495449,0.020171532498453888,-0.025711004837937857,-0.020887527289159658,1,1
1894,track_1401013,artist_495620,0.0062775775773735954,-0.007490712055219949,-0.0014391207389612048,1,1
1895,track_1401538,artist_466600,0.04285831604532042,-0.0015359683535047534,0.025650023675365147,1,1
1896,track_1401590,artist_375104,-0.010658931962741345,-0.0005098441027119726,-0.010484885893385712,2,-1
1897,track_1402090,artist_495484,-0.009232672884215034,-0.0037702140503439096,0.008479325614835217,2,-1
1898,track_1402273,artist_341912,0.009555634502410227,-0.019832329557598703,0.004749566344427484,1,1
1899,track_1402454,artist_341912,-0.0080640861259294,-0.03547884241435423,-0.027346236095930856,2,-1
1900,track_1402459,artist_341912,-0.015907992011007958,-0.025766944444251955,-0.01065126674548682,2,-1
1901,track_1402650,artist_432273,0.003469218580356798,-0.00030091806728263493,-0.002314619765580037,1,1
1902,track_1402654,artist_432273,0.016425895327146986,0.026296425679916264,0.0033457839839099355,1,1
1903,track_1402657,artist_432273,0.007934066809333208,-0.0011110988806498977,-0.012198054489998621,1,1
1904,track_1402857,artist_489133,-0.011670518045909285,0.015434632411442896,0.00809427930689159,2,-1
1905,track_1402926,artist_355756,-0.006767242739873668,-0.0023758194531268207,0.008977036514993004,2,-1
1906,track_1403238,artist_430269,0.01113567995707034,0.0271606868749483,-0.0157135901398187,1,1
1907,track_1403257,artist_003944,-0.017131911424666732,0.027758731359702554,0.008192753491003934,2,-1
1908,track_1403854,artist_493357,0.03143913870863231,-0.018406364591784553,0.013313174045762408,1,1
1909,track_1403965,artist_001336,-0.01770144853944867,0.014262435689795681,0.0030850690071397794,2,-1
1910,track_1403973,artist_001336,-0.026047652842123733,0.009757933944933243,0.02264617817383564,2,-1
1911,track_1404954,artist_495923,-0.02374720450900942,-0.023966160078021038,0.009445630223163378,2,-1
1912,track_1404957,artist_495923,0.02263305806472178,-0.020880091750799367,-0.0006408375455680007,1,1
1913,track_1405013,artist_430269,-0.027941043251388867,0.018998390737415286,0.018460927064001924,2,-1
1914,track_1405073,artist_495804,-0.02141221514829261,-0.021419551203938274,-0.004662988077215628,2,-1
1915,track_1405357,artist_460992,-0.0077593719079512916,0.011494482786653304,-0.004265524020316368,2,-1
1916,track_1405365,artist_460992,0.015197505975029075,0.04420241183695898,-0.0023874668704967792,1,1
1917,track_1405473,artist_495484,-0.009764005644562219,-0.016523531176887922,-0.021630175230082094,2,-1
1918,track_1406054,artist_483960,-0.02009499736283639,-0.015435523631128358,-0.006085278563208456,2,-1
1919,track_1406057,artist_483960,-0.02399477320261002,-0.012017064327882881,0.002222149880195553,2,-1
1920,track_1406565,artist_496074,-0.006072739728032004,-0.03365529341182901,-0.028873129906698453,2,-1
1921,track_1406573,artist_496074,0.004256608532703313,0.044307546522966736,-0.008724110677289246,1,1
1922,track_1406579,artist_496074,-0.008511598371078493,-0.01644715162607093,-0.008864940330478818,2,-1
1923,track_1407550,artist_469116,0.025704455191073103,0.02024324604794354,0.008635447817167336,1,1
1924,track_1407654,artist_469116,-0.020251643202454324,0.009584876604270463,-0.0038596735286830445,2,-1
1925,track_1407657,artist_469116,-0.00703222907589568,0.004055854913722672,-0.027247550518901986,2,-1
1926,track_1407659,artist_469116,0.0017974788496370132,0.00693231242232596,-0.024326758239753374,1,1
1927,track_1407838,artist_438603,-0.009052230817695111,0.0042217230162061746,-0.0347233049736543,2,-1
1928,track_1408979,artist_486550,-0.02165318045192412,-7.364982971695505e-05,0.019183920477881887,2,-1
1929,track_1409342,artist_439371,-0.030798890591102218,-0.004194692083591319,-0.004926495027458259,2,-1
1930,track_1409390,artist_362636,-0.02163931513610631,0.0049512397157143295,0.004341067999197963,2,-1
1931,track_1410638,artist_357291,0.031258556387758825,0.014343646749172035,0.008138879434971836,1,1
1932,track_1410642,artist_357291,0.026585366143351927,0.0009648965635603416,0.004515151031631931,1,1
1933,track_1413465,artist_340225,-0.0031378337841805513,0.0059738794273676765,-0.008080366646908779,2,-1
1934,track_1413879,artist_352097,-0.014461292837182428,0.006847889226950676,0.016014360250007457,2,-1
1935,track_1413890,artist_352097,-0.017403233260802807,-0.00047873827686583525,0.02718048932048034,2,-1
1936,track_1413959,artist_496314,-0.015886541679925797,-0.02616513541591804,-0.02310752822186151,2,-1
1937,track_1414673,artist_004163,-0.005132961634878975,0.0022941817625961964,-0.01910054935338919,2,-1
1938,track_1414765,artist_488457,-0.006388657596695369,-0.02631221448603516,-0.026896390490222938,2,-1
1939,track_1415338,artist_492266,0.013428454301201107,0.012045405623919257,0.01811612720397426,1,1
1940,track_1415342,artist_492266,0.015876918847034373,-0.00022813047029738244,0.006049278169554973,1,1
1941,track_1415550,artist_495804,-0.013640695436150537,-0.005373158363353566,-0.01333233694653026,2,-1
1942,track_1415573,artist_495804,-0.0096917151189705,-0.003993212616762007,-0.017914737485338273,2,-1
1943,track_1415750,artist_003944,0.022034803286807205,-0.00762339753529683,0.008510860509520182,1,1
1944,track_1415990,artist_000560,-0.028746108819085434,0.011369536143672298,0.026480388113325506,2,-1
1945,track_1416042,artist_496605,-0.004779712775559841,0.012521246020653512,-0.02278819234659391,2,-1
1946,track_1416142,artist_486550,0.0053414860410036,-0.024150216313447114,-0.026515504516295238,1,1
1947,track_1416190,artist_004116,-0.017576924413540654,-0.01747266135569454,-0.010796550190434535,2,-1
1948,track_1416890,artist_003944,0.028888273069179588,0.024434375858590235,0.028319210736574993,1,1
1949,track_1417338,artist_482355,0.02765189935838762,-0.025568450969002628,0.0170416519114935,1,1
1950,track_1417350,artist_482355,0.013984670837506154,-0.0456584619822641,-0.0001705021109486623,1,1
1951,track_1418765,artist_496074,-0.009808885212610727,-0.013992118243936409,-0.020572546030008448,2,-1
1952,track_1418979,artist_496314,-0.03840789859690701,0.01871405322580404,0.03930960949552577,2,-1
1953,track_1419226,artist_489745,0.011353575396630072,0.003785693960229554,-0.007789917065954566,1,1
1954,track_1419279,artist_343154,-0.010537998628541672,-0.017244210164259925,0.00019067274608968322,2,-1
1955,track_1419465,artist_457524,-0.01556891008857981,0.0138920063914052,-0.009631147065077101,2,-1
1956,track_1419626,artist_351588,0.010493241472754572,-0.010689010575486884,-0.006149715541459381,1,1
1957,track_1419650,artist_496074,-0.007255489953883036,-0.03109198856172014,-0.0166243369534972,2,-1
1958,track_1419657,artist_454118,0.0038977577918279283,0.04078900142952496,-0.028631477925036168,1,1
1959,track_1419659,artist_454118,0.0022368747034969493,0.034109719959440926,-0.010181202149619047,1,1
1960,track_1419665,artist_496314,0.0014690777924950297,-0.03224102739504689,-0.024561174408715986,1,1
1961,track_1419790,artist_497141,0.012718864599982676,0.03711767608225285,-0.010493499161244757,1,1
1962,track_1420242,artist_352232,-0.015654984682264686,-0.002275159737702913,0.009619373753138219,2,-1
1963,track_1420413,artist_497198,-0.04835319397237117,0.021253785941842813,0.043513194410524626,2,-1
1964,track_1420426,artist_497198,-0.054481814902256655,0.008828636849681057,0.06753485462419795,2,-1
1965,track_1420438,artist_497198,-0.03891923821897373,0.006429614206981088,0.01964296154473039,2,-1
1966,track_1420442,artist_497198,-0.045226596009369145,0.012643930276525283,0.04267602404754338,2,-1
1967,track_1420450,artist_490851,-0.03597778940796848,-0.021764304503334015,0.03232375606067512,2,-1
1968,track_1420454,artist_490851,-0.01782444783884967,-0.017012852697478008,0.008874887629309075,2,-1
1969,track_1420457,artist_490851,-0.03395800546092156,-0.025831878465418734,0.014250200317323797,2,-1
1970,track_1420459,artist_490851,-0.00934743662416512,-0.024111875735545543,0.007621002239519957,2,-1
1971,track_1420465,artist_490851,-0.03511124703491354,-0.015024281584452065,0.035727992501707696,2,-1
1972,track_1420473,artist_497198,-0.049975235121783625,-0.0011513352481319805,0.052737328596452214,2,-1
1973,track_1420479,artist_497198,-0.04260410606808191,0.005268083956669168,0.05901329893492438,2,-1
1974,track_1420513,artist_497200,-0.05454498864948526,0.004208690028731008,0.053101947450705976,2,-1
1975,track_1420526,artist_497201,-0.03745329708200769,0.0077071291875443985,0.022920449479027223,2,-1
1976,track_1420538,artist_497202,-0.0264363408273503,-0.010241034178913557,0.0257788721301196,2,-1
1977,track_1420542,artist_497202,-0.02575438229850828,-0.01583370860264844,0.00854559293761237,2,-1
1978,track_1420550,artist_497202,-0.028307295073617462,-0.018372974164165435,0.00015143860804435222,2,-1
1979,track_1420554,artist_497202,-0.024976917333558793,-0.02226876149057507,-0.017207675660803983,2,-1
1980,track_1420557,artist_497202,-0.026400015961503442,-0.03097599330002911,0.002509003010500824,2,-1
1981,track_1420559,artist_497202,-0.016082289750724996,-0.017756100890752313,-0.010893429236330921,2,-1
1982,track_1420565,artist_497202,-0.02739620677932643,-0.014117049018541819,0.007014342901692396,2,-1
1983,track_1420573,artist_497202,-0.04515018359496976,-0.020564405920131278,0.0312630982707383,2,-1
1984,track_1420626,artist_497203,-0.03740408440833528,-0.03242201939070279,0.010251371223040272,2,-1
1985,track_1420638,artist_480599,0.03187787105746995,-0.012037020211674763,0.03222967375974347,1,1
1986,track_1420642,artist_480599,0.011694152882254446,-0.021296511150215996,-0.0007146419623009646,1,1
1987,track_1420650,artist_480599,0.01977256490308245,-0.014891387034025727,-0.002234109482308344,1,1
1988,track_1420654,artist_480599,0.03510620169077284,-0.009904497938361578,0.018659934793574497,1,1
1989,track_1420657,artist_497203,-0.025159296666966542,-0.023395431882536556,5.730380868875573e-05,2,-1
1990,track_1420665,artist_490858,-0.047953018805797575,0.010445280536158704,0.04087375652482483,2,-1
1991,track_1420673,artist_490858,-0.04479445670246727,0.004821943979408132,0.05275623330724383,2,-1
1992,track_1420679,artist_490858,-0.040939954561484616,0.0023710251638699334,0.04038821802574827,2,-1
1993,track_1420690,artist_490858,-0.04470427774092668,0.004983255108532701,0.054131875614741254,2,-1
1994,track_1420850,artist_496074,0.006757559291799749,-0.008047080505933285,-0.0334947071050109,1,1
1995,track_1421165,artist_003573,-0.01961135157867797,0.0006943062105275429,0.003581614407851394,2,-1
1996,track_1421350,artist_466600,0.015537911994784855,0.027526473820827707,-0.019698626731365746,1,1
1997,track_1422054,artist_496314,-0.004572950867622813,-0.031050208889566104,-0.03769731865464891,2,-1
1998,track_1422057,artist_496314,0.012627732342240036,-0.03002047607893899,-0.017642337454359978,1,1
1999,track_1422059,artist_496314,0.0030557796278093802,-0.03638992094190817,-0.028878639734828886,1,1
